elevation_m,broad_age_group,population_count
-412,old_age_65_plus,0.3683963432
-412,working_age_15_64,5.3346110177
-412,young_0_14,2.5376548138
-411,old_age_65_plus,8.4530156574
-411,working_age_15_64,126.2355348117
-411,young_0_14,61.6338406418
-410,old_age_65_plus,2.8683227299
-410,working_age_15_64,42.6054718853
-410,young_0_14,19.7225407513
-409,old_age_65_plus,0.4762884225
-409,working_age_15_64,7.1408382366
-409,young_0_14,3.3464958519
-408,old_age_65_plus,0.3323046553
-408,working_age_15_64,4.9953699484
-408,young_0_14,2.3375673369
-407,old_age_65_plus,10.2590525188
-407,working_age_15_64,148.6909601688
-407,young_0_14,69.8886580467
-406,old_age_65_plus,0.0780115952
-406,working_age_15_64,1.1448894385
-406,young_0_14,0.5230849236
-405,old_age_65_plus,0.2949144423
-405,working_age_15_64,5.1159737539
-405,young_0_14,3.2367107160
-404,old_age_65_plus,21.5354847244
-404,working_age_15_64,325.7558522895
-404,young_0_14,169.0606992915
-403,old_age_65_plus,0.4861945283
-403,working_age_15_64,7.4810358780
-403,young_0_14,3.7135227770
-402,old_age_65_plus,1.1515498063
-402,working_age_15_64,17.7551616468
-402,young_0_14,9.3075650819
-401,old_age_65_plus,0.0813566742
-401,working_age_15_64,1.6979164817
-401,young_0_14,1.3805945478
-400,old_age_65_plus,3.2940904185
-400,working_age_15_64,50.1992196578
-400,young_0_14,24.3957471550
-399,old_age_65_plus,8.7960493379
-399,working_age_15_64,125.7131819325
-399,young_0_14,61.1639867052
-398,old_age_65_plus,0.2206852959
-398,working_age_15_64,3.1677206978
-398,young_0_14,1.5214380845
-397,old_age_65_plus,1.9910303764
-397,working_age_15_64,28.7410672780
-397,young_0_14,13.8434691941
-396,old_age_65_plus,30.9835699806
-396,working_age_15_64,457.3779931948
-396,young_0_14,216.2563914263
-395,old_age_65_plus,4.8574694031
-395,working_age_15_64,70.0272384113
-395,young_0_14,33.4225226580
-394,old_age_65_plus,1.4888165437
-394,working_age_15_64,25.0536151207
-394,young_0_14,15.8307464947
-393,old_age_65_plus,4.3153234544
-393,working_age_15_64,61.7087409143
-393,young_0_14,29.9023263357
-392,old_age_65_plus,4.5921000715
-392,working_age_15_64,65.9603435315
-392,young_0_14,31.7278725640
-391,old_age_65_plus,80.8515115725
-391,working_age_15_64,1181.8153884504
-391,young_0_14,545.1496960123
-390,old_age_65_plus,9.9523002997
-390,working_age_15_64,144.7115449607
-390,young_0_14,72.7926208675
-389,old_age_65_plus,10.6834640587
-389,working_age_15_64,154.9501564987
-389,young_0_14,76.1256724298
-388,old_age_65_plus,8.4426129698
-388,working_age_15_64,126.4255343573
-388,young_0_14,66.1842714506
-387,old_age_65_plus,5.9004850065
-387,working_age_15_64,84.1072667345
-387,young_0_14,40.6063359870
-386,old_age_65_plus,25.3767545687
-386,working_age_15_64,376.4820540521
-386,young_0_14,182.3856196656
-385,old_age_65_plus,8.6566479188
-385,working_age_15_64,125.3449377327
-385,young_0_14,60.7428830953
-384,old_age_65_plus,26.2784973401
-384,working_age_15_64,378.0779639408
-384,young_0_14,182.1567201498
-383,old_age_65_plus,26.4191470234
-383,working_age_15_64,380.7942285820
-383,young_0_14,185.6764372892
-382,old_age_65_plus,12.2682686809
-382,working_age_15_64,175.9615786225
-382,young_0_14,85.3540340066
-381,old_age_65_plus,63.3116053062
-381,working_age_15_64,909.1991838146
-381,young_0_14,437.4067370560
-380,old_age_65_plus,37.5553787320
-380,working_age_15_64,540.9971133750
-380,young_0_14,259.9467186183
-379,old_age_65_plus,99.2414046811
-379,working_age_15_64,1481.4695454341
-379,young_0_14,696.7640196909
-378,old_age_65_plus,10.3379212167
-378,working_age_15_64,153.3032424999
-378,young_0_14,78.8588928734
-377,old_age_65_plus,18.7321792463
-377,working_age_15_64,270.5953723714
-377,young_0_14,132.3857228328
-376,old_age_65_plus,27.5905110300
-376,working_age_15_64,397.2124868194
-376,young_0_14,191.1853172448
-375,old_age_65_plus,12.3898694745
-375,working_age_15_64,189.2689355295
-375,young_0_14,108.6280339677
-374,old_age_65_plus,13.8923986045
-374,working_age_15_64,209.0983529442
-374,young_0_14,111.4346195890
-373,old_age_65_plus,96.6579933468
-373,working_age_15_64,1389.3486847845
-373,young_0_14,667.1089994665
-372,old_age_65_plus,14.5437560074
-372,working_age_15_64,211.2364077961
-372,young_0_14,100.5815468808
-371,old_age_65_plus,45.3781197402
-371,working_age_15_64,676.2431541480
-371,young_0_14,359.8021266155
-370,old_age_65_plus,37.7997442395
-370,working_age_15_64,548.3793370184
-370,young_0_14,263.5054038642
-369,old_age_65_plus,25.5451273552
-369,working_age_15_64,372.8230677918
-369,young_0_14,174.6291811857
-368,old_age_65_plus,30.9390261638
-368,working_age_15_64,444.6541864555
-368,young_0_14,214.1517756991
-367,old_age_65_plus,24.0220875902
-367,working_age_15_64,364.7050634124
-367,young_0_14,198.1912034978
-366,old_age_65_plus,77.6083731303
-366,working_age_15_64,1121.8401595194
-366,young_0_14,533.8380409217
-365,old_age_65_plus,16.7957072950
-365,working_age_15_64,243.2066070342
-365,young_0_14,115.8438900379
-364,old_age_65_plus,48.0078994120
-364,working_age_15_64,692.6724443270
-364,young_0_14,336.4728447536
-363,old_age_65_plus,11.8425414424
-363,working_age_15_64,172.3963284765
-363,young_0_14,80.3783338168
-362,old_age_65_plus,9.4672510251
-362,working_age_15_64,138.8831843641
-362,young_0_14,69.4808888957
-361,old_age_65_plus,9.4400094518
-361,working_age_15_64,139.9494312207
-361,young_0_14,65.8886385071
-360,old_age_65_plus,17.9938718129
-360,working_age_15_64,267.0890735528
-360,young_0_14,139.3009090787
-359,old_age_65_plus,69.2602801349
-359,working_age_15_64,1005.6436534701
-359,young_0_14,472.1529625943
-358,old_age_65_plus,44.7688452719
-358,working_age_15_64,607.6430702716
-358,young_0_14,289.3252264620
-357,old_age_65_plus,26.5543380815
-357,working_age_15_64,376.9407484287
-357,young_0_14,189.6935374025
-356,old_age_65_plus,30.0398743399
-356,working_age_15_64,431.9549767263
-356,young_0_14,208.2243884346
-355,old_age_65_plus,2.8565034075
-355,working_age_15_64,41.0027127825
-355,young_0_14,19.6933593079
-354,old_age_65_plus,117.4909146924
-354,working_age_15_64,1686.7152912392
-354,young_0_14,809.9727497087
-353,old_age_65_plus,31.4809727182
-353,working_age_15_64,454.3165634382
-353,young_0_14,216.1143773370
-352,old_age_65_plus,27.9109561859
-352,working_age_15_64,285.3566510752
-352,young_0_14,131.5244494183
-351,old_age_65_plus,35.8422302931
-351,working_age_15_64,515.0535770832
-351,young_0_14,247.2639550846
-350,old_age_65_plus,8.8606541279
-350,working_age_15_64,127.3786815951
-350,young_0_14,61.0610939743
-349,old_age_65_plus,64.6660848011
-349,working_age_15_64,177.4531947970
-349,young_0_14,72.0166433379
-348,old_age_65_plus,1.4350826045
-348,working_age_15_64,21.9629928407
-348,young_0_14,11.3941895330
-347,old_age_65_plus,8.2711770647
-347,working_age_15_64,129.0957148037
-347,young_0_14,77.1315456884
-346,old_age_65_plus,40.6115726415
-346,working_age_15_64,587.4978390578
-346,young_0_14,277.3236336801
-345,old_age_65_plus,0.8837033290
-345,working_age_15_64,12.6431125961
-345,young_0_14,5.9988990390
-344,old_age_65_plus,9.8143577520
-344,working_age_15_64,147.2193673030
-344,young_0_14,71.0844908357
-343,old_age_65_plus,83.9548633575
-343,working_age_15_64,1209.6513210796
-343,young_0_14,577.7397493059
-342,old_age_65_plus,3.3612302520
-342,working_age_15_64,49.1586588046
-342,young_0_14,22.6703125546
-341,old_age_65_plus,2.5401719068
-341,working_age_15_64,37.4918437288
-341,young_0_14,17.7473304137
-340,old_age_65_plus,318.6409606496
-340,working_age_15_64,4133.8280608563
-340,young_0_14,1979.6138567328
-339,old_age_65_plus,4.8893064742
-339,working_age_15_64,70.7847827400
-339,young_0_14,33.7154863244
-338,old_age_65_plus,17.9866565350
-338,working_age_15_64,258.5281341511
-338,young_0_14,124.0528148073
-337,old_age_65_plus,17.2192478758
-337,working_age_15_64,247.3359220810
-337,young_0_14,118.6147432774
-336,old_age_65_plus,24.6488567580
-336,working_age_15_64,362.0799651683
-336,young_0_14,166.3493117961
-335,old_age_65_plus,0.4127288615
-335,working_age_15_64,6.0653527981
-335,young_0_14,2.8236523280
-334,old_age_65_plus,111.1452026692
-334,working_age_15_64,683.7431788845
-334,young_0_14,291.0620033238
-333,old_age_65_plus,3.4105697479
-333,working_age_15_64,49.7230123878
-333,young_0_14,23.0631495118
-332,old_age_65_plus,154.8858460984
-332,working_age_15_64,2224.7042203024
-332,young_0_14,1067.1023046188
-331,old_age_65_plus,14.2410851677
-331,working_age_15_64,200.9450819194
-331,young_0_14,102.1522639804
-330,old_age_65_plus,25.3782767624
-330,working_age_15_64,364.3972453116
-330,young_0_14,175.0574357477
-329,old_age_65_plus,37.0996274062
-329,working_age_15_64,540.8497769851
-329,young_0_14,256.7751635071
-328,old_age_65_plus,124.5821978198
-328,working_age_15_64,1792.0597646088
-328,young_0_14,876.7508518892
-327,old_age_65_plus,34.6635831141
-327,working_age_15_64,363.4846655130
-327,young_0_14,161.6689088298
-326,old_age_65_plus,3.6823420044
-326,working_age_15_64,53.7098653589
-326,young_0_14,24.9053913559
-325,old_age_65_plus,4.8041585425
-325,working_age_15_64,69.6208218834
-325,young_0_14,32.9841135496
-324,old_age_65_plus,84.0889929649
-324,working_age_15_64,1213.0587427136
-324,young_0_14,584.0006121686
-323,old_age_65_plus,12.1390644409
-323,working_age_15_64,178.3360219598
-323,young_0_14,82.0281373486
-322,old_age_65_plus,30.1782125469
-322,working_age_15_64,448.6411878523
-322,young_0_14,224.7016118896
-321,old_age_65_plus,36.8036106022
-321,working_age_15_64,539.8216913604
-321,young_0_14,248.2790688183
-320,old_age_65_plus,8.5621234282
-320,working_age_15_64,124.0185753023
-320,young_0_14,63.6981102526
-319,old_age_65_plus,19.2061816140
-319,working_age_15_64,243.0509222560
-319,young_0_14,109.5218302999
-318,old_age_65_plus,13.6171274765
-318,working_age_15_64,197.8208284499
-318,young_0_14,97.4250197466
-317,old_age_65_plus,81.6104525514
-317,working_age_15_64,1172.0437839031
-317,young_0_14,564.6393011808
-316,old_age_65_plus,10.7341149187
-316,working_age_15_64,157.5238043964
-316,young_0_14,74.6673533395
-315,old_age_65_plus,137.4729927061
-315,working_age_15_64,1976.0525198054
-315,young_0_14,948.9011872307
-314,old_age_65_plus,94.6627461620
-314,working_age_15_64,1361.9134615726
-314,young_0_14,656.3385732080
-313,old_age_65_plus,2.2678386585
-313,working_age_15_64,33.8099089592
-313,young_0_14,17.0373905988
-312,old_age_65_plus,4.6928267283
-312,working_age_15_64,72.3206525669
-312,young_0_14,38.5497898981
-311,old_age_65_plus,11.6169175699
-311,working_age_15_64,167.6107746824
-311,young_0_14,79.9540764978
-310,old_age_65_plus,17.4199014097
-310,working_age_15_64,263.5528602977
-310,young_0_14,144.2196303136
-309,old_age_65_plus,13.1341366460
-309,working_age_15_64,192.9183611284
-309,young_0_14,88.5337514910
-308,old_age_65_plus,61.3388760919
-308,working_age_15_64,889.5164031014
-308,young_0_14,418.8852477521
-307,old_age_65_plus,10.9418706684
-307,working_age_15_64,162.1620002917
-307,young_0_14,80.9004110397
-306,old_age_65_plus,30.2514171611
-306,working_age_15_64,437.8938012682
-306,young_0_14,206.8379399627
-305,old_age_65_plus,33.9151303244
-305,working_age_15_64,501.0258238018
-305,young_0_14,238.8217183575
-304,old_age_65_plus,6.3157007971
-304,working_age_15_64,92.2523761336
-304,young_0_14,42.7842520569
-303,old_age_65_plus,15.6314566907
-303,working_age_15_64,234.8444871474
-303,young_0_14,123.6980905849
-302,old_age_65_plus,26.0575202378
-302,working_age_15_64,377.6968002766
-302,young_0_14,173.9937363081
-301,old_age_65_plus,22.4518610841
-301,working_age_15_64,341.1687959279
-301,young_0_14,190.9992184127
-300,old_age_65_plus,55.6609907249
-300,working_age_15_64,805.3690889627
-300,young_0_14,382.6354713710
-299,old_age_65_plus,7.0638975240
-299,working_age_15_64,103.6705689728
-299,young_0_14,47.3660516441
-298,old_age_65_plus,33.1031719100
-298,working_age_15_64,490.9769947752
-298,young_0_14,253.6145555004
-297,old_age_65_plus,20.5693402261
-297,working_age_15_64,302.1017604116
-297,young_0_14,139.9456846453
-296,old_age_65_plus,18.0247548369
-296,working_age_15_64,267.7356817722
-296,young_0_14,131.8550724490
-295,old_age_65_plus,15.0477050631
-295,working_age_15_64,226.6613935591
-295,young_0_14,120.2550678491
-294,old_age_65_plus,52.1033725677
-294,working_age_15_64,764.5847339433
-294,young_0_14,349.5571766009
-293,old_age_65_plus,153.0250500145
-293,working_age_15_64,2203.0913160089
-293,young_0_14,1060.4867802430
-292,old_age_65_plus,88.5157238336
-292,working_age_15_64,1246.0864658502
-292,young_0_14,596.2582090291
-291,old_age_65_plus,38.4757463951
-291,working_age_15_64,564.3723102103
-291,young_0_14,262.9200486168
-290,old_age_65_plus,74.7990610001
-290,working_age_15_64,1102.5246387124
-290,young_0_14,514.1954509318
-289,old_age_65_plus,45.8302322409
-289,working_age_15_64,675.5081664603
-289,young_0_14,317.3478121758
-288,old_age_65_plus,18.4946150286
-288,working_age_15_64,268.1387576461
-288,young_0_14,128.0083758682
-287,old_age_65_plus,74.3258480793
-287,working_age_15_64,1078.6510130744
-287,young_0_14,513.5232827980
-286,old_age_65_plus,41.0212358792
-286,working_age_15_64,608.8541330965
-286,young_0_14,306.6037470857
-285,old_age_65_plus,0.3908615917
-285,working_age_15_64,6.0138515797
-285,young_0_14,3.6243158560
-284,old_age_65_plus,29.0644120597
-284,working_age_15_64,427.6242141431
-284,young_0_14,199.0354314951
-283,old_age_65_plus,10.3635181362
-283,working_age_15_64,153.8797364235
-283,young_0_14,75.6873423420
-282,old_age_65_plus,93.3226393334
-282,working_age_15_64,1364.3204383068
-282,young_0_14,657.2322156765
-281,old_age_65_plus,33.6749906872
-281,working_age_15_64,493.7215597816
-281,young_0_14,229.1961815804
-280,old_age_65_plus,24.2444945548
-280,working_age_15_64,354.4104917850
-280,young_0_14,166.3984214821
-279,old_age_65_plus,35.9048584294
-279,working_age_15_64,531.2292256951
-279,young_0_14,247.8656417355
-278,old_age_65_plus,47.8363236526
-278,working_age_15_64,730.2027249634
-278,young_0_14,421.1272935066
-277,old_age_65_plus,44.3176113743
-277,working_age_15_64,649.5314290909
-277,young_0_14,298.6573535098
-276,old_age_65_plus,17.5393640289
-276,working_age_15_64,259.2239964502
-276,young_0_14,125.4561805066
-275,old_age_65_plus,92.6378285167
-275,working_age_15_64,1386.1823878419
-275,young_0_14,713.7220907747
-274,old_age_65_plus,45.4821539721
-274,working_age_15_64,662.1655454608
-274,young_0_14,320.6946558086
-273,old_age_65_plus,19.7180021961
-273,working_age_15_64,298.2773934908
-273,young_0_14,167.0508451767
-272,old_age_65_plus,21.6634513655
-272,working_age_15_64,330.8058957011
-272,young_0_14,177.3485521451
-271,old_age_65_plus,42.1600136092
-271,working_age_15_64,581.3077088764
-271,young_0_14,294.9575570503
-270,old_age_65_plus,44.1896495051
-270,working_age_15_64,649.9375862200
-270,young_0_14,301.7032348393
-269,old_age_65_plus,74.8768006139
-269,working_age_15_64,1101.3218752190
-269,young_0_14,513.8777141951
-268,old_age_65_plus,214.0748479705
-268,working_age_15_64,3099.2220437624
-268,young_0_14,1512.3405324463
-267,old_age_65_plus,118.7738367156
-267,working_age_15_64,1740.0781254359
-267,young_0_14,804.7104524821
-266,old_age_65_plus,121.3905324594
-266,working_age_15_64,1851.6217515059
-266,young_0_14,1062.2261787504
-265,old_age_65_plus,218.0568650713
-265,working_age_15_64,3248.4034110624
-265,young_0_14,1696.8732416686
-264,old_age_65_plus,309.1667022602
-264,working_age_15_64,4486.0094187278
-264,young_0_14,2126.4284677058
-263,old_age_65_plus,105.0584491893
-263,working_age_15_64,1543.1890136413
-263,young_0_14,711.8623508234
-262,old_age_65_plus,24.0405437336
-262,working_age_15_64,347.8846087139
-262,young_0_14,163.7323641093
-261,old_age_65_plus,108.3924305170
-261,working_age_15_64,1587.6126982228
-261,young_0_14,730.9966867583
-260,old_age_65_plus,123.3277695878
-260,working_age_15_64,1814.4165670350
-260,young_0_14,845.1763649732
-259,old_age_65_plus,21.5573498895
-259,working_age_15_64,317.5545502645
-259,young_0_14,161.2331142067
-258,old_age_65_plus,74.1081911430
-258,working_age_15_64,1017.8910412677
-258,young_0_14,562.4114324879
-257,old_age_65_plus,112.5588483990
-257,working_age_15_64,1645.7639253216
-257,young_0_14,814.9010098164
-256,old_age_65_plus,149.8757448836
-256,working_age_15_64,2199.5198470571
-256,young_0_14,1035.6443346776
-255,old_age_65_plus,174.7862051967
-255,working_age_15_64,2673.7046239050
-255,young_0_14,1557.0926418900
-254,old_age_65_plus,144.2715291093
-254,working_age_15_64,2196.9775896033
-254,young_0_14,1257.7680121711
-253,old_age_65_plus,107.3347683353
-253,working_age_15_64,1575.0702067763
-253,young_0_14,739.6857510656
-252,old_age_65_plus,70.1837031025
-252,working_age_15_64,910.7486847729
-252,young_0_14,430.7748883907
-251,old_age_65_plus,120.2502710626
-251,working_age_15_64,1285.2124213278
-251,young_0_14,624.4933322519
-250,old_age_65_plus,54.2599528774
-250,working_age_15_64,798.7755356253
-250,young_0_14,406.6183922565
-249,old_age_65_plus,34.6099936322
-249,working_age_15_64,506.2958233536
-249,young_0_14,245.0800796234
-248,old_age_65_plus,114.6537289312
-248,working_age_15_64,1666.8104662180
-248,young_0_14,801.3190496513
-247,old_age_65_plus,76.7568216505
-247,working_age_15_64,1176.6936389959
-247,young_0_14,689.0519953733
-246,old_age_65_plus,180.7214839512
-246,working_age_15_64,2269.1533815747
-246,young_0_14,1182.4403427232
-245,old_age_65_plus,98.0347622009
-245,working_age_15_64,1430.0275419727
-245,young_0_14,679.1899207830
-244,old_age_65_plus,153.5401608369
-244,working_age_15_64,2316.4544317224
-244,young_0_14,1270.5984877495
-243,old_age_65_plus,93.4110937665
-243,working_age_15_64,998.0196866307
-243,young_0_14,479.6773902220
-242,old_age_65_plus,49.8658631482
-242,working_age_15_64,729.5673667460
-242,young_0_14,340.4821658619
-241,old_age_65_plus,163.6710181297
-241,working_age_15_64,1416.9541558588
-241,young_0_14,644.0727897996
-240,old_age_65_plus,156.6902102977
-240,working_age_15_64,2273.7718733549
-240,young_0_14,1221.1373607516
-239,old_age_65_plus,72.3917316315
-239,working_age_15_64,1080.9257217944
-239,young_0_14,590.4065020978
-238,old_age_65_plus,69.8091268681
-238,working_age_15_64,1033.9513845998
-238,young_0_14,570.3487391528
-237,old_age_65_plus,124.2180226415
-237,working_age_15_64,1658.9824130696
-237,young_0_14,846.9255829538
-236,old_age_65_plus,129.6908442282
-236,working_age_15_64,1829.6025150798
-236,young_0_14,934.2228135726
-235,old_age_65_plus,85.3550694437
-235,working_age_15_64,991.0625823773
-235,young_0_14,480.5180894071
-234,old_age_65_plus,163.4273254490
-234,working_age_15_64,2390.6903668726
-234,young_0_14,1115.2392086663
-233,old_age_65_plus,5.1780296192
-233,working_age_15_64,74.0749620199
-233,young_0_14,37.8626223207
-232,old_age_65_plus,313.5237017266
-232,working_age_15_64,4700.2443741306
-232,young_0_14,2480.0161885151
-231,old_age_65_plus,87.1116075086
-231,working_age_15_64,998.6515200828
-231,young_0_14,458.3220959466
-230,old_age_65_plus,110.8412409850
-230,working_age_15_64,1487.2459688387
-230,young_0_14,693.5520324595
-229,old_age_65_plus,56.4363583686
-229,working_age_15_64,829.1652698847
-229,young_0_14,380.0592292426
-228,old_age_65_plus,140.2710532668
-228,working_age_15_64,2027.5747480306
-228,young_0_14,1017.0682163523
-227,old_age_65_plus,159.8816053553
-227,working_age_15_64,2147.1359847449
-227,young_0_14,1072.5845661797
-226,old_age_65_plus,151.8016215833
-226,working_age_15_64,2158.9482385035
-226,young_0_14,1037.5685430402
-225,old_age_65_plus,187.2378732651
-225,working_age_15_64,2411.9725949764
-225,young_0_14,1151.2351146936
-224,old_age_65_plus,77.3315580240
-224,working_age_15_64,1116.6262732595
-224,young_0_14,552.4599725455
-223,old_age_65_plus,176.4879230419
-223,working_age_15_64,1946.1043087989
-223,young_0_14,902.7689707018
-222,old_age_65_plus,80.1729941934
-222,working_age_15_64,1150.0230099624
-222,young_0_14,583.1519913822
-221,old_age_65_plus,240.0063496507
-221,working_age_15_64,1786.7574063316
-221,young_0_14,999.5025808290
-220,old_age_65_plus,201.0435658675
-220,working_age_15_64,2950.2303036523
-220,young_0_14,1387.7931120546
-219,old_age_65_plus,136.8191881130
-219,working_age_15_64,2089.5147887794
-219,young_0_14,1215.8144463468
-218,old_age_65_plus,142.0340178197
-218,working_age_15_64,2018.6802304881
-218,young_0_14,1073.9825466000
-217,old_age_65_plus,32.8723846835
-217,working_age_15_64,478.9699366158
-217,young_0_14,230.7736504904
-216,old_age_65_plus,291.8931886091
-216,working_age_15_64,4222.4255062798
-216,young_0_14,1979.6315268404
-215,old_age_65_plus,79.2868111362
-215,working_age_15_64,1042.2511258200
-215,young_0_14,493.5195641890
-214,old_age_65_plus,401.5635683864
-214,working_age_15_64,5863.8783636976
-214,young_0_14,2745.4027025172
-213,old_age_65_plus,107.2131575126
-213,working_age_15_64,1493.6892396270
-213,young_0_14,761.6985076163
-212,old_age_65_plus,229.0189442383
-212,working_age_15_64,3297.1952426676
-212,young_0_14,1651.9831220638
-211,old_age_65_plus,68.4356223904
-211,working_age_15_64,694.0294931466
-211,young_0_14,366.5206619972
-210,old_age_65_plus,537.8644549707
-210,working_age_15_64,7469.6122659582
-210,young_0_14,3852.0164287742
-209,old_age_65_plus,89.2441187922
-209,working_age_15_64,634.3688064588
-209,young_0_14,282.6899703234
-208,old_age_65_plus,336.3346100796
-208,working_age_15_64,4775.3506752616
-208,young_0_14,2352.5749081858
-207,old_age_65_plus,335.4452568079
-207,working_age_15_64,4444.8958358043
-207,young_0_14,2282.7942461157
-206,old_age_65_plus,96.4855503820
-206,working_age_15_64,376.7502568696
-206,young_0_14,172.9822655439
-205,old_age_65_plus,234.7155873278
-205,working_age_15_64,1455.3103497671
-205,young_0_14,694.7467731675
-204,old_age_65_plus,109.5893325056
-204,working_age_15_64,906.5817117719
-204,young_0_14,447.1792795668
-203,old_age_65_plus,93.5787697697
-203,working_age_15_64,860.9711389687
-203,young_0_14,374.9083323011
-202,old_age_65_plus,179.4364712996
-202,working_age_15_64,2389.8923194520
-202,young_0_14,1213.3824036270
-201,old_age_65_plus,330.8063765625
-201,working_age_15_64,4547.1449276768
-201,young_0_14,2358.2101540789
-200,old_age_65_plus,70.2186374027
-200,working_age_15_64,941.3230610805
-200,young_0_14,468.8194062985
-199,old_age_65_plus,249.3957971047
-199,working_age_15_64,762.8575353192
-199,young_0_14,348.4155290117
-198,old_age_65_plus,201.2379099922
-198,working_age_15_64,1165.9367829440
-198,young_0_14,565.1433621664
-197,old_age_65_plus,461.0230183725
-197,working_age_15_64,3636.1561961049
-197,young_0_14,1772.6581551731
-196,old_age_65_plus,173.6340391185
-196,working_age_15_64,658.0859089844
-196,young_0_14,310.4268249953
-195,old_age_65_plus,489.4219318494
-195,working_age_15_64,2572.5800221036
-195,young_0_14,1163.4506850876
-194,old_age_65_plus,166.5514152990
-194,working_age_15_64,2377.5842783852
-194,young_0_14,1165.2435977599
-193,old_age_65_plus,229.7600410118
-193,working_age_15_64,3255.5202174992
-193,young_0_14,1706.4280588897
-192,old_age_65_plus,328.5862775013
-192,working_age_15_64,4086.6706358893
-192,young_0_14,2066.5121776378
-191,old_age_65_plus,394.5653848437
-191,working_age_15_64,3007.5939621527
-191,young_0_14,1601.7542782554
-190,old_age_65_plus,104.2925941563
-190,working_age_15_64,1015.1387997217
-190,young_0_14,508.5666914899
-189,old_age_65_plus,155.9944223163
-189,working_age_15_64,2133.6304519882
-189,young_0_14,1108.5315424390
-188,old_age_65_plus,21.9325806578
-188,working_age_15_64,323.0148841059
-188,young_0_14,149.7288096118
-187,old_age_65_plus,53.2412950752
-187,working_age_15_64,380.2722216145
-187,young_0_14,185.7303694410
-186,old_age_65_plus,11.3222246228
-186,working_age_15_64,167.4097101953
-186,young_0_14,78.8992188397
-185,old_age_65_plus,81.2926629028
-185,working_age_15_64,1156.6642840207
-185,young_0_14,584.3036602298
-184,old_age_65_plus,69.1014142441
-184,working_age_15_64,454.5793031021
-184,young_0_14,220.7897522827
-183,old_age_65_plus,110.6150781955
-183,working_age_15_64,1592.5940957658
-183,young_0_14,779.9299383047
-182,old_age_65_plus,289.6983273837
-182,working_age_15_64,4073.0696887374
-182,young_0_14,2051.5845234692
-181,old_age_65_plus,104.5887625766
-181,working_age_15_64,1516.3219420351
-181,young_0_14,744.1160254888
-180,old_age_65_plus,126.6073146176
-180,working_age_15_64,1813.9385857601
-180,young_0_14,923.7998082866
-179,old_age_65_plus,287.6019144402
-179,working_age_15_64,4033.5043019249
-179,young_0_14,2053.7704049824
-178,old_age_65_plus,6.4521470298
-178,working_age_15_64,99.5252174139
-178,young_0_14,60.0527290106
-177,old_age_65_plus,169.2688313024
-177,working_age_15_64,2372.4353337828
-177,young_0_14,1187.9084325258
-176,old_age_65_plus,283.3375983522
-176,working_age_15_64,4069.0799736450
-176,young_0_14,2046.4565669494
-175,old_age_65_plus,61.7068432197
-175,working_age_15_64,710.9865106940
-175,young_0_14,376.5129572153
-174,old_age_65_plus,324.5168182468
-174,working_age_15_64,4599.4124301741
-174,young_0_14,2369.9114070933
-173,old_age_65_plus,212.4957378249
-173,working_age_15_64,1770.5764641392
-173,young_0_14,855.6386008463
-172,old_age_65_plus,378.6375325203
-172,working_age_15_64,1411.6761988597
-172,young_0_14,537.1193740070
-171,old_age_65_plus,106.9408069192
-171,working_age_15_64,440.4590414129
-171,young_0_14,215.2491057236
-170,old_age_65_plus,147.8668293754
-170,working_age_15_64,973.4119412226
-170,young_0_14,450.6944092503
-169,old_age_65_plus,54.6521623963
-169,working_age_15_64,794.4916993640
-169,young_0_14,379.8064093920
-168,old_age_65_plus,19.9458230503
-168,working_age_15_64,302.7483410564
-168,young_0_14,178.9298718692
-167,old_age_65_plus,100.9564802542
-167,working_age_15_64,752.4056588383
-167,young_0_14,332.6563136373
-166,old_age_65_plus,57.4729096799
-166,working_age_15_64,844.4707609899
-166,young_0_14,387.0708226459
-165,old_age_65_plus,427.1626492704
-165,working_age_15_64,6069.5154585710
-165,young_0_14,3028.4735224026
-164,old_age_65_plus,90.7486357645
-164,working_age_15_64,1326.7780925114
-164,young_0_14,618.2010576662
-163,old_age_65_plus,32.0936077052
-163,working_age_15_64,368.6537280565
-163,young_0_14,211.8061944842
-162,old_age_65_plus,31.2935754727
-162,working_age_15_64,402.8012056838
-162,young_0_14,233.6181428643
-161,old_age_65_plus,42.3429590117
-161,working_age_15_64,600.8889702844
-161,young_0_14,308.7381179449
-160,old_age_65_plus,635.8065016652
-160,working_age_15_64,3047.9670737980
-160,young_0_14,1954.3941766686
-159,old_age_65_plus,15.0302109108
-159,working_age_15_64,216.0625358028
-159,young_0_14,109.6271743998
-158,old_age_65_plus,159.1779889906
-158,working_age_15_64,2251.7005084064
-158,young_0_14,1183.1049253624
-157,old_age_65_plus,151.7809829596
-157,working_age_15_64,1870.5233610546
-157,young_0_14,988.8335412602
-156,old_age_65_plus,94.9200571300
-156,working_age_15_64,1401.2522206328
-156,young_0_14,650.0500646861
-155,old_age_65_plus,64.1309360780
-155,working_age_15_64,516.8764350414
-155,young_0_14,239.9684970006
-154,old_age_65_plus,201.3580725899
-154,working_age_15_64,2007.1741711199
-154,young_0_14,1031.2836369723
-153,old_age_65_plus,16.3816777646
-153,working_age_15_64,226.8796804128
-153,young_0_14,106.4419290656
-152,old_age_65_plus,90.1047165770
-152,working_age_15_64,1249.5291861639
-152,young_0_14,625.4177653666
-151,old_age_65_plus,54.8613064715
-151,working_age_15_64,308.1266410844
-151,young_0_14,152.4937088980
-150,old_age_65_plus,21.6537755877
-150,working_age_15_64,307.3753572800
-150,young_0_14,146.2979801729
-149,old_age_65_plus,25.9292498937
-149,working_age_15_64,379.4864121511
-149,young_0_14,195.0536866788
-148,old_age_65_plus,49.0450775534
-148,working_age_15_64,644.5404580599
-148,young_0_14,328.5095134231
-147,old_age_65_plus,63.8613771738
-147,working_age_15_64,760.6291787135
-147,young_0_14,366.6106916250
-146,old_age_65_plus,19.1909175716
-146,working_age_15_64,194.3620404658
-146,young_0_14,119.3645953080
-145,old_age_65_plus,4.3889982141
-145,working_age_15_64,56.6135648823
-145,young_0_14,24.9532672675
-144,old_age_65_plus,236.4481844371
-144,working_age_15_64,1905.9484643986
-144,young_0_14,921.4183865173
-143,old_age_65_plus,9.8118956904
-143,working_age_15_64,130.9227497894
-143,young_0_14,57.6047243702
-142,old_age_65_plus,103.3645499287
-142,working_age_15_64,1476.5058168680
-142,young_0_14,747.3105614890
-141,old_age_65_plus,7.9791813894
-141,working_age_15_64,106.6947213986
-141,young_0_14,49.4538742711
-140,old_age_65_plus,45.0679039034
-140,working_age_15_64,619.5869815182
-140,young_0_14,317.3384595448
-139,old_age_65_plus,17.1249058309
-139,working_age_15_64,250.0815719221
-139,young_0_14,134.6150511337
-138,old_age_65_plus,8.7966637052
-138,working_age_15_64,118.2620017908
-138,young_0_14,62.2728853563
-137,old_age_65_plus,53.7684963668
-137,working_age_15_64,337.5881731417
-137,young_0_14,181.4636058576
-136,old_age_65_plus,102.9321326802
-136,working_age_15_64,1471.9467051071
-136,young_0_14,749.5418131403
-135,old_age_65_plus,172.3395636255
-135,working_age_15_64,2435.1873475034
-135,young_0_14,1197.5607064152
-134,old_age_65_plus,7.5715832416
-134,working_age_15_64,94.7832452268
-134,young_0_14,39.5224762805
-133,old_age_65_plus,18.5749060783
-133,working_age_15_64,229.6433008489
-133,young_0_14,96.3840718941
-132,old_age_65_plus,52.2367019552
-132,working_age_15_64,421.8419128778
-132,young_0_14,182.6961669766
-131,old_age_65_plus,3.2990492544
-131,working_age_15_64,43.2654679494
-131,young_0_14,23.0139562944
-130,old_age_65_plus,53.9920190571
-130,working_age_15_64,497.1861262758
-130,young_0_14,253.5600948505
-129,old_age_65_plus,39.0433800127
-129,working_age_15_64,224.9725225810
-129,young_0_14,78.1598135247
-128,old_age_65_plus,391.1942900716
-128,working_age_15_64,1950.1207614157
-128,young_0_14,845.6234883359
-127,old_age_65_plus,20.8271884601
-127,working_age_15_64,214.2584029790
-127,young_0_14,104.2474702806
-126,old_age_65_plus,30.6788588534
-126,working_age_15_64,385.7686766615
-126,young_0_14,189.8747531171
-125,old_age_65_plus,22.8241845080
-125,working_age_15_64,282.5050401997
-125,young_0_14,113.4328681807
-124,old_age_65_plus,268.6249900807
-124,working_age_15_64,1505.3516892600
-124,young_0_14,612.7455053897
-123,old_age_65_plus,18.1071533528
-123,working_age_15_64,186.7643570581
-123,young_0_14,85.4064109786
-122,old_age_65_plus,310.6345493623
-122,working_age_15_64,1852.1723000044
-122,young_0_14,796.3728102501
-121,old_age_65_plus,7.8565659898
-121,working_age_15_64,95.1959498422
-121,young_0_14,45.6638778112
-120,old_age_65_plus,65.8439814842
-120,working_age_15_64,340.5813631862
-120,young_0_14,116.6477347281
-119,old_age_65_plus,325.8138781713
-119,working_age_15_64,2183.7443833110
-119,young_0_14,982.5023897152
-118,old_age_65_plus,97.3773064814
-118,working_age_15_64,639.5814487628
-118,young_0_14,255.6388252288
-117,old_age_65_plus,75.5188692324
-117,working_age_15_64,682.1884439484
-117,young_0_14,286.5018863658
-116,old_age_65_plus,936.4508741449
-116,working_age_15_64,5802.0462691913
-116,young_0_14,2678.8388589125
-115,old_age_65_plus,180.7347016126
-115,working_age_15_64,1015.0108056546
-115,young_0_14,571.4045431907
-114,old_age_65_plus,343.4234664506
-114,working_age_15_64,2606.4046228733
-114,young_0_14,1400.4590355046
-113,old_age_65_plus,67.7866175935
-113,working_age_15_64,941.0481981220
-113,young_0_14,564.0444666307
-112,old_age_65_plus,76.6146327793
-112,working_age_15_64,496.6820416136
-112,young_0_14,302.9403755139
-111,old_age_65_plus,162.7111087879
-111,working_age_15_64,1012.2864121765
-111,young_0_14,461.6804422471
-110,old_age_65_plus,78.5824449018
-110,working_age_15_64,822.7198795810
-110,young_0_14,300.8337159123
-109,old_age_65_plus,352.0215409305
-109,working_age_15_64,2195.9604535735
-109,young_0_14,1001.9244747330
-108,old_age_65_plus,59.2090807040
-108,working_age_15_64,1034.2535897406
-108,young_0_14,632.6939146002
-107,old_age_65_plus,28.0988064900
-107,working_age_15_64,415.2204329241
-107,young_0_14,234.1008158978
-106,old_age_65_plus,113.9999688592
-106,working_age_15_64,1191.3751361503
-106,young_0_14,693.3481711182
-105,old_age_65_plus,217.0376657672
-105,working_age_15_64,2202.6152494597
-105,young_0_14,1356.9245968264
-104,old_age_65_plus,93.5197450538
-104,working_age_15_64,1836.4591980028
-104,young_0_14,1204.2346919189
-103,old_age_65_plus,85.9928867999
-103,working_age_15_64,918.4917340048
-103,young_0_14,446.1660872961
-102,old_age_65_plus,137.1165828269
-102,working_age_15_64,1876.6657293410
-102,young_0_14,1004.0047609244
-101,old_age_65_plus,42.3415702010
-101,working_age_15_64,916.6698474056
-101,young_0_14,636.3884946749
-100,old_age_65_plus,121.9960501393
-100,working_age_15_64,2366.0746490870
-100,young_0_14,1594.5652961268
-99,old_age_65_plus,129.9485282713
-99,working_age_15_64,2428.3470621943
-99,young_0_14,1558.8517618859
-98,old_age_65_plus,73.1093761246
-98,working_age_15_64,1391.4118991312
-98,young_0_14,930.8285932849
-97,old_age_65_plus,89.8798895792
-97,working_age_15_64,845.6217187584
-97,young_0_14,337.8598990664
-96,old_age_65_plus,210.2580452409
-96,working_age_15_64,2578.2177609534
-96,young_0_14,1458.2121605705
-95,old_age_65_plus,71.7932805894
-95,working_age_15_64,892.9378545228
-95,young_0_14,453.2995274289
-94,old_age_65_plus,228.3185594731
-94,working_age_15_64,2978.3858255679
-94,young_0_14,1632.8623520406
-93,old_age_65_plus,121.2699163564
-93,working_age_15_64,1439.9629558064
-93,young_0_14,684.2085563487
-92,old_age_65_plus,206.2921328236
-92,working_age_15_64,2336.2234581003
-92,young_0_14,1145.5890151948
-91,old_age_65_plus,26.4332038782
-91,working_age_15_64,378.9466980515
-91,young_0_14,206.1659636641
-90,old_age_65_plus,72.7358520961
-90,working_age_15_64,1405.9484639801
-90,young_0_14,972.3116990004
-89,old_age_65_plus,1529.7853940114
-89,working_age_15_64,7037.6185965327
-89,young_0_14,3579.7073149293
-88,old_age_65_plus,100.3219632833
-88,working_age_15_64,998.8799664017
-88,young_0_14,463.1202771126
-87,old_age_65_plus,132.0124428911
-87,working_age_15_64,1685.7533970360
-87,young_0_14,909.8779951127
-86,old_age_65_plus,105.5295554262
-86,working_age_15_64,1053.9924193124
-86,young_0_14,444.7603584664
-85,old_age_65_plus,95.8387250601
-85,working_age_15_64,1244.4791479874
-85,young_0_14,629.3587932531
-84,old_age_65_plus,76.0489156050
-84,working_age_15_64,925.5148155912
-84,young_0_14,433.6015711121
-83,old_age_65_plus,245.3101575017
-83,working_age_15_64,1711.7298451797
-83,young_0_14,956.0998008158
-82,old_age_65_plus,134.2740873704
-82,working_age_15_64,1193.6386639563
-82,young_0_14,494.1956013299
-81,old_age_65_plus,81.9992491421
-81,working_age_15_64,854.8151519724
-81,young_0_14,315.3412921856
-80,old_age_65_plus,129.8183889026
-80,working_age_15_64,1588.2964414683
-80,young_0_14,766.6381423276
-79,old_age_65_plus,121.8353728215
-79,working_age_15_64,1284.5723742319
-79,young_0_14,516.5593278927
-78,old_age_65_plus,176.1551705643
-78,working_age_15_64,1560.8192353665
-78,young_0_14,687.8013316810
-77,old_age_65_plus,101.4975170314
-77,working_age_15_64,1069.8744011805
-77,young_0_14,414.4908114584
-76,old_age_65_plus,61.0923311682
-76,working_age_15_64,662.0648796418
-76,young_0_14,258.7546027261
-75,old_age_65_plus,131.0449857033
-75,working_age_15_64,1495.4144917264
-75,young_0_14,669.9717845670
-74,old_age_65_plus,137.3368484611
-74,working_age_15_64,1304.0529362037
-74,young_0_14,638.9991920439
-73,old_age_65_plus,138.8134185461
-73,working_age_15_64,1867.3214569189
-73,young_0_14,916.5978252837
-72,old_age_65_plus,87.3642856297
-72,working_age_15_64,1531.6970592444
-72,young_0_14,936.4713280021
-71,old_age_65_plus,249.3493483247
-71,working_age_15_64,2659.7461497794
-71,young_0_14,1070.9446915674
-70,old_age_65_plus,70.3312938809
-70,working_age_15_64,699.2162165664
-70,young_0_14,279.3977938900
-69,old_age_65_plus,220.5344383386
-69,working_age_15_64,1304.0124093682
-69,young_0_14,666.9189887476
-68,old_age_65_plus,171.6586281158
-68,working_age_15_64,1594.2937878177
-68,young_0_14,890.2743927088
-67,old_age_65_plus,221.4415245454
-67,working_age_15_64,1592.7957942936
-67,young_0_14,642.8410861156
-66,old_age_65_plus,94.3367019214
-66,working_age_15_64,1166.6851987754
-66,young_0_14,583.5288609632
-65,old_age_65_plus,123.8355168951
-65,working_age_15_64,1401.8522579993
-65,young_0_14,705.2126457401
-64,old_age_65_plus,119.3799412968
-64,working_age_15_64,1203.2987075239
-64,young_0_14,557.0983637200
-63,old_age_65_plus,192.1142702402
-63,working_age_15_64,1195.4919025168
-63,young_0_14,583.2669706419
-62,old_age_65_plus,205.1452645871
-62,working_age_15_64,1583.1365362789
-62,young_0_14,815.3675761569
-61,old_age_65_plus,72.4326675822
-61,working_age_15_64,928.8442957970
-61,young_0_14,535.7249701174
-60,old_age_65_plus,128.6283059709
-60,working_age_15_64,799.4451329561
-60,young_0_14,365.8243207250
-59,old_age_65_plus,208.9439184780
-59,working_age_15_64,2471.1467630556
-59,young_0_14,1182.2275923332
-58,old_age_65_plus,79.0246137779
-58,working_age_15_64,931.6766600923
-58,young_0_14,494.1897223028
-57,old_age_65_plus,192.4445022265
-57,working_age_15_64,1620.9657185161
-57,young_0_14,810.1219375801
-56,old_age_65_plus,235.7804231102
-56,working_age_15_64,2244.6238577219
-56,young_0_14,947.6508965062
-55,old_age_65_plus,120.5970345226
-55,working_age_15_64,1132.4355260519
-55,young_0_14,452.0221996934
-54,old_age_65_plus,248.9053478276
-54,working_age_15_64,2275.6911547857
-54,young_0_14,1339.4865676733
-53,old_age_65_plus,965.5674131869
-53,working_age_15_64,5047.8481872897
-53,young_0_14,2026.9507279484
-52,old_age_65_plus,577.0669006844
-52,working_age_15_64,4525.6330360964
-52,young_0_14,1894.0102009016
-51,old_age_65_plus,493.8409350254
-51,working_age_15_64,3677.6328330301
-51,young_0_14,1363.0289166125
-50,old_age_65_plus,308.5746716676
-50,working_age_15_64,2133.0897191165
-50,young_0_14,816.7763967876
-49,old_age_65_plus,217.8192015102
-49,working_age_15_64,1850.5575909988
-49,young_0_14,532.0523148572
-48,old_age_65_plus,394.5412749407
-48,working_age_15_64,3584.3064574952
-48,young_0_14,1288.5123122248
-47,old_age_65_plus,235.6409466021
-47,working_age_15_64,1941.6106609444
-47,young_0_14,919.9567040865
-46,old_age_65_plus,323.4005316924
-46,working_age_15_64,2331.4420327747
-46,young_0_14,1006.8185607809
-45,old_age_65_plus,192.6979003831
-45,working_age_15_64,1884.6701783799
-45,young_0_14,864.1669197945
-44,old_age_65_plus,296.2241040261
-44,working_age_15_64,2599.4278980448
-44,young_0_14,1063.4105879481
-43,old_age_65_plus,290.9020736691
-43,working_age_15_64,2745.5277475528
-43,young_0_14,951.0500351194
-42,old_age_65_plus,399.8099360742
-42,working_age_15_64,3349.1970692596
-42,young_0_14,1349.6900852501
-41,old_age_65_plus,972.3918273698
-41,working_age_15_64,9602.8894147828
-41,young_0_14,5212.2602484080
-40,old_age_65_plus,1147.9530894228
-40,working_age_15_64,12036.6125060354
-40,young_0_14,7270.7552160344
-39,old_age_65_plus,1456.4418339121
-39,working_age_15_64,14608.4018214155
-39,young_0_14,8613.8086046939
-38,old_age_65_plus,1273.1716504526
-38,working_age_15_64,12878.7402799129
-38,young_0_14,7786.4422001051
-37,old_age_65_plus,1527.9348159149
-37,working_age_15_64,15972.4406636927
-37,young_0_14,9665.8112146382
-36,old_age_65_plus,1556.4553378501
-36,working_age_15_64,13240.4683292858
-36,young_0_14,7673.1274060830
-35,old_age_65_plus,1512.8614306605
-35,working_age_15_64,13929.9731578923
-35,young_0_14,7918.4741882886
-34,old_age_65_plus,2375.8119775911
-34,working_age_15_64,18566.3381289867
-34,young_0_14,9955.5801988323
-33,old_age_65_plus,1585.0332411613
-33,working_age_15_64,13114.4957903154
-33,young_0_14,7501.0690609573
-32,old_age_65_plus,906.0024702534
-32,working_age_15_64,8022.2233838793
-32,young_0_14,4625.1669734810
-31,old_age_65_plus,2266.0707148327
-31,working_age_15_64,22711.2970742995
-31,young_0_14,14343.7378736733
-30,old_age_65_plus,1325.1269941943
-30,working_age_15_64,10975.8561837163
-30,young_0_14,5875.1451199674
-29,old_age_65_plus,2008.9995680408
-29,working_age_15_64,18515.1376895241
-29,young_0_14,10835.2914382064
-28,old_age_65_plus,2033.3312241312
-28,working_age_15_64,23070.6246591633
-28,young_0_14,13712.4069148353
-27,old_age_65_plus,3696.0092885967
-27,working_age_15_64,31818.3932726213
-27,young_0_14,13881.5653027422
-26,old_age_65_plus,12060.5495521853
-26,working_age_15_64,92143.3680053816
-26,young_0_14,35378.6053749878
-25,old_age_65_plus,28735.5438504921
-25,working_age_15_64,222732.8098007493
-25,young_0_14,96614.7906379422
-24,old_age_65_plus,43234.7077064129
-24,working_age_15_64,310297.1708328431
-24,young_0_14,130710.4315626822
-23,old_age_65_plus,53091.6604661797
-23,working_age_15_64,358868.3315471720
-23,young_0_14,130399.9470542632
-22,old_age_65_plus,59209.8034223436
-22,working_age_15_64,377693.5228860595
-22,young_0_14,127018.4631848243
-21,old_age_65_plus,61502.1056117699
-21,working_age_15_64,379326.6128601544
-21,young_0_14,121445.1129548542
-20,old_age_65_plus,52638.4003131685
-20,working_age_15_64,337686.3183900487
-20,young_0_14,110886.6739783455
-19,old_age_65_plus,50778.0408467104
-19,working_age_15_64,318537.9424514188
-19,young_0_14,99656.5175710896
-18,old_age_65_plus,40388.3071654334
-18,working_age_15_64,266625.4545811086
-18,young_0_14,90804.3103543421
-17,old_age_65_plus,31085.7126808420
-17,working_age_15_64,206351.9621465878
-17,young_0_14,73099.2524706991
-16,old_age_65_plus,22972.2498872720
-16,working_age_15_64,165159.9536759918
-16,young_0_14,56585.6635279108
-15,old_age_65_plus,27557.1106516943
-15,working_age_15_64,192041.7123587251
-15,young_0_14,67081.8052635457
-14,old_age_65_plus,31232.3273708496
-14,working_age_15_64,208871.6914653045
-14,young_0_14,68873.5369410106
-13,old_age_65_plus,26626.7365575373
-13,working_age_15_64,198907.2313849452
-13,young_0_14,70269.8315128394
-12,old_age_65_plus,31021.6149579463
-12,working_age_15_64,225653.0797460523
-12,young_0_14,82749.3472392293
-11,old_age_65_plus,29918.9809507687
-11,working_age_15_64,227021.6769510778
-11,young_0_14,89114.6613350333
-10,old_age_65_plus,30930.6327918943
-10,working_age_15_64,230297.5972265722
-10,young_0_14,87543.8496809226
-9,old_age_65_plus,30274.6451449677
-9,working_age_15_64,211514.4642990930
-9,young_0_14,73817.8187207893
-8,old_age_65_plus,26598.2410648356
-8,working_age_15_64,195663.0989226098
-8,young_0_14,73703.3116011127
-7,old_age_65_plus,28953.5596219640
-7,working_age_15_64,212575.6027863089
-7,young_0_14,77002.2463417318
-6,old_age_65_plus,27768.6659232792
-6,working_age_15_64,208444.3630746680
-6,young_0_14,74614.4674408963
-5,old_age_65_plus,35520.0100560140
-5,working_age_15_64,256513.5866556957
-5,young_0_14,105604.5272526437
-4,old_age_65_plus,50696.0915537109
-4,working_age_15_64,281426.4842947434
-4,young_0_14,99478.3239984837
-3,old_age_65_plus,85435.2141450414
-3,working_age_15_64,424833.4621651748
-3,young_0_14,139078.2024263309
-2,old_age_65_plus,136722.2208133244
-2,working_age_15_64,701605.5688349165
-2,young_0_14,222557.6016608756
-1,old_age_65_plus,219690.7582492722
-1,working_age_15_64,1088191.0026304186
-1,young_0_14,321744.9431576224
0,old_age_65_plus,3941000.0892957407
0,working_age_15_64,19960488.6847360507
0,young_0_14,5134615.1048413953
1,old_age_65_plus,3650708.4441827210
1,working_age_15_64,19292471.3309402354
1,young_0_14,5207771.9943279605
2,old_age_65_plus,5557430.8894146169
2,working_age_15_64,30464173.7753645703
2,young_0_14,8615033.0451380089
3,old_age_65_plus,7775737.4329426214
3,working_age_15_64,42919208.3529379293
3,young_0_14,12055223.5111111924
4,old_age_65_plus,10864589.5881238319
4,working_age_15_64,61144869.3868035376
4,young_0_14,16373494.7274729405
5,old_age_65_plus,12683716.9606204629
5,working_age_15_64,72584118.3810842633
5,young_0_14,19755867.4916833602
6,old_age_65_plus,12747443.6440510359
6,working_age_15_64,75602759.2532979846
6,young_0_14,21573135.2086542025
7,old_age_65_plus,11767602.3557050377
7,working_age_15_64,71641201.5589532703
7,young_0_14,21407760.8294571713
8,old_age_65_plus,10717675.6945882440
8,working_age_15_64,66417953.7132780254
8,young_0_14,20885862.4932531342
9,old_age_65_plus,9937878.5080328230
9,working_age_15_64,61511335.2499494106
9,young_0_14,19835966.0288034193
10,old_age_65_plus,9227477.4548172038
10,working_age_15_64,56916728.8528156802
10,young_0_14,18400496.1317083426
11,old_age_65_plus,8472152.4878204670
11,working_age_15_64,52609334.1948137283
11,young_0_14,17126134.2083715722
12,old_age_65_plus,7710685.7648597108
12,working_age_15_64,48052881.6015766338
12,young_0_14,15787019.8360092230
13,old_age_65_plus,7141699.1122614769
13,working_age_15_64,44082636.3949666917
13,young_0_14,14509357.8239581361
14,old_age_65_plus,6637545.8826574767
14,working_age_15_64,41177599.1677841693
14,young_0_14,13553819.2374343537
15,old_age_65_plus,6424318.6534638591
15,working_age_15_64,40345399.6444707140
15,young_0_14,13258350.4688725658
16,old_age_65_plus,6108914.0381904999
16,working_age_15_64,38202538.3606610596
16,young_0_14,12528663.3671014812
17,old_age_65_plus,5870413.4589855783
17,working_age_15_64,36222636.9546945617
17,young_0_14,11820224.0767825004
18,old_age_65_plus,5665968.4417920988
18,working_age_15_64,34922845.4302006811
18,young_0_14,11372405.6209107004
19,old_age_65_plus,5443603.2225934304
19,working_age_15_64,32565288.6542732641
19,young_0_14,10458185.4475173336
20,old_age_65_plus,5377117.0447837515
20,working_age_15_64,32399844.2708875313
20,young_0_14,10417427.3089836836
21,old_age_65_plus,5277187.6211576145
21,working_age_15_64,31616773.4799913242
21,young_0_14,10085447.7371265758
22,old_age_65_plus,5203373.3850459345
22,working_age_15_64,30905344.0554436818
22,young_0_14,9971205.6244405787
23,old_age_65_plus,5189556.3466176521
23,working_age_15_64,30183571.0607281774
23,young_0_14,9654292.8630185537
24,old_age_65_plus,5203380.5273632165
24,working_age_15_64,30158378.7173171937
24,young_0_14,9631679.6212805342
25,old_age_65_plus,5036535.0928969095
25,working_age_15_64,28993968.1895687170
25,young_0_14,9224740.5717476588
26,old_age_65_plus,5078569.1754922299
26,working_age_15_64,28139046.4420813955
26,young_0_14,8806202.1790110804
27,old_age_65_plus,5125327.3203673549
27,working_age_15_64,28710461.5960177220
27,young_0_14,9004962.7768383101
28,old_age_65_plus,4950994.2972293478
28,working_age_15_64,27276472.7970924452
28,young_0_14,8500322.6235676631
29,old_age_65_plus,4941237.0664771963
29,working_age_15_64,27164898.5482100062
29,young_0_14,8440406.9429568909
30,old_age_65_plus,4754400.1683715722
30,working_age_15_64,26149722.5377849117
30,young_0_14,8191873.1768435976
31,old_age_65_plus,4715989.7468589731
31,working_age_15_64,25950554.5383222699
31,young_0_14,8104769.4357708031
32,old_age_65_plus,4402017.2751683537
32,working_age_15_64,24253784.2022628747
32,young_0_14,7633189.8202664275
33,old_age_65_plus,4332032.2942275750
33,working_age_15_64,23986955.7281404808
33,young_0_14,7587388.5069695832
34,old_age_65_plus,4322441.8567381306
34,working_age_15_64,24201413.9812900349
34,young_0_14,7795552.1885116827
35,old_age_65_plus,4183497.7107342998
35,working_age_15_64,23389891.7686769664
35,young_0_14,7612013.4967742926
36,old_age_65_plus,4194909.4762967257
36,working_age_15_64,23290637.4981336221
36,young_0_14,7542887.6651946139
37,old_age_65_plus,4183355.5617706580
37,working_age_15_64,23460785.9150717556
37,young_0_14,7772489.0219172640
38,old_age_65_plus,4015804.8312786855
38,working_age_15_64,22527125.3736748844
38,young_0_14,7465337.1082319645
39,old_age_65_plus,3898069.9589715423
39,working_age_15_64,21587868.6540560462
39,young_0_14,7095801.5519047696
40,old_age_65_plus,3822136.9246775741
40,working_age_15_64,20830937.5233391412
40,young_0_14,6822620.7210838245
41,old_age_65_plus,3903755.0547475559
41,working_age_15_64,21113847.4529502280
41,young_0_14,6915706.4730171934
42,old_age_65_plus,3735388.0176201644
42,working_age_15_64,20245234.2643728293
42,young_0_14,6712851.2133964952
43,old_age_65_plus,3637531.2625523307
43,working_age_15_64,20008736.4563781321
43,young_0_14,6629951.8553149467
44,old_age_65_plus,3464113.1213267106
44,working_age_15_64,19031223.5716784410
44,young_0_14,6352033.1141469525
45,old_age_65_plus,3504704.8556462694
45,working_age_15_64,19270961.0685809664
45,young_0_14,6444667.9055571239
46,old_age_65_plus,3534321.7203974989
46,working_age_15_64,19457253.1984197311
46,young_0_14,6635447.6656123456
47,old_age_65_plus,3487171.9943921403
47,working_age_15_64,19529967.8428271674
47,young_0_14,6766428.5499516353
48,old_age_65_plus,3342131.6076015253
48,working_age_15_64,18914831.3110971153
48,young_0_14,6659722.9794067182
49,old_age_65_plus,3270412.7064581793
49,working_age_15_64,18403412.9151386842
49,young_0_14,6413511.6006430415
50,old_age_65_plus,3335511.0562979407
50,working_age_15_64,18675219.1502999887
50,young_0_14,6511907.1159597877
51,old_age_65_plus,3295392.5485180318
51,working_age_15_64,18411054.6357867271
51,young_0_14,6375830.8384348620
52,old_age_65_plus,3158496.1177570811
52,working_age_15_64,18002337.7131082192
52,young_0_14,6386980.3162459899
53,old_age_65_plus,3097705.4300252437
53,working_age_15_64,17667666.1271246336
53,young_0_14,6343858.6865477050
54,old_age_65_plus,3026282.6413700352
54,working_age_15_64,17567254.2452136949
54,young_0_14,6328160.0122820968
55,old_age_65_plus,3007078.0271260650
55,working_age_15_64,17243257.6485841200
55,young_0_14,6106309.5324677574
56,old_age_65_plus,2907307.2924835784
56,working_age_15_64,16627020.0829778202
56,young_0_14,5973911.1469503865
57,old_age_65_plus,2828714.9565224117
57,working_age_15_64,16608247.3708954379
57,young_0_14,6119328.6466969997
58,old_age_65_plus,2758489.2691135439
58,working_age_15_64,15706059.2999527268
58,young_0_14,5683533.6446402874
59,old_age_65_plus,2714875.4824299542
59,working_age_15_64,15557240.6547929589
59,young_0_14,5658594.1786900256
60,old_age_65_plus,2647008.6680960185
60,working_age_15_64,15098882.6483225953
60,young_0_14,5457966.2929861611
61,old_age_65_plus,2612028.7135773078
61,working_age_15_64,14946897.7678597122
61,young_0_14,5300892.9338845946
62,old_age_65_plus,2495666.4792440254
62,working_age_15_64,14159325.1550482232
62,young_0_14,5093591.8530524252
63,old_age_65_plus,2559464.2857826748
63,working_age_15_64,14326173.3033546507
63,young_0_14,5145192.7829980617
64,old_age_65_plus,2546580.6633761004
64,working_age_15_64,14468510.7837116178
64,young_0_14,5186396.2415009281
65,old_age_65_plus,2363796.0986505486
65,working_age_15_64,13768930.6289946996
65,young_0_14,5050284.4183271034
66,old_age_65_plus,2317964.8142974060
66,working_age_15_64,13686516.8898116015
66,young_0_14,5121305.0221316284
67,old_age_65_plus,2347681.3692087624
67,working_age_15_64,13491732.4715363123
67,young_0_14,4972281.3343149917
68,old_age_65_plus,2311790.4618370589
68,working_age_15_64,13233836.8977948762
68,young_0_14,4842756.1628751699
69,old_age_65_plus,2299904.3149642856
69,working_age_15_64,13378153.6335871108
69,young_0_14,4851717.1234772587
70,old_age_65_plus,2322454.8871915624
70,working_age_15_64,13351626.2495092284
70,young_0_14,4713169.8876469871
71,old_age_65_plus,2243995.3059243900
71,working_age_15_64,13074862.1309223138
71,young_0_14,4678210.6920689084
72,old_age_65_plus,2169911.7737874980
72,working_age_15_64,12657441.7724055015
72,young_0_14,4516398.5558445863
73,old_age_65_plus,2135526.6616419028
73,working_age_15_64,12628509.2010808270
73,young_0_14,4483000.0363383070
74,old_age_65_plus,2150102.9635173180
74,working_age_15_64,12564998.1569828242
74,young_0_14,4456783.5795385940
75,old_age_65_plus,2102023.9833207121
75,working_age_15_64,12189802.5243176054
75,young_0_14,4287297.0432091765
76,old_age_65_plus,2119412.9000989948
76,working_age_15_64,12376814.6473819148
76,young_0_14,4370725.7388611818
77,old_age_65_plus,2168182.3192807729
77,working_age_15_64,12591699.9168377668
77,young_0_14,4465433.2984768087
78,old_age_65_plus,2189956.7129448643
78,working_age_15_64,12988383.1534761004
78,young_0_14,4674804.8680397253
79,old_age_65_plus,2153671.9050918934
79,working_age_15_64,12945592.2686658185
79,young_0_14,4638731.4300498301
80,old_age_65_plus,2153938.0218645246
80,working_age_15_64,13037040.9462384619
80,young_0_14,4612381.1054857420
81,old_age_65_plus,2188171.3861667127
81,working_age_15_64,13337476.8669380285
81,young_0_14,4722701.1827754742
82,old_age_65_plus,2198832.5916288220
82,working_age_15_64,13023431.9358561039
82,young_0_14,4595094.6687621260
83,old_age_65_plus,2176994.8501768517
83,working_age_15_64,12672684.8225843385
83,young_0_14,4442403.3512911685
84,old_age_65_plus,2046909.6683436716
84,working_age_15_64,11957213.4826209769
84,young_0_14,4285848.9929330414
85,old_age_65_plus,1974107.2068964089
85,working_age_15_64,11538888.6947371326
85,young_0_14,4063646.9463372068
86,old_age_65_plus,1978683.3705811028
86,working_age_15_64,11294985.4101391006
86,young_0_14,3927870.9074923098
87,old_age_65_plus,1970348.8017305459
87,working_age_15_64,11148822.3051099703
87,young_0_14,3893426.9263032414
88,old_age_65_plus,1923496.0449377166
88,working_age_15_64,10846020.2511989232
88,young_0_14,3816686.0400337735
89,old_age_65_plus,1872340.4237506890
89,working_age_15_64,10859302.2380974665
89,young_0_14,3823403.6237786487
90,old_age_65_plus,1903139.3693869326
90,working_age_15_64,10800953.6421026178
90,young_0_14,3804156.0222976021
91,old_age_65_plus,1859264.0694785058
91,working_age_15_64,10449488.3991423808
91,young_0_14,3684865.1621010881
92,old_age_65_plus,1767702.5350834872
92,working_age_15_64,9952080.4797731638
92,young_0_14,3444613.2067859089
93,old_age_65_plus,1711589.1854159078
93,working_age_15_64,9661086.6267587114
93,young_0_14,3350035.4360245881
94,old_age_65_plus,1850372.6168507419
94,working_age_15_64,10178814.7205318678
94,young_0_14,3517117.5381333623
95,old_age_65_plus,1742972.4854433178
95,working_age_15_64,9842019.4690601509
95,young_0_14,3419065.0246488019
96,old_age_65_plus,1755217.9369514645
96,working_age_15_64,9726616.8333341181
96,young_0_14,3369797.3513709744
97,old_age_65_plus,1755207.4259102878
97,working_age_15_64,9674343.3012929149
97,young_0_14,3347819.7563207513
98,old_age_65_plus,1731223.9530609627
98,working_age_15_64,9623927.7533674520
98,young_0_14,3333101.2113608150
99,old_age_65_plus,1690816.3317801678
99,working_age_15_64,9146341.8347476069
99,young_0_14,3172302.7441453198
100,old_age_65_plus,1666089.7084328432
100,working_age_15_64,9100306.8371944707
100,young_0_14,3165481.1824018112
101,old_age_65_plus,1670747.5593282096
101,working_age_15_64,9131378.6343353465
101,young_0_14,3155006.8023137040
102,old_age_65_plus,1680202.2596371847
102,working_age_15_64,9324027.6893626675
102,young_0_14,3282140.6718454072
103,old_age_65_plus,1631920.0151343655
103,working_age_15_64,8972506.3957633078
103,young_0_14,3149708.3009255836
104,old_age_65_plus,1650176.3566991461
104,working_age_15_64,8961411.0850056112
104,young_0_14,3127673.2899470474
105,old_age_65_plus,1590066.4541216872
105,working_age_15_64,8624950.5784978662
105,young_0_14,3013780.3312692209
106,old_age_65_plus,1647378.8890840232
106,working_age_15_64,8894737.0179937482
106,young_0_14,3102259.3761230898
107,old_age_65_plus,1599529.6460804355
107,working_age_15_64,8789038.8085548952
107,young_0_14,3103608.8653544304
108,old_age_65_plus,1616288.5707057104
108,working_age_15_64,8666686.7789963726
108,young_0_14,3055564.8942936757
109,old_age_65_plus,1609557.9580025277
109,working_age_15_64,8568861.7481362261
109,young_0_14,2985473.2307780450
110,old_age_65_plus,1530144.3652908900
110,working_age_15_64,8211081.6306054909
110,young_0_14,2883548.7562345639
111,old_age_65_plus,1533769.8041968301
111,working_age_15_64,8222476.6547309095
111,young_0_14,2905693.4176424574
112,old_age_65_plus,1552843.7307066105
112,working_age_15_64,8278914.1978005394
112,young_0_14,2922489.8655525474
113,old_age_65_plus,1562177.0636840847
113,working_age_15_64,8440615.4359162077
113,young_0_14,2957438.5156617314
114,old_age_65_plus,1530902.8632247865
114,working_age_15_64,8206899.9213501103
114,young_0_14,2899962.2260561297
115,old_age_65_plus,1564302.4495650777
115,working_age_15_64,8490941.7584103290
115,young_0_14,2995171.4865772869
116,old_age_65_plus,1552008.3911549528
116,working_age_15_64,8307531.5836831247
116,young_0_14,2901621.7462949725
117,old_age_65_plus,1528726.3489019813
117,working_age_15_64,8394466.4633897003
117,young_0_14,2931750.2279219739
118,old_age_65_plus,1524668.3583952084
118,working_age_15_64,8282139.9416274978
118,young_0_14,2893770.0600991105
119,old_age_65_plus,1484358.2866812528
119,working_age_15_64,8006750.7811083319
119,young_0_14,2825848.2441061097
120,old_age_65_plus,1527669.3891897353
120,working_age_15_64,8294793.7013901528
120,young_0_14,2905950.4413366555
121,old_age_65_plus,1432925.6300067063
121,working_age_15_64,8076723.8977620555
121,young_0_14,2911014.5080784280
122,old_age_65_plus,1473450.5172540357
122,working_age_15_64,8276592.5184043692
122,young_0_14,2986256.2709430233
123,old_age_65_plus,1496095.4692157884
123,working_age_15_64,8314095.1050218008
123,young_0_14,2950684.5463852929
124,old_age_65_plus,1485132.0255701845
124,working_age_15_64,8330226.4761096220
124,young_0_14,3005743.4273065086
125,old_age_65_plus,1435962.9724679978
125,working_age_15_64,8176149.0030823238
125,young_0_14,2996323.3282730207
126,old_age_65_plus,1458052.4657691263
126,working_age_15_64,8098449.2361595593
126,young_0_14,2908845.2971427878
127,old_age_65_plus,1410179.7662045658
127,working_age_15_64,7758207.5274029467
127,young_0_14,2765159.1618515062
128,old_age_65_plus,1381370.4983309661
128,working_age_15_64,7507288.5152943628
128,young_0_14,2648539.5425271573
129,old_age_65_plus,1421903.6624622331
129,working_age_15_64,7706797.3229109775
129,young_0_14,2744128.8573116898
130,old_age_65_plus,1344419.9011067396
130,working_age_15_64,7291354.3980109924
130,young_0_14,2562022.8836181308
131,old_age_65_plus,1342468.7300334019
131,working_age_15_64,7217226.6650498519
131,young_0_14,2496444.9933650950
132,old_age_65_plus,1335324.3991334592
132,working_age_15_64,7066559.3285904089
132,young_0_14,2437147.5412143320
133,old_age_65_plus,1299788.0763909230
133,working_age_15_64,6808460.8288100855
133,young_0_14,2310382.1843545483
134,old_age_65_plus,1323318.5177564595
134,working_age_15_64,6894453.2095644074
134,young_0_14,2344379.8748623654
135,old_age_65_plus,1310446.7737568317
135,working_age_15_64,6927881.2276141690
135,young_0_14,2378811.9560894025
136,old_age_65_plus,1286466.3315029070
136,working_age_15_64,6811843.5651248321
136,young_0_14,2333194.4442869332
137,old_age_65_plus,1306019.2751822870
137,working_age_15_64,6930734.9753513476
137,young_0_14,2405107.6373247914
138,old_age_65_plus,1289969.8461732490
138,working_age_15_64,6821286.4769664146
138,young_0_14,2380590.6065920005
139,old_age_65_plus,1324692.1321359370
139,working_age_15_64,7109812.9508041153
139,young_0_14,2462474.0318334415
140,old_age_65_plus,1272050.6054424047
140,working_age_15_64,6904892.2606390659
140,young_0_14,2419554.3397944202
141,old_age_65_plus,1311541.3953455042
141,working_age_15_64,7082304.8573590415
141,young_0_14,2472525.9487948394
142,old_age_65_plus,1285452.2317541030
142,working_age_15_64,6967796.8059491040
142,young_0_14,2402455.0633868687
143,old_age_65_plus,1268535.9184342423
143,working_age_15_64,6876452.6676416006
143,young_0_14,2394745.4504128466
144,old_age_65_plus,1266599.0981540109
144,working_age_15_64,6860259.4015552988
144,young_0_14,2394154.1981093884
145,old_age_65_plus,1303138.5421988450
145,working_age_15_64,7039381.2341885371
145,young_0_14,2430962.8822538177
146,old_age_65_plus,1261504.9510363454
146,working_age_15_64,6893905.9541621702
146,young_0_14,2384178.7057621209
147,old_age_65_plus,1264186.7992888479
147,working_age_15_64,6975501.7834863663
147,young_0_14,2437593.2833591718
148,old_age_65_plus,1288171.3593281414
148,working_age_15_64,6932009.9037753539
148,young_0_14,2351392.7981340690
149,old_age_65_plus,1282303.1389991685
149,working_age_15_64,6923426.8279691730
149,young_0_14,2392126.0921840388
150,old_age_65_plus,1290675.1893101626
150,working_age_15_64,7045096.5917365868
150,young_0_14,2450915.6773634157
151,old_age_65_plus,1228820.0898027613
151,working_age_15_64,6711197.8513182634
151,young_0_14,2361460.6109983502
152,old_age_65_plus,1204907.2669538902
152,working_age_15_64,6600588.0993240047
152,young_0_14,2313551.4102576389
153,old_age_65_plus,1200193.1514297826
153,working_age_15_64,6530929.3586204723
153,young_0_14,2271455.2300034673
154,old_age_65_plus,1171680.0202879466
154,working_age_15_64,6437390.8598958272
154,young_0_14,2295473.7259380408
155,old_age_65_plus,1205032.1430919424
155,working_age_15_64,6429543.3399215834
155,young_0_14,2261468.8534498881
156,old_age_65_plus,1184225.2584879256
156,working_age_15_64,6350791.2023860300
156,young_0_14,2261794.8958770595
157,old_age_65_plus,1168361.8861123642
157,working_age_15_64,6500900.6787637072
157,young_0_14,2365873.2971952506
158,old_age_65_plus,1180597.1369899430
158,working_age_15_64,6375901.0647681411
158,young_0_14,2292973.2229044680
159,old_age_65_plus,1203116.5473046200
159,working_age_15_64,6470968.0798771828
159,young_0_14,2293982.9378259750
160,old_age_65_plus,1166976.9306069701
160,working_age_15_64,6317818.0866075484
160,young_0_14,2263069.2834902424
161,old_age_65_plus,1156357.2490701436
161,working_age_15_64,6265409.9109924836
161,young_0_14,2220685.8503207709
162,old_age_65_plus,1152811.1048076488
162,working_age_15_64,6121505.4646876287
162,young_0_14,2167687.1528223888
163,old_age_65_plus,1098889.8779583490
163,working_age_15_64,5840922.6241611131
163,young_0_14,2041275.5083310222
164,old_age_65_plus,1128565.7305333442
164,working_age_15_64,6156381.2086017570
164,young_0_14,2203274.5598872239
165,old_age_65_plus,1113124.7111393986
165,working_age_15_64,6100085.9077812862
165,young_0_14,2187680.1124573504
166,old_age_65_plus,1127229.0013349052
166,working_age_15_64,6260199.1059248019
166,young_0_14,2259942.2107427167
167,old_age_65_plus,1070315.0675053655
167,working_age_15_64,5928591.4139113119
167,young_0_14,2142756.3034958462
168,old_age_65_plus,1115645.2711210181
168,working_age_15_64,6247239.7722314587
168,young_0_14,2253957.6013462017
169,old_age_65_plus,1093586.9941313546
169,working_age_15_64,6099899.8583254684
169,young_0_14,2227048.7764564399
170,old_age_65_plus,1098740.2668905116
170,working_age_15_64,6243100.8547683461
170,young_0_14,2282124.7733294568
171,old_age_65_plus,1097271.7572357187
171,working_age_15_64,6335599.5455780812
171,young_0_14,2328918.5400784281
172,old_age_65_plus,1125222.2690379943
172,working_age_15_64,6609794.1882471824
172,young_0_14,2441187.2995441589
173,old_age_65_plus,1076565.6029491734
173,working_age_15_64,6121860.7937586196
173,young_0_14,2247464.8979626168
174,old_age_65_plus,1058201.4484004194
174,working_age_15_64,6027888.3520274060
174,young_0_14,2237431.4633384822
175,old_age_65_plus,1074260.1272965954
175,working_age_15_64,6004712.3876866344
175,young_0_14,2175559.0569656137
176,old_age_65_plus,1077581.5041594182
176,working_age_15_64,6013891.0273943245
176,young_0_14,2182468.5684688971
177,old_age_65_plus,1077803.3478884147
177,working_age_15_64,6034102.1705212323
177,young_0_14,2178481.3012002832
178,old_age_65_plus,1108662.6953809224
178,working_age_15_64,6293938.5969713796
178,young_0_14,2277368.0145646203
179,old_age_65_plus,1081917.0962515909
179,working_age_15_64,5990918.7853571931
179,young_0_14,2147406.4756444651
180,old_age_65_plus,1103398.6907542339
180,working_age_15_64,6269502.0069731185
180,young_0_14,2278849.4890985023
181,old_age_65_plus,1126780.0610707125
181,working_age_15_64,6492892.6019432871
181,young_0_14,2406952.6539573497
182,old_age_65_plus,1111746.4812011940
182,working_age_15_64,6323908.6595146153
182,young_0_14,2288626.8240036396
183,old_age_65_plus,1139932.7168022562
183,working_age_15_64,6533945.4330038233
183,young_0_14,2390462.9494561139
184,old_age_65_plus,1131347.1835474363
184,working_age_15_64,6668692.0061578779
184,young_0_14,2435749.8121278831
185,old_age_65_plus,1131125.4562224408
185,working_age_15_64,6685000.5646061748
185,young_0_14,2457924.3262706511
186,old_age_65_plus,1115900.0017474992
186,working_age_15_64,6649749.3034737604
186,young_0_14,2497942.8489241786
187,old_age_65_plus,1084655.8516308130
187,working_age_15_64,6380707.2741770688
187,young_0_14,2406882.9680428673
188,old_age_65_plus,1078891.2499136261
188,working_age_15_64,6303139.7612880999
188,young_0_14,2366039.0546657778
189,old_age_65_plus,1091994.2461590930
189,working_age_15_64,6283458.2752224179
189,young_0_14,2324586.5868915478
190,old_age_65_plus,1058472.4761004767
190,working_age_15_64,6088612.0258555878
190,young_0_14,2258078.0212319503
191,old_age_65_plus,1058560.7872399169
191,working_age_15_64,5993721.9981704252
191,young_0_14,2185599.2914305446
192,old_age_65_plus,1070892.1297332577
192,working_age_15_64,6040236.5569310598
192,young_0_14,2209259.3719163481
193,old_age_65_plus,1054188.9071006794
193,working_age_15_64,6033069.8805988608
193,young_0_14,2212439.9774496141
194,old_age_65_plus,1035744.1438648892
194,working_age_15_64,5810956.0594110182
194,young_0_14,2135321.0112774372
195,old_age_65_plus,1000250.3012369765
195,working_age_15_64,5644022.4427985698
195,young_0_14,2050054.3945564777
196,old_age_65_plus,1008498.2995888441
196,working_age_15_64,5719918.1099327123
196,young_0_14,2101443.3032787689
197,old_age_65_plus,1023908.2488553653
197,working_age_15_64,5828934.6535488525
197,young_0_14,2124853.8703230354
198,old_age_65_plus,1026048.4331915021
198,working_age_15_64,5961732.0187142063
198,young_0_14,2173361.1092920606
199,old_age_65_plus,1032145.5961773182
199,working_age_15_64,5843045.2151727611
199,young_0_14,2100061.8902525660
200,old_age_65_plus,1000248.0004645119
200,working_age_15_64,5760372.1019857563
200,young_0_14,2075395.1586591760
201,old_age_65_plus,989839.1708810307
201,working_age_15_64,5914640.2841857756
201,young_0_14,2192552.5453209761
202,old_age_65_plus,1000794.1846224704
202,working_age_15_64,5951012.4381056242
202,young_0_14,2208730.2186783757
203,old_age_65_plus,1023549.6530930895
203,working_age_15_64,6033996.1278584609
203,young_0_14,2196470.6191434497
204,old_age_65_plus,1030358.0269205208
204,working_age_15_64,6219324.3724807026
204,young_0_14,2285475.8813576032
205,old_age_65_plus,998475.0257460001
205,working_age_15_64,6202480.8170995275
205,young_0_14,2314070.1255686525
206,old_age_65_plus,1011841.1706517548
206,working_age_15_64,6297708.0813255217
206,young_0_14,2348899.3168309266
207,old_age_65_plus,1003588.4661859017
207,working_age_15_64,6320642.4111936474
207,young_0_14,2353605.2053917586
208,old_age_65_plus,1069556.0616932677
208,working_age_15_64,7107087.4701118404
208,young_0_14,2626366.0557266716
209,old_age_65_plus,1037840.5220586996
209,working_age_15_64,6926627.5800750293
209,young_0_14,2583124.3235427188
210,old_age_65_plus,1026912.0439843362
210,working_age_15_64,6764848.4724062588
210,young_0_14,2517040.5817272221
211,old_age_65_plus,1001372.1637330254
211,working_age_15_64,6594535.7335176840
211,young_0_14,2457906.5099564390
212,old_age_65_plus,1011352.1254234511
212,working_age_15_64,6717707.4859302640
212,young_0_14,2505454.2550043110
213,old_age_65_plus,1030003.3120378302
213,working_age_15_64,7044750.4207367869
213,young_0_14,2570257.1904088878
214,old_age_65_plus,1034321.2043698977
214,working_age_15_64,7254431.6275940547
214,young_0_14,2640119.2279629456
215,old_age_65_plus,1103208.4696868476
215,working_age_15_64,7699872.1833512513
215,young_0_14,2792241.0887153773
216,old_age_65_plus,1080931.8710584587
216,working_age_15_64,7700232.7048444217
216,young_0_14,2804071.7163105509
217,old_age_65_plus,1064224.0631694172
217,working_age_15_64,7519116.1723480839
217,young_0_14,2705441.7763544270
218,old_age_65_plus,1008924.0388424225
218,working_age_15_64,7003803.8765593832
218,young_0_14,2509952.4125557067
219,old_age_65_plus,989761.8610328588
219,working_age_15_64,6594010.8756990815
219,young_0_14,2352672.7702532024
220,old_age_65_plus,936859.0583371924
220,working_age_15_64,5950211.2792778146
220,young_0_14,2159035.3723544823
221,old_age_65_plus,922070.8049619638
221,working_age_15_64,5761579.6384007735
221,young_0_14,2084047.7324507267
222,old_age_65_plus,888655.9224661866
222,working_age_15_64,5598693.9807406701
222,young_0_14,2060037.8728873122
223,old_age_65_plus,890706.3901252347
223,working_age_15_64,5692122.7008705707
223,young_0_14,2116932.8014905062
224,old_age_65_plus,880995.1802630322
224,working_age_15_64,5530942.9322979497
224,young_0_14,2064244.5029012491
225,old_age_65_plus,898324.1415255712
225,working_age_15_64,5600471.6602904266
225,young_0_14,2104076.0442146598
226,old_age_65_plus,927433.1027233988
226,working_age_15_64,5838918.9779540319
226,young_0_14,2176770.6936273254
227,old_age_65_plus,910482.1376983873
227,working_age_15_64,5737730.2403348926
227,young_0_14,2121862.3111470793
228,old_age_65_plus,878562.0819637564
228,working_age_15_64,5406513.5526013542
228,young_0_14,1955240.6400855111
229,old_age_65_plus,880850.3819025438
229,working_age_15_64,5427858.4524052814
229,young_0_14,1963784.8601148829
230,old_age_65_plus,878430.8023079019
230,working_age_15_64,5297545.1581121543
230,young_0_14,1918979.3694011625
231,old_age_65_plus,878551.8789458787
231,working_age_15_64,5257703.2066873861
231,young_0_14,1858962.4234042654
232,old_age_65_plus,921196.0457672793
232,working_age_15_64,5369816.1388370954
232,young_0_14,1888860.9382490134
233,old_age_65_plus,867652.8743924799
233,working_age_15_64,5116532.8372527370
233,young_0_14,1854934.7439257859
234,old_age_65_plus,860402.8793033559
234,working_age_15_64,5065276.2365483241
234,young_0_14,1827506.1033454905
235,old_age_65_plus,810013.1271938320
235,working_age_15_64,4908015.4093964621
235,young_0_14,1794175.5485137734
236,old_age_65_plus,841895.5824639478
236,working_age_15_64,4986765.6186894383
236,young_0_14,1777510.7672196343
237,old_age_65_plus,845709.5270630271
237,working_age_15_64,5031436.1369050387
237,young_0_14,1776541.5236911115
238,old_age_65_plus,830730.8771917740
238,working_age_15_64,4936992.1426750747
238,young_0_14,1752340.9509143617
239,old_age_65_plus,781602.7814560678
239,working_age_15_64,4624407.5525549371
239,young_0_14,1668639.7886530224
240,old_age_65_plus,779176.3369325578
240,working_age_15_64,4484356.7864023559
240,young_0_14,1581798.4068116166
241,old_age_65_plus,783337.2632263290
241,working_age_15_64,4532513.2175018266
241,young_0_14,1633726.5596440844
242,old_age_65_plus,757203.0783874335
242,working_age_15_64,4505362.5482379412
242,young_0_14,1614908.8555560031
243,old_age_65_plus,777660.2883094356
243,working_age_15_64,4595204.8113404587
243,young_0_14,1653292.0880415551
244,old_age_65_plus,779297.3250783416
244,working_age_15_64,4479136.7753077596
244,young_0_14,1588848.6261341560
245,old_age_65_plus,748307.5025708262
245,working_age_15_64,4353981.6823708331
245,young_0_14,1566469.9903788338
246,old_age_65_plus,761722.4276670407
246,working_age_15_64,4412020.9730272284
246,young_0_14,1574785.7546658975
247,old_age_65_plus,738858.6947774432
247,working_age_15_64,4319340.5039464049
247,young_0_14,1556977.9509629125
248,old_age_65_plus,748296.7544252023
248,working_age_15_64,4337607.3438823624
248,young_0_14,1557391.7861247882
249,old_age_65_plus,737498.3669071408
249,working_age_15_64,4338631.3816922493
249,young_0_14,1573867.1784525053
250,old_age_65_plus,723719.3731350801
250,working_age_15_64,4186697.9190346543
250,young_0_14,1518561.2118222569
251,old_age_65_plus,734851.3794457994
251,working_age_15_64,4250480.6879459675
251,young_0_14,1530116.5209973447
252,old_age_65_plus,703528.8143847835
252,working_age_15_64,4157079.8135139057
252,young_0_14,1521773.8323027173
253,old_age_65_plus,750508.3222929783
253,working_age_15_64,4258956.0369191747
253,young_0_14,1531714.1729790187
254,old_age_65_plus,705616.1120573176
254,working_age_15_64,4153535.1428661202
254,young_0_14,1532237.5984548670
255,old_age_65_plus,737916.1616024373
255,working_age_15_64,4264560.6713277698
255,young_0_14,1565070.3945541722
256,old_age_65_plus,714911.0498833194
256,working_age_15_64,4281950.6475127349
256,young_0_14,1625071.4735364285
257,old_age_65_plus,740042.0099387302
257,working_age_15_64,4280433.4869505800
257,young_0_14,1556831.8949442962
258,old_age_65_plus,703933.4043140017
258,working_age_15_64,4012607.0807408523
258,young_0_14,1450030.8643354713
259,old_age_65_plus,680921.8182896426
259,working_age_15_64,3842798.9165163767
259,young_0_14,1404108.5969642056
260,old_age_65_plus,671325.4691302903
260,working_age_15_64,3913474.2519326503
260,young_0_14,1439272.9412216751
261,old_age_65_plus,701144.7726300727
261,working_age_15_64,3984876.6666473649
261,young_0_14,1463577.4294147992
262,old_age_65_plus,704128.1928614306
262,working_age_15_64,4035154.9697998906
262,young_0_14,1490651.6622818224
263,old_age_65_plus,691884.7801757858
263,working_age_15_64,4022572.3358294498
263,young_0_14,1492726.6578217391
264,old_age_65_plus,696743.3610969542
264,working_age_15_64,4051319.9263901100
264,young_0_14,1523691.7083030916
265,old_age_65_plus,702086.9160892571
265,working_age_15_64,4126473.3757905425
265,young_0_14,1585864.2825153787
266,old_age_65_plus,703550.8500524684
266,working_age_15_64,4197036.9121257160
266,young_0_14,1621802.5830989047
267,old_age_65_plus,690074.4833599983
267,working_age_15_64,4141513.2172767194
267,young_0_14,1586600.3953800877
268,old_age_65_plus,695387.9082646776
268,working_age_15_64,4117826.3782269377
268,young_0_14,1581537.2129277636
269,old_age_65_plus,691143.4093429347
269,working_age_15_64,3967425.1123573380
269,young_0_14,1509425.8714447040
270,old_age_65_plus,664991.5182358604
270,working_age_15_64,3954214.3759904956
270,young_0_14,1530483.6678819954
271,old_age_65_plus,681034.1230765880
271,working_age_15_64,3997233.3311219346
271,young_0_14,1552731.1679587888
272,old_age_65_plus,667454.3300915170
272,working_age_15_64,3890365.0116139790
272,young_0_14,1479000.7146502291
273,old_age_65_plus,677206.6736702889
273,working_age_15_64,3900443.1340397019
273,young_0_14,1470970.1173818710
274,old_age_65_plus,680632.3343500900
274,working_age_15_64,3920597.3452918725
274,young_0_14,1492826.1932969033
275,old_age_65_plus,687776.4379980189
275,working_age_15_64,4013994.9147831504
275,young_0_14,1517113.8681861921
276,old_age_65_plus,641557.0890102506
276,working_age_15_64,3830834.3025420606
276,young_0_14,1485997.4987570862
277,old_age_65_plus,645374.6415850534
277,working_age_15_64,3894650.7614401230
277,young_0_14,1567612.3476976592
278,old_age_65_plus,643254.5227272172
278,working_age_15_64,3884839.6042103069
278,young_0_14,1538890.3709173233
279,old_age_65_plus,643691.9593638473
279,working_age_15_64,3886511.9262709483
279,young_0_14,1546916.3404361508
280,old_age_65_plus,672851.0954555423
280,working_age_15_64,4060610.9080550685
280,young_0_14,1596665.3584115384
281,old_age_65_plus,619832.5180329601
281,working_age_15_64,3758901.6359584872
281,young_0_14,1515715.6569666718
282,old_age_65_plus,637255.4913242317
282,working_age_15_64,3757729.7854350493
282,young_0_14,1493154.4331642031
283,old_age_65_plus,634440.2643550253
283,working_age_15_64,3928304.4853192731
283,young_0_14,1579749.3017207847
284,old_age_65_plus,643084.5605135243
284,working_age_15_64,3895024.8093516543
284,young_0_14,1574358.0030508959
285,old_age_65_plus,643428.4545114153
285,working_age_15_64,3998726.2764120423
285,young_0_14,1632216.3972937930
286,old_age_65_plus,632822.4658727108
286,working_age_15_64,3824561.3823609832
286,young_0_14,1550051.2574116974
287,old_age_65_plus,664790.9681361052
287,working_age_15_64,4086894.8450285071
287,young_0_14,1691796.5067328115
288,old_age_65_plus,605318.9814289949
288,working_age_15_64,3873413.2540819072
288,young_0_14,1662150.2966405498
289,old_age_65_plus,630696.5570327272
289,working_age_15_64,4125799.7625185149
289,young_0_14,1838014.5025070775
290,old_age_65_plus,603713.0645448221
290,working_age_15_64,3882798.7673363751
290,young_0_14,1697343.7608192905
291,old_age_65_plus,633292.5401021017
291,working_age_15_64,4086777.6676148502
291,young_0_14,1771611.2558420007
292,old_age_65_plus,598700.8425809443
292,working_age_15_64,3954838.3307028618
292,young_0_14,1723311.7652199999
293,old_age_65_plus,616240.3928683201
293,working_age_15_64,4096450.6680438817
293,young_0_14,1824508.2363756101
294,old_age_65_plus,594084.7374375091
294,working_age_15_64,4033363.3503912818
294,young_0_14,1837222.2192414342
295,old_age_65_plus,617391.5269590438
295,working_age_15_64,4109872.6876712702
295,young_0_14,1842492.7238935719
296,old_age_65_plus,617645.4409987192
296,working_age_15_64,4263678.2241636338
296,young_0_14,1974940.5849115979
297,old_age_65_plus,620447.4267513250
297,working_age_15_64,4138677.7372646155
297,young_0_14,1854557.2626467235
298,old_age_65_plus,605619.4262470542
298,working_age_15_64,4093868.3526386982
298,young_0_14,1838967.0381561136
299,old_age_65_plus,621407.2342660862
299,working_age_15_64,4087026.0911906655
299,young_0_14,1753248.2266974023
300,old_age_65_plus,622367.9742997105
300,working_age_15_64,4123327.7725688359
300,young_0_14,1789810.6327696724
301,old_age_65_plus,586317.6714103483
301,working_age_15_64,3874000.3630194678
301,young_0_14,1644294.9062345943
302,old_age_65_plus,588990.2282663797
302,working_age_15_64,3839933.5527292946
302,young_0_14,1608346.1496000155
303,old_age_65_plus,584021.9995534397
303,working_age_15_64,3849198.9470021818
303,young_0_14,1653713.9879825325
304,old_age_65_plus,589512.2614884578
304,working_age_15_64,3981604.1805129540
304,young_0_14,1726437.7486863770
305,old_age_65_plus,583932.6669963989
305,working_age_15_64,3905666.8628156162
305,young_0_14,1718721.5487926987
306,old_age_65_plus,569155.9505567742
306,working_age_15_64,3762578.1545385956
306,young_0_14,1633288.2445886475
307,old_age_65_plus,609130.5278825157
307,working_age_15_64,4085311.4496742352
307,young_0_14,1751978.5465498208
308,old_age_65_plus,572839.7005052913
308,working_age_15_64,3689503.9827245977
308,young_0_14,1564743.2025454305
309,old_age_65_plus,595136.0115253230
309,working_age_15_64,3869206.1544159176
309,young_0_14,1649464.7367371428
310,old_age_65_plus,555866.9351676451
310,working_age_15_64,3644463.4059072286
310,young_0_14,1534956.5068381315
311,old_age_65_plus,576602.2032306193
311,working_age_15_64,3703305.1509227343
311,young_0_14,1578681.4318221891
312,old_age_65_plus,553014.9503642141
312,working_age_15_64,3609807.3944593421
312,young_0_14,1567149.4755034468
313,old_age_65_plus,589202.2859012999
313,working_age_15_64,3729834.8687791131
313,young_0_14,1548460.5694111644
314,old_age_65_plus,561949.2718876757
314,working_age_15_64,3738366.3425959554
314,young_0_14,1637484.8325239609
315,old_age_65_plus,568557.6076230223
315,working_age_15_64,3574715.5557164997
315,young_0_14,1502090.9784455341
316,old_age_65_plus,553362.5840979172
316,working_age_15_64,3560097.3361424659
316,young_0_14,1520412.1764893977
317,old_age_65_plus,529333.3072938028
317,working_age_15_64,3575725.1936767492
317,young_0_14,1580553.1837464881
318,old_age_65_plus,550830.6706913960
318,working_age_15_64,3538513.4199284008
318,young_0_14,1528902.1438698634
319,old_age_65_plus,525437.7776125952
319,working_age_15_64,3405055.7362583438
319,young_0_14,1487886.9705689086
320,old_age_65_plus,504143.8920817621
320,working_age_15_64,3307426.8474399573
320,young_0_14,1476194.5893070516
321,old_age_65_plus,537228.9618419106
321,working_age_15_64,3452428.4523041863
321,young_0_14,1496693.7162024984
322,old_age_65_plus,507188.2607406206
322,working_age_15_64,3256978.8917263211
322,young_0_14,1416604.9159288818
323,old_age_65_plus,505128.0403384083
323,working_age_15_64,3131515.4393291958
323,young_0_14,1369783.5596171543
324,old_age_65_plus,512297.4587028532
324,working_age_15_64,3242162.8470751634
324,young_0_14,1406291.7462217424
325,old_age_65_plus,499034.1258026270
325,working_age_15_64,3273513.5489809751
325,young_0_14,1452296.9333730110
326,old_age_65_plus,497211.8925124391
326,working_age_15_64,3191117.9768959917
326,young_0_14,1420442.8287743975
327,old_age_65_plus,492252.4399579685
327,working_age_15_64,3235178.3427824839
327,young_0_14,1437882.4671548940
328,old_age_65_plus,484719.4072703957
328,working_age_15_64,3137636.8989806380
328,young_0_14,1410739.7798636965
329,old_age_65_plus,489337.6667598175
329,working_age_15_64,3136506.8902422329
329,young_0_14,1438250.5984453519
330,old_age_65_plus,478810.4969883759
330,working_age_15_64,3158843.7916210382
330,young_0_14,1447280.1388890522
331,old_age_65_plus,488118.3873034938
331,working_age_15_64,3185414.2294609314
331,young_0_14,1456602.5850977956
332,old_age_65_plus,496256.5264210536
332,working_age_15_64,3214957.9307412612
332,young_0_14,1444907.9345035083
333,old_age_65_plus,501490.9480286703
333,working_age_15_64,3301988.2292786329
333,young_0_14,1529355.9357605036
334,old_age_65_plus,496337.7720373319
334,working_age_15_64,3153814.5301154656
334,young_0_14,1440111.3555811569
335,old_age_65_plus,493080.6136424185
335,working_age_15_64,3222113.4210258038
335,young_0_14,1499569.5509395122
336,old_age_65_plus,498498.6047801882
336,working_age_15_64,3255372.0570765585
336,young_0_14,1524723.6485574620
337,old_age_65_plus,475642.8311908836
337,working_age_15_64,3112093.1650690334
337,young_0_14,1397037.1201162534
338,old_age_65_plus,470877.2554934050
338,working_age_15_64,3020998.6599401003
338,young_0_14,1377486.8040125035
339,old_age_65_plus,452884.9673775958
339,working_age_15_64,2965898.2899309006
339,young_0_14,1343979.8786232143
340,old_age_65_plus,465181.3338341917
340,working_age_15_64,3037416.9914803249
340,young_0_14,1433478.2033907201
341,old_age_65_plus,441641.9754453139
341,working_age_15_64,2811715.3582719420
341,young_0_14,1263242.8784032196
342,old_age_65_plus,445275.8396433573
342,working_age_15_64,2880746.1797139803
342,young_0_14,1303610.3943855967
343,old_age_65_plus,449698.3669861929
343,working_age_15_64,2898675.3437274597
343,young_0_14,1296723.5155306575
344,old_age_65_plus,453345.4559427780
344,working_age_15_64,2868563.2881676387
344,young_0_14,1282481.2471227045
345,old_age_65_plus,467397.1065814346
345,working_age_15_64,2953798.8606886403
345,young_0_14,1286815.2863648906
346,old_age_65_plus,427940.3565732947
346,working_age_15_64,2790588.3212661566
346,young_0_14,1259936.1515420780
347,old_age_65_plus,439618.0975317956
347,working_age_15_64,2921616.1335056080
347,young_0_14,1326800.7407990177
348,old_age_65_plus,444396.3249237143
348,working_age_15_64,2909229.9636307089
348,young_0_14,1290647.9170322367
349,old_age_65_plus,463931.5097677018
349,working_age_15_64,3023809.9702295903
349,young_0_14,1358610.7416702362
350,old_age_65_plus,448732.9868518042
350,working_age_15_64,2885785.5462223263
350,young_0_14,1322544.8771513524
351,old_age_65_plus,440800.4980107308
351,working_age_15_64,2790325.9923120686
351,young_0_14,1238144.9938320233
352,old_age_65_plus,440229.0757580426
352,working_age_15_64,2865642.8825355186
352,young_0_14,1305701.6434025979
353,old_age_65_plus,433977.1992109474
353,working_age_15_64,2879044.5982740857
353,young_0_14,1317220.8517094816
354,old_age_65_plus,446936.5779357570
354,working_age_15_64,3004516.4971419675
354,young_0_14,1407332.9567919539
355,old_age_65_plus,442711.2457651093
355,working_age_15_64,2790924.9584425609
355,young_0_14,1235891.9176396746
356,old_age_65_plus,452500.6353528190
356,working_age_15_64,2906043.1275754673
356,young_0_14,1319977.2036639326
357,old_age_65_plus,457923.7845354999
357,working_age_15_64,2891447.5956327934
357,young_0_14,1309895.7573945101
358,old_age_65_plus,437683.0826604814
358,working_age_15_64,2895199.1128355316
358,young_0_14,1339909.6657691535
359,old_age_65_plus,439641.7070802930
359,working_age_15_64,2881979.8955952334
359,young_0_14,1318424.4121895016
360,old_age_65_plus,426644.1918551397
360,working_age_15_64,2873153.7767325775
360,young_0_14,1347504.4860186435
361,old_age_65_plus,433529.3055389645
361,working_age_15_64,2886489.2558918479
361,young_0_14,1335773.2531616583
362,old_age_65_plus,408603.1049334277
362,working_age_15_64,2786533.4011938735
362,young_0_14,1323386.8873133769
363,old_age_65_plus,463356.7743181646
363,working_age_15_64,3020061.0437098797
363,young_0_14,1406842.7674606577
364,old_age_65_plus,433310.1272503032
364,working_age_15_64,2860287.3814034709
364,young_0_14,1306592.6656090179
365,old_age_65_plus,431756.1984688963
365,working_age_15_64,2874995.6997772758
365,young_0_14,1349914.5140635183
366,old_age_65_plus,447511.8812905117
366,working_age_15_64,2863897.7684325287
366,young_0_14,1336463.6140363077
367,old_age_65_plus,438769.3473434770
367,working_age_15_64,2859676.8659985955
367,young_0_14,1268822.1361000848
368,old_age_65_plus,448868.5997984809
368,working_age_15_64,2859962.5572517035
368,young_0_14,1294427.9183750020
369,old_age_65_plus,425195.8829995356
369,working_age_15_64,2743533.3889541854
369,young_0_14,1234409.8563091613
370,old_age_65_plus,444803.3411066121
370,working_age_15_64,2879834.1584777664
370,young_0_14,1300049.5933836680
371,old_age_65_plus,420927.1164460359
371,working_age_15_64,2772348.3378254292
371,young_0_14,1260230.6537824294
372,old_age_65_plus,407735.6876205824
372,working_age_15_64,2673684.4097939618
372,young_0_14,1207669.4490888133
373,old_age_65_plus,425743.2552765979
373,working_age_15_64,2813598.2976104785
373,young_0_14,1250832.8615524615
374,old_age_65_plus,428599.8974708896
374,working_age_15_64,2706975.2268175799
374,young_0_14,1196182.8681382358
375,old_age_65_plus,402535.4693438961
375,working_age_15_64,2690184.7972897748
375,young_0_14,1215777.5263931933
376,old_age_65_plus,402754.8934363474
376,working_age_15_64,2637218.1974345203
376,young_0_14,1196848.3680477338
377,old_age_65_plus,414684.8594289793
377,working_age_15_64,2713467.7586383391
377,young_0_14,1212395.2976294667
378,old_age_65_plus,427798.9953435940
378,working_age_15_64,2758088.7003876111
378,young_0_14,1236114.1351712686
379,old_age_65_plus,412303.1496158433
379,working_age_15_64,2723554.4842936555
379,young_0_14,1237056.7363651334
380,old_age_65_plus,434703.7584706937
380,working_age_15_64,2920192.5258122184
380,young_0_14,1342673.1347430218
381,old_age_65_plus,420435.6795786313
381,working_age_15_64,2828579.7148519042
381,young_0_14,1282240.9705243793
382,old_age_65_plus,424617.1964032520
382,working_age_15_64,2996867.6175846984
382,young_0_14,1384159.0054670509
383,old_age_65_plus,449460.3934587295
383,working_age_15_64,3468203.7406951408
383,young_0_14,1648569.7563415747
384,old_age_65_plus,455432.4772110934
384,working_age_15_64,3462516.8738216930
384,young_0_14,1634031.8703438959
385,old_age_65_plus,449627.7272939040
385,working_age_15_64,3720967.2810775088
385,young_0_14,1849284.4777316707
386,old_age_65_plus,451077.4262742409
386,working_age_15_64,3571465.3129853769
386,young_0_14,1721689.0525130399
387,old_age_65_plus,448078.2243318523
387,working_age_15_64,3337966.2586977459
387,young_0_14,1568359.7781905399
388,old_age_65_plus,452692.1129942056
388,working_age_15_64,3266110.5149665843
388,young_0_14,1541864.2090341200
389,old_age_65_plus,460188.9853286858
389,working_age_15_64,3396549.1297623552
389,young_0_14,1585728.7879227344
390,old_age_65_plus,436482.9326867764
390,working_age_15_64,3078821.6000547963
390,young_0_14,1387888.4056634600
391,old_age_65_plus,432959.9424230761
391,working_age_15_64,3101337.7338278918
391,young_0_14,1446307.7401206507
392,old_age_65_plus,431434.3511761847
392,working_age_15_64,3010405.7400338650
392,young_0_14,1371363.1030935834
393,old_age_65_plus,401380.2730613328
393,working_age_15_64,2867236.9015180930
393,young_0_14,1327616.6871875345
394,old_age_65_plus,407494.1401120043
394,working_age_15_64,2869704.1569249216
394,young_0_14,1322770.1588383564
395,old_age_65_plus,431785.6577251924
395,working_age_15_64,3037272.8811060153
395,young_0_14,1402109.1699672674
396,old_age_65_plus,421966.6610442903
396,working_age_15_64,2950577.4090509452
396,young_0_14,1384047.2202802293
397,old_age_65_plus,449947.8944524683
397,working_age_15_64,3169221.9907476958
397,young_0_14,1502128.9240740580
398,old_age_65_plus,412915.6088441634
398,working_age_15_64,2953472.5236569121
398,young_0_14,1420988.6878913995
399,old_age_65_plus,414392.8987873273
399,working_age_15_64,2934539.9542344725
399,young_0_14,1361746.5525285008
400,old_age_65_plus,420377.2896136295
400,working_age_15_64,2973594.1186598637
400,young_0_14,1366789.0477893783
401,old_age_65_plus,391250.9741238849
401,working_age_15_64,2834891.4192832909
401,young_0_14,1365087.4725048032
402,old_age_65_plus,421638.9827270370
402,working_age_15_64,2917181.4884910998
402,young_0_14,1333277.3946860726
403,old_age_65_plus,400004.9105470341
403,working_age_15_64,2873791.5314664855
403,young_0_14,1348267.2286512177
404,old_age_65_plus,423283.3918471673
404,working_age_15_64,3091811.0737876045
404,young_0_14,1425875.6839476605
405,old_age_65_plus,406264.1434835760
405,working_age_15_64,2871093.1987640620
405,young_0_14,1328817.2306187095
406,old_age_65_plus,420007.7647253672
406,working_age_15_64,3035184.8507212000
406,young_0_14,1414377.8503284028
407,old_age_65_plus,402127.7328269802
407,working_age_15_64,2883215.6701170541
407,young_0_14,1327226.8807495751
408,old_age_65_plus,402270.9535285578
408,working_age_15_64,2858154.5327239549
408,young_0_14,1338572.9119998571
409,old_age_65_plus,428445.5326047478
409,working_age_15_64,2954306.6195324077
409,young_0_14,1340373.2054825204
410,old_age_65_plus,407544.4699609570
410,working_age_15_64,2831140.7516066586
410,young_0_14,1286254.6710973792
411,old_age_65_plus,441607.7757438690
411,working_age_15_64,3157881.3371200366
411,young_0_14,1446346.2931147129
412,old_age_65_plus,407464.2494368833
412,working_age_15_64,2781972.9780781195
412,young_0_14,1243663.3308512487
413,old_age_65_plus,395271.6102850377
413,working_age_15_64,2719370.5979359522
413,young_0_14,1236212.4569976833
414,old_age_65_plus,370659.0673672596
414,working_age_15_64,2632288.8370266608
414,young_0_14,1199286.0121241659
415,old_age_65_plus,391329.8162542090
415,working_age_15_64,2642943.5775518762
415,young_0_14,1180196.5010002477
416,old_age_65_plus,398936.4532521300
416,working_age_15_64,2684969.9470585869
416,young_0_14,1196134.8495109582
417,old_age_65_plus,377599.3688623375
417,working_age_15_64,2616851.9662001585
417,young_0_14,1192383.2472319528
418,old_age_65_plus,367631.6470588873
418,working_age_15_64,2514178.0622708425
418,young_0_14,1146390.8209828262
419,old_age_65_plus,384794.1758300949
419,working_age_15_64,2559846.8963634954
419,young_0_14,1156093.9451774291
420,old_age_65_plus,371415.4011093091
420,working_age_15_64,2519934.6408980857
420,young_0_14,1156031.1150746469
421,old_age_65_plus,376211.3209298996
421,working_age_15_64,2611533.9442964992
421,young_0_14,1222529.6683302489
422,old_age_65_plus,390505.1228985888
422,working_age_15_64,2687839.6684823288
422,young_0_14,1243223.7470067309
423,old_age_65_plus,353784.0284280573
423,working_age_15_64,2478504.2785300091
423,young_0_14,1146340.9174274071
424,old_age_65_plus,373373.2720205383
424,working_age_15_64,2578039.7936814241
424,young_0_14,1177251.0926702407
425,old_age_65_plus,366635.2836618660
425,working_age_15_64,2545165.7502316944
425,young_0_14,1168492.5670540249
426,old_age_65_plus,368479.5092769287
426,working_age_15_64,2587204.5132010458
426,young_0_14,1197323.8289076043
427,old_age_65_plus,378865.4643289531
427,working_age_15_64,2538045.3975594738
427,young_0_14,1151387.9684828680
428,old_age_65_plus,370901.8264242897
428,working_age_15_64,2545550.0514512137
428,young_0_14,1162269.0304885707
429,old_age_65_plus,394580.8288334029
429,working_age_15_64,2650646.0594348516
429,young_0_14,1205287.1043169603
430,old_age_65_plus,369521.8465148772
430,working_age_15_64,2470899.5823314777
430,young_0_14,1114484.1038280353
431,old_age_65_plus,371493.8891992022
431,working_age_15_64,2590759.7501293868
431,young_0_14,1197189.9440269042
432,old_age_65_plus,359231.3008457349
432,working_age_15_64,2525439.4386003404
432,young_0_14,1169664.9708632820
433,old_age_65_plus,385342.0415754176
433,working_age_15_64,2593677.5250382428
433,young_0_14,1175163.2709694456
434,old_age_65_plus,377041.3658199192
434,working_age_15_64,2604806.1809812398
434,young_0_14,1206267.3929425636
435,old_age_65_plus,370115.0304764655
435,working_age_15_64,2509809.9169070437
435,young_0_14,1132798.3353737206
436,old_age_65_plus,358114.1129506917
436,working_age_15_64,2411085.6017897851
436,young_0_14,1093519.2176657591
437,old_age_65_plus,368433.5678387724
437,working_age_15_64,2509149.2052904186
437,young_0_14,1152084.7461136717
438,old_age_65_plus,350981.2517059244
438,working_age_15_64,2411488.2335596876
438,young_0_14,1096896.2051552883
439,old_age_65_plus,346001.0606778881
439,working_age_15_64,2333986.8872572612
439,young_0_14,1071876.0627553116
440,old_age_65_plus,383488.1714334502
440,working_age_15_64,2573536.7047560341
440,young_0_14,1140027.8761365213
441,old_age_65_plus,346266.5312424895
441,working_age_15_64,2337479.5689361878
441,young_0_14,1062352.8316702973
442,old_age_65_plus,344436.3212073160
442,working_age_15_64,2405622.2506048572
442,young_0_14,1105792.3143753908
443,old_age_65_plus,339724.2918476664
443,working_age_15_64,2343410.7240332928
443,young_0_14,1065590.0814256868
444,old_age_65_plus,351634.7915032891
444,working_age_15_64,2396704.7095364109
444,young_0_14,1092262.6177418723
445,old_age_65_plus,367092.1945220359
445,working_age_15_64,2413982.6504170285
445,young_0_14,1073922.5146458591
446,old_age_65_plus,362653.6444931438
446,working_age_15_64,2431536.3248483809
446,young_0_14,1079329.2099453043
447,old_age_65_plus,335918.6561342254
447,working_age_15_64,2294986.7266904018
447,young_0_14,1033590.2576830547
448,old_age_65_plus,347375.9568574983
448,working_age_15_64,2341516.9086760031
448,young_0_14,1043280.6928059645
449,old_age_65_plus,351462.8520877978
449,working_age_15_64,2383308.4287807941
449,young_0_14,1045870.2422728428
450,old_age_65_plus,320560.1707481546
450,working_age_15_64,2216867.9493381786
450,young_0_14,990129.6348069810
451,old_age_65_plus,357526.3044300128
451,working_age_15_64,2429698.0214087623
451,young_0_14,1086224.4661321677
452,old_age_65_plus,330620.2994847943
452,working_age_15_64,2353908.4209831180
452,young_0_14,1092652.0494322847
453,old_age_65_plus,335654.9676474251
453,working_age_15_64,2369814.3200682527
453,young_0_14,1086865.3334575668
454,old_age_65_plus,340241.1224674483
454,working_age_15_64,2309594.8500440693
454,young_0_14,1029099.2146640640
455,old_age_65_plus,325878.3889913801
455,working_age_15_64,2339655.9327717517
455,young_0_14,1081867.5729635390
456,old_age_65_plus,332663.2018608482
456,working_age_15_64,2300662.6279221829
456,young_0_14,1030137.7739197367
457,old_age_65_plus,339002.1066978386
457,working_age_15_64,2345822.0910126427
457,young_0_14,1054286.3277724434
458,old_age_65_plus,338189.7037123793
458,working_age_15_64,2267394.9577983418
458,young_0_14,1001200.6466751177
459,old_age_65_plus,333463.0820242697
459,working_age_15_64,2298366.9864230151
459,young_0_14,1036294.2210460708
460,old_age_65_plus,344278.1654062861
460,working_age_15_64,2397898.7790821041
460,young_0_14,1066029.8206654247
461,old_age_65_plus,340131.3967984109
461,working_age_15_64,2308285.4292714391
461,young_0_14,1014187.6309461445
462,old_age_65_plus,352670.3539334156
462,working_age_15_64,2406032.3105209949
462,young_0_14,1062831.9170052449
463,old_age_65_plus,320585.2665627086
463,working_age_15_64,2185949.7423172048
463,young_0_14,951237.2799176510
464,old_age_65_plus,308272.4218570166
464,working_age_15_64,2192768.3991690483
464,young_0_14,1017469.8022734711
465,old_age_65_plus,317591.3112529729
465,working_age_15_64,2200945.0793082523
465,young_0_14,980365.7721668186
466,old_age_65_plus,330025.2406377631
466,working_age_15_64,2338372.3976865206
466,young_0_14,1058057.6025832449
467,old_age_65_plus,306802.9747898020
467,working_age_15_64,2116987.3670448726
467,young_0_14,935751.3328362118
468,old_age_65_plus,341779.1033032725
468,working_age_15_64,2319516.2689812304
468,young_0_14,1052897.7815134949
469,old_age_65_plus,318172.4009247596
469,working_age_15_64,2204541.8618136621
469,young_0_14,970045.0212020241
470,old_age_65_plus,330638.3160831315
470,working_age_15_64,2227669.0775437448
470,young_0_14,981433.4270918940
471,old_age_65_plus,334625.5853882715
471,working_age_15_64,2291638.5568119190
471,young_0_14,1010948.5847303011
472,old_age_65_plus,333461.0839268310
472,working_age_15_64,2283061.6979861450
472,young_0_14,981839.9657561253
473,old_age_65_plus,335060.1542981143
473,working_age_15_64,2281501.0993703520
473,young_0_14,983094.6609390284
474,old_age_65_plus,335175.7826012240
474,working_age_15_64,2292833.5940810917
474,young_0_14,987846.2103745478
475,old_age_65_plus,341565.3987995016
475,working_age_15_64,2367576.2777148648
475,young_0_14,1047902.1943419494
476,old_age_65_plus,314354.9685999679
476,working_age_15_64,2272393.2636364377
476,young_0_14,1027067.5802083978
477,old_age_65_plus,334222.3528709407
477,working_age_15_64,2373751.1649203566
477,young_0_14,1060951.6680340427
478,old_age_65_plus,331424.4518018697
478,working_age_15_64,2326075.0017332165
478,young_0_14,1018202.7197609803
479,old_age_65_plus,309625.6740484675
479,working_age_15_64,2227663.8131602551
479,young_0_14,1002082.3685565242
480,old_age_65_plus,321304.1392680340
480,working_age_15_64,2301932.3500920688
480,young_0_14,1006429.7899355174
481,old_age_65_plus,344691.6638176410
481,working_age_15_64,2366513.8869606997
481,young_0_14,1003206.9882916324
482,old_age_65_plus,322312.9848087581
482,working_age_15_64,2260105.0806633206
482,young_0_14,970065.3769561045
483,old_age_65_plus,328660.4772526374
483,working_age_15_64,2317158.8662359677
483,young_0_14,1005334.1370355836
484,old_age_65_plus,326616.3010655592
484,working_age_15_64,2380534.9010129962
484,young_0_14,1082094.4131951828
485,old_age_65_plus,342546.3105590261
485,working_age_15_64,2359980.8555978886
485,young_0_14,1010394.8799331523
486,old_age_65_plus,307623.1747100488
486,working_age_15_64,2225819.1520325216
486,young_0_14,985495.3292079602
487,old_age_65_plus,347249.8399496641
487,working_age_15_64,2432002.0944148432
487,young_0_14,1008317.3558027092
488,old_age_65_plus,308588.5075040634
488,working_age_15_64,2230025.9729551449
488,young_0_14,961078.8997928441
489,old_age_65_plus,342394.0859680673
489,working_age_15_64,2403173.9853609698
489,young_0_14,1006618.9367937106
490,old_age_65_plus,323128.2421502653
490,working_age_15_64,2244247.1283160974
490,young_0_14,935610.1373345717
491,old_age_65_plus,344866.5210676834
491,working_age_15_64,2358357.8433984830
491,young_0_14,950191.6211128060
492,old_age_65_plus,331084.3386157489
492,working_age_15_64,2319070.5429325677
492,young_0_14,970184.3454741122
493,old_age_65_plus,347013.4775853325
493,working_age_15_64,2374912.7996422905
493,young_0_14,938851.5150359489
494,old_age_65_plus,320067.4668317153
494,working_age_15_64,2171125.7233495591
494,young_0_14,834054.1955063549
495,old_age_65_plus,331337.2670196580
495,working_age_15_64,2203126.4768921179
495,young_0_14,849048.1052158972
496,old_age_65_plus,353589.7964618839
496,working_age_15_64,2355763.4886685759
496,young_0_14,904398.7599706271
497,old_age_65_plus,372620.9773792595
497,working_age_15_64,2460508.7864811001
497,young_0_14,907806.7191126622
498,old_age_65_plus,341212.8304947520
498,working_age_15_64,2340551.9082889413
498,young_0_14,911739.6601834861
499,old_age_65_plus,372963.0078168121
499,working_age_15_64,2483073.3690230409
499,young_0_14,918411.8002960350
500,old_age_65_plus,345511.9316225222
500,working_age_15_64,2296585.8805385516
500,young_0_14,879012.6427221000
501,old_age_65_plus,366948.8454552242
501,working_age_15_64,2436869.2574191880
501,young_0_14,894228.5619863959
502,old_age_65_plus,353218.4936474547
502,working_age_15_64,2337878.2801330807
502,young_0_14,872221.2373847564
503,old_age_65_plus,359313.8220756745
503,working_age_15_64,2429434.6821240927
503,young_0_14,956103.6449827221
504,old_age_65_plus,349760.0320003539
504,working_age_15_64,2318009.1140596652
504,young_0_14,890052.9655250849
505,old_age_65_plus,350927.0603290100
505,working_age_15_64,2450256.7584008947
505,young_0_14,970916.7230784668
506,old_age_65_plus,343986.2138622645
506,working_age_15_64,2321993.8790593012
506,young_0_14,895477.7524147632
507,old_age_65_plus,355231.0945485103
507,working_age_15_64,2483663.7249162430
507,young_0_14,985135.5138891217
508,old_age_65_plus,331620.8076489262
508,working_age_15_64,2185375.5417862455
508,young_0_14,855686.0852545060
509,old_age_65_plus,347100.5898455607
509,working_age_15_64,2300674.3480036887
509,young_0_14,896838.2423481906
510,old_age_65_plus,329492.8314365830
510,working_age_15_64,2167243.0174780455
510,young_0_14,872447.6401029443
511,old_age_65_plus,333167.8677853007
511,working_age_15_64,2269059.3737711138
511,young_0_14,892266.8561152135
512,old_age_65_plus,319698.4315268163
512,working_age_15_64,2068053.1685351492
512,young_0_14,801851.9516008178
513,old_age_65_plus,317649.1985609266
513,working_age_15_64,2129139.0461743795
513,young_0_14,822152.3595308794
514,old_age_65_plus,317195.5593053899
514,working_age_15_64,2187336.9910027687
514,young_0_14,864298.5478634300
515,old_age_65_plus,309039.2241258803
515,working_age_15_64,2075837.2122985241
515,young_0_14,819937.6847392628
516,old_age_65_plus,298109.7698416414
516,working_age_15_64,1963390.7545823655
516,young_0_14,778723.1835882189
517,old_age_65_plus,319686.0648966728
517,working_age_15_64,2109743.1385398232
517,young_0_14,839750.0208317351
518,old_age_65_plus,309556.7053637892
518,working_age_15_64,2005426.7720266806
518,young_0_14,774916.8765440775
519,old_age_65_plus,285416.8819868937
519,working_age_15_64,1954400.7659610561
519,young_0_14,783561.2537089535
520,old_age_65_plus,318046.7035580093
520,working_age_15_64,2095017.3767536071
520,young_0_14,822815.0145714362
521,old_age_65_plus,294140.6230211848
521,working_age_15_64,2067684.7565677476
521,young_0_14,844528.0642245783
522,old_age_65_plus,293626.0172390149
522,working_age_15_64,1948268.4734823806
522,young_0_14,764606.3512280518
523,old_age_65_plus,298866.9154365906
523,working_age_15_64,1966393.0261954106
523,young_0_14,769627.6554637387
524,old_age_65_plus,286315.9974971776
524,working_age_15_64,1925249.8600317573
524,young_0_14,776413.8943717002
525,old_age_65_plus,294201.7198268148
525,working_age_15_64,1954010.0556432502
525,young_0_14,770241.9270792272
526,old_age_65_plus,285495.6109366043
526,working_age_15_64,1900143.8674841800
526,young_0_14,752691.4066326304
527,old_age_65_plus,292500.7045680207
527,working_age_15_64,2012857.3277448069
527,young_0_14,797284.4851979873
528,old_age_65_plus,283052.5680609201
528,working_age_15_64,1866029.6759066542
528,young_0_14,748061.9647177778
529,old_age_65_plus,291504.9254081710
529,working_age_15_64,1960358.9204657974
529,young_0_14,781029.0716884690
530,old_age_65_plus,286056.9115371463
530,working_age_15_64,1872981.7694727818
530,young_0_14,722631.6838107852
531,old_age_65_plus,281267.5128403316
531,working_age_15_64,1879428.4665087126
531,young_0_14,735257.1390212311
532,old_age_65_plus,297683.6481493542
532,working_age_15_64,1939291.1939706451
532,young_0_14,760109.9697953294
533,old_age_65_plus,291452.6586155661
533,working_age_15_64,1949621.0278606797
533,young_0_14,769111.2910237770
534,old_age_65_plus,299390.2941720376
534,working_age_15_64,1970982.0779631222
534,young_0_14,772321.6829407931
535,old_age_65_plus,290403.1325960279
535,working_age_15_64,1964545.6756718319
535,young_0_14,743961.5190761370
536,old_age_65_plus,281539.8303423719
536,working_age_15_64,1895030.1384830868
536,young_0_14,732837.2596620184
537,old_age_65_plus,279697.9784733144
537,working_age_15_64,1822313.4590016066
537,young_0_14,692465.8346694130
538,old_age_65_plus,277173.7249249752
538,working_age_15_64,1843477.3979687402
538,young_0_14,716875.5301412720
539,old_age_65_plus,275563.4220844634
539,working_age_15_64,1893387.1790855555
539,young_0_14,733585.3930893735
540,old_age_65_plus,271488.6914484433
540,working_age_15_64,1851522.0307249487
540,young_0_14,730574.9323098946
541,old_age_65_plus,288651.4270967643
541,working_age_15_64,1966714.8990630445
541,young_0_14,754766.1268004979
542,old_age_65_plus,286131.0830273743
542,working_age_15_64,1928356.0200065733
542,young_0_14,746289.0834900053
543,old_age_65_plus,259800.3361913659
543,working_age_15_64,1784337.3864151454
543,young_0_14,711048.1097071840
544,old_age_65_plus,255425.5195574489
544,working_age_15_64,1776583.1765078406
544,young_0_14,693354.9155784660
545,old_age_65_plus,267906.0259214439
545,working_age_15_64,1869081.3814266312
545,young_0_14,733925.5544254980
546,old_age_65_plus,269148.3609251246
546,working_age_15_64,1882333.9364006629
546,young_0_14,737373.0781059507
547,old_age_65_plus,271343.5115234599
547,working_age_15_64,1920167.3768651371
547,young_0_14,743401.8396734139
548,old_age_65_plus,270745.4884662898
548,working_age_15_64,1858457.5452191187
548,young_0_14,719458.2644891099
549,old_age_65_plus,255913.4647729870
549,working_age_15_64,1783060.5732984778
549,young_0_14,690896.4697609926
550,old_age_65_plus,288336.4545444837
550,working_age_15_64,1956317.2791628570
550,young_0_14,739507.4572032813
551,old_age_65_plus,276389.8084447539
551,working_age_15_64,1909805.5212177928
551,young_0_14,734076.3355178951
552,old_age_65_plus,273916.2421101969
552,working_age_15_64,1911732.0216479416
552,young_0_14,739924.3413532417
553,old_age_65_plus,270116.3060986304
553,working_age_15_64,1848243.5490155076
553,young_0_14,709091.3860155395
554,old_age_65_plus,287562.0462156697
554,working_age_15_64,2027909.3645637108
554,young_0_14,767032.9294690515
555,old_age_65_plus,276959.1591825474
555,working_age_15_64,1926317.5375964234
555,young_0_14,738375.9374599364
556,old_age_65_plus,286522.3446912804
556,working_age_15_64,1997258.2898646554
556,young_0_14,784463.9834895409
557,old_age_65_plus,278565.2305798226
557,working_age_15_64,1948053.6682139682
557,young_0_14,738176.1642638535
558,old_age_65_plus,291158.0101266615
558,working_age_15_64,2029960.4982956271
558,young_0_14,754436.3075928807
559,old_age_65_plus,265545.8157731963
559,working_age_15_64,1875135.6192994707
559,young_0_14,739239.0690706746
560,old_age_65_plus,283049.1589255951
560,working_age_15_64,1975973.8931551341
560,young_0_14,751459.7071222647
561,old_age_65_plus,274205.3407485173
561,working_age_15_64,1950723.4013150923
561,young_0_14,759032.4408262182
562,old_age_65_plus,266870.8770959669
562,working_age_15_64,1919712.1907013538
562,young_0_14,744102.9798630412
563,old_age_65_plus,278141.7920680292
563,working_age_15_64,1978825.4057554610
563,young_0_14,757648.1110386173
564,old_age_65_plus,281319.7568199323
564,working_age_15_64,1972758.9627563397
564,young_0_14,759700.4734830941
565,old_age_65_plus,253050.8799340459
565,working_age_15_64,1839071.9721785209
565,young_0_14,719122.2699275428
566,old_age_65_plus,261035.1435933738
566,working_age_15_64,1839060.6775742925
566,young_0_14,714408.8886944340
567,old_age_65_plus,259584.2194384937
567,working_age_15_64,1873856.7896991100
567,young_0_14,732189.6863426808
568,old_age_65_plus,267064.3299163534
568,working_age_15_64,1888014.5944317041
568,young_0_14,735343.3727130026
569,old_age_65_plus,249902.0535012701
569,working_age_15_64,1804218.5703226984
569,young_0_14,731475.3563685511
570,old_age_65_plus,281748.6598516474
570,working_age_15_64,2009539.8502130341
570,young_0_14,785197.7315281605
571,old_age_65_plus,245359.8265428602
571,working_age_15_64,1735386.5418025013
571,young_0_14,679163.1048838199
572,old_age_65_plus,264832.3560138377
572,working_age_15_64,1862515.4429922793
572,young_0_14,725765.5600110102
573,old_age_65_plus,277351.7394961526
573,working_age_15_64,2039436.3123479949
573,young_0_14,840465.4415172645
574,old_age_65_plus,261440.4870034496
574,working_age_15_64,1840371.4549738632
574,young_0_14,708299.6666213210
575,old_age_65_plus,253609.5905983243
575,working_age_15_64,1823835.3303612878
575,young_0_14,727173.9754446311
576,old_age_65_plus,248767.1850682162
576,working_age_15_64,1812741.8672698427
576,young_0_14,724174.7529475207
577,old_age_65_plus,265595.7797613649
577,working_age_15_64,1847827.1092559702
577,young_0_14,727704.3290433984
578,old_age_65_plus,257575.3636721362
578,working_age_15_64,1881694.8419631973
578,young_0_14,729346.3908540579
579,old_age_65_plus,262355.3797781892
579,working_age_15_64,1893582.6166729562
579,young_0_14,749007.3145989385
580,old_age_65_plus,245949.3570074375
580,working_age_15_64,1811662.6630020398
580,young_0_14,726492.1608493031
581,old_age_65_plus,259016.9220553444
581,working_age_15_64,1881404.8145770440
581,young_0_14,753999.5884545762
582,old_age_65_plus,260435.3986686991
582,working_age_15_64,1869035.1826389318
582,young_0_14,727630.9493071896
583,old_age_65_plus,271686.1382966254
583,working_age_15_64,1943705.4794068770
583,young_0_14,721188.4319691651
584,old_age_65_plus,236101.9867630357
584,working_age_15_64,1756274.3111477620
584,young_0_14,705001.0102473435
585,old_age_65_plus,234287.0370784307
585,working_age_15_64,1744442.6741138343
585,young_0_14,687555.7097485953
586,old_age_65_plus,247853.8908640981
586,working_age_15_64,1807914.6878051106
586,young_0_14,728341.4329748615
587,old_age_65_plus,255334.8545054549
587,working_age_15_64,1870551.7195194401
587,young_0_14,744159.1818036302
588,old_age_65_plus,252679.1881061431
588,working_age_15_64,1785439.1901238577
588,young_0_14,695910.0090036781
589,old_age_65_plus,234207.8826050569
589,working_age_15_64,1681395.2866756401
589,young_0_14,654201.5387415085
590,old_age_65_plus,242247.8580526854
590,working_age_15_64,1782381.2697035747
590,young_0_14,710060.4753969450
591,old_age_65_plus,238429.1136950690
591,working_age_15_64,1738177.5400923796
591,young_0_14,692208.5275807010
592,old_age_65_plus,256769.7579308847
592,working_age_15_64,1843880.1959131791
592,young_0_14,716843.8521113691
593,old_age_65_plus,247772.6873010671
593,working_age_15_64,1827230.2091532932
593,young_0_14,751294.8744093097
594,old_age_65_plus,243317.5190228367
594,working_age_15_64,1773820.6232864782
594,young_0_14,703618.9579496975
595,old_age_65_plus,228570.6286915525
595,working_age_15_64,1659141.1194301108
595,young_0_14,656039.5566355351
596,old_age_65_plus,231431.3514764161
596,working_age_15_64,1687031.6521154195
596,young_0_14,669015.0532209059
597,old_age_65_plus,230447.1912858154
597,working_age_15_64,1661753.7194990204
597,young_0_14,673022.6720228456
598,old_age_65_plus,228711.9042450221
598,working_age_15_64,1658081.3391883902
598,young_0_14,657413.0792588081
599,old_age_65_plus,234419.1833031571
599,working_age_15_64,1706445.6375215123
599,young_0_14,683054.5812687731
600,old_age_65_plus,231436.3272839505
600,working_age_15_64,1664197.1172247878
600,young_0_14,650165.9865620027
601,old_age_65_plus,235733.8995820479
601,working_age_15_64,1708508.0665889778
601,young_0_14,687451.2000373401
602,old_age_65_plus,224104.5658234214
602,working_age_15_64,1687841.7206833127
602,young_0_14,682268.2932485836
603,old_age_65_plus,206297.8393063343
603,working_age_15_64,1546646.0679427597
603,young_0_14,646089.2148217664
604,old_age_65_plus,238076.8464526866
604,working_age_15_64,1696533.7997880427
604,young_0_14,666330.5195179452
605,old_age_65_plus,214319.6328384415
605,working_age_15_64,1629731.3900764952
605,young_0_14,662155.8249493017
606,old_age_65_plus,222731.3141077817
606,working_age_15_64,1616097.2480607601
606,young_0_14,642422.3450277675
607,old_age_65_plus,237145.4448780895
607,working_age_15_64,1772395.5937315098
607,young_0_14,714753.8043429869
608,old_age_65_plus,224204.0715846834
608,working_age_15_64,1627921.0977467352
608,young_0_14,649747.3946836771
609,old_age_65_plus,221568.7014944982
609,working_age_15_64,1635651.2843092594
609,young_0_14,649686.7557261793
610,old_age_65_plus,225349.0988481541
610,working_age_15_64,1593218.7858457295
610,young_0_14,638010.8004752210
611,old_age_65_plus,218980.5594787913
611,working_age_15_64,1591152.0459288380
611,young_0_14,630851.4104680390
612,old_age_65_plus,231595.7430486153
612,working_age_15_64,1665544.0734931349
612,young_0_14,663171.4554346012
613,old_age_65_plus,208775.2237850194
613,working_age_15_64,1539461.7229279929
613,young_0_14,617654.2884203240
614,old_age_65_plus,203778.0399254825
614,working_age_15_64,1521969.5689149352
614,young_0_14,609445.0904442009
615,old_age_65_plus,212629.3524772269
615,working_age_15_64,1554892.0438689548
615,young_0_14,632672.8517595525
616,old_age_65_plus,207110.2050931336
616,working_age_15_64,1517801.7985775734
616,young_0_14,610905.9649304014
617,old_age_65_plus,193479.8297782386
617,working_age_15_64,1419571.5801404219
617,young_0_14,573508.1352392420
618,old_age_65_plus,202753.7761223413
618,working_age_15_64,1498029.6573217360
618,young_0_14,615590.8454799044
619,old_age_65_plus,193581.4763661358
619,working_age_15_64,1444051.5064060667
619,young_0_14,593738.8912188476
620,old_age_65_plus,184942.9540694460
620,working_age_15_64,1400137.2072737927
620,young_0_14,571537.9780809481
621,old_age_65_plus,204932.6785966054
621,working_age_15_64,1520906.7331661468
621,young_0_14,594710.4117568751
622,old_age_65_plus,210678.6580907777
622,working_age_15_64,1489062.4011920483
622,young_0_14,608709.2023100425
623,old_age_65_plus,191092.7116635115
623,working_age_15_64,1401462.4434592950
623,young_0_14,574486.6379825623
624,old_age_65_plus,206978.8691231484
624,working_age_15_64,1505448.3821502347
624,young_0_14,615482.1361327884
625,old_age_65_plus,196169.9746308711
625,working_age_15_64,1451027.3422071410
625,young_0_14,596619.1842398219
626,old_age_65_plus,214684.9421455676
626,working_age_15_64,1582893.1751912313
626,young_0_14,662354.9429504387
627,old_age_65_plus,199256.6613821385
627,working_age_15_64,1478635.5183472710
627,young_0_14,607507.3182122870
628,old_age_65_plus,204126.7841035289
628,working_age_15_64,1481165.2191642583
628,young_0_14,614962.9373800309
629,old_age_65_plus,198790.4245078576
629,working_age_15_64,1474708.5685109680
629,young_0_14,613630.2502386357
630,old_age_65_plus,190238.7998651782
630,working_age_15_64,1435957.9450566126
630,young_0_14,595578.8033527653
631,old_age_65_plus,184485.5665913337
631,working_age_15_64,1376701.4278677022
631,young_0_14,575175.2803765944
632,old_age_65_plus,183824.3811445977
632,working_age_15_64,1399540.3932983933
632,young_0_14,577181.4716457047
633,old_age_65_plus,192910.8659963048
633,working_age_15_64,1444968.9856065493
633,young_0_14,602167.5234103038
634,old_age_65_plus,188879.6243409528
634,working_age_15_64,1381934.4388856844
634,young_0_14,562781.3652414309
635,old_age_65_plus,193011.9944892264
635,working_age_15_64,1397148.3485656688
635,young_0_14,582314.5649570370
636,old_age_65_plus,198202.6301106114
636,working_age_15_64,1420884.7066500077
636,young_0_14,577343.1784308759
637,old_age_65_plus,186625.8300326644
637,working_age_15_64,1426379.2550961843
637,young_0_14,611339.7855171834
638,old_age_65_plus,193880.1177318709
638,working_age_15_64,1405314.9185765777
638,young_0_14,575083.6366599478
639,old_age_65_plus,191256.8710578768
639,working_age_15_64,1338942.3726762545
639,young_0_14,545323.6432830390
640,old_age_65_plus,195669.1010942911
640,working_age_15_64,1464112.9462015745
640,young_0_14,617957.1600059420
641,old_age_65_plus,185131.4233719625
641,working_age_15_64,1374452.4203904949
641,young_0_14,578663.2604580147
642,old_age_65_plus,176012.3852780136
642,working_age_15_64,1352936.0973254014
642,young_0_14,560992.0302541351
643,old_age_65_plus,198522.9367978974
643,working_age_15_64,1465797.5580362983
643,young_0_14,606979.2868182715
644,old_age_65_plus,182008.7656671127
644,working_age_15_64,1339888.8321138269
644,young_0_14,551298.3286598825
645,old_age_65_plus,195783.1739216137
645,working_age_15_64,1377472.5988833951
645,young_0_14,553679.3784829861
646,old_age_65_plus,188080.9506468364
646,working_age_15_64,1359647.9801438795
646,young_0_14,558089.9650211490
647,old_age_65_plus,185551.9662103976
647,working_age_15_64,1367246.6440437222
647,young_0_14,553170.6058291449
648,old_age_65_plus,177306.2818141308
648,working_age_15_64,1358121.3667799905
648,young_0_14,558379.9727404678
649,old_age_65_plus,180170.8752177772
649,working_age_15_64,1301152.6538863233
649,young_0_14,549484.5930100573
650,old_age_65_plus,178048.8510457829
650,working_age_15_64,1307882.6914808189
650,young_0_14,539846.1971172055
651,old_age_65_plus,183620.7836639295
651,working_age_15_64,1357743.0917583541
651,young_0_14,554906.1585925175
652,old_age_65_plus,181427.5011916877
652,working_age_15_64,1338652.4626431800
652,young_0_14,571775.3549006584
653,old_age_65_plus,176579.8449856124
653,working_age_15_64,1310743.9376488752
653,young_0_14,548901.6528628011
654,old_age_65_plus,178781.0903326768
654,working_age_15_64,1268464.6696365955
654,young_0_14,520560.6988054279
655,old_age_65_plus,163665.1469332155
655,working_age_15_64,1255686.7041504590
655,young_0_14,551127.0213777131
656,old_age_65_plus,190777.2238399706
656,working_age_15_64,1386643.3257819270
656,young_0_14,572886.3211651017
657,old_age_65_plus,180202.4304382449
657,working_age_15_64,1360764.8243137985
657,young_0_14,581294.8028299083
658,old_age_65_plus,188392.6639298723
658,working_age_15_64,1382103.3776306622
658,young_0_14,588689.4853284750
659,old_age_65_plus,185395.7089560986
659,working_age_15_64,1415317.5619700684
659,young_0_14,620703.8038226486
660,old_age_65_plus,185742.8898396935
660,working_age_15_64,1387834.8302521582
660,young_0_14,603907.1180800981
661,old_age_65_plus,171174.8441231710
661,working_age_15_64,1307890.2740823831
661,young_0_14,560795.0088591266
662,old_age_65_plus,193797.3559410855
662,working_age_15_64,1428006.7466871876
662,young_0_14,610879.4556219011
663,old_age_65_plus,196406.4926422865
663,working_age_15_64,1451824.6535582887
663,young_0_14,629416.1043887844
664,old_age_65_plus,168232.8866520985
664,working_age_15_64,1345293.3785048900
664,young_0_14,595319.7670404435
665,old_age_65_plus,197504.7289042383
665,working_age_15_64,1411956.8377114900
665,young_0_14,598072.4531160188
666,old_age_65_plus,194364.4976064120
666,working_age_15_64,1392302.7664461029
666,young_0_14,583987.1348588837
667,old_age_65_plus,182399.7670859590
667,working_age_15_64,1344789.5378451447
667,young_0_14,554645.2053414285
668,old_age_65_plus,185654.6612091311
668,working_age_15_64,1356051.0325887501
668,young_0_14,574960.2745754016
669,old_age_65_plus,180592.9260052852
669,working_age_15_64,1326556.4559739139
669,young_0_14,561384.1518117855
670,old_age_65_plus,196723.5629070644
670,working_age_15_64,1443445.2959315674
670,young_0_14,610966.1217419521
671,old_age_65_plus,188769.0252550240
671,working_age_15_64,1346830.5713413479
671,young_0_14,584281.1946134577
672,old_age_65_plus,192178.2037774170
672,working_age_15_64,1333205.1959922488
672,young_0_14,549157.2616417753
673,old_age_65_plus,172293.5461066185
673,working_age_15_64,1265710.7678611649
673,young_0_14,537918.2025110945
674,old_age_65_plus,166378.5557195120
674,working_age_15_64,1253251.9673598870
674,young_0_14,555569.5023453068
675,old_age_65_plus,183589.0594580115
675,working_age_15_64,1370257.3592482733
675,young_0_14,578717.6206015510
676,old_age_65_plus,183388.5714047993
676,working_age_15_64,1308470.0733695405
676,young_0_14,572258.4553462731
677,old_age_65_plus,178887.7273025405
677,working_age_15_64,1277410.9098949139
677,young_0_14,554414.2564802247
678,old_age_65_plus,179272.6637078223
678,working_age_15_64,1322373.7742812398
678,young_0_14,570115.9852622652
679,old_age_65_plus,184102.0047013735
679,working_age_15_64,1245338.9958310749
679,young_0_14,509291.1189716651
680,old_age_65_plus,183847.9980008496
680,working_age_15_64,1315603.3976131782
680,young_0_14,549002.1743655150
681,old_age_65_plus,180776.8275868753
681,working_age_15_64,1255961.3752241724
681,young_0_14,530537.9861977451
682,old_age_65_plus,175339.0290250150
682,working_age_15_64,1200826.4201367821
682,young_0_14,491437.1173874172
683,old_age_65_plus,178149.4035028869
683,working_age_15_64,1239315.6886787119
683,young_0_14,512403.0797927018
684,old_age_65_plus,163323.2974315104
684,working_age_15_64,1147588.8604868928
684,young_0_14,474475.7098818715
685,old_age_65_plus,176304.9270309832
685,working_age_15_64,1250273.7032608162
685,young_0_14,536752.2611357956
686,old_age_65_plus,159753.7762720845
686,working_age_15_64,1181521.4888120182
686,young_0_14,521575.6293725995
687,old_age_65_plus,158350.7523995040
687,working_age_15_64,1118657.2646009896
687,young_0_14,468576.4382113713
688,old_age_65_plus,167391.0575594315
688,working_age_15_64,1132472.0177329455
688,young_0_14,462329.8157633732
689,old_age_65_plus,164869.3127292181
689,working_age_15_64,1199617.3561872467
689,young_0_14,513450.0774126507
690,old_age_65_plus,182015.0880393478
690,working_age_15_64,1323447.8321618519
690,young_0_14,560100.9357992031
691,old_age_65_plus,149463.0077691932
691,working_age_15_64,1038498.4993983657
691,young_0_14,435850.1036199714
692,old_age_65_plus,149307.1650243239
692,working_age_15_64,1019367.8520660428
692,young_0_14,431104.4995114125
693,old_age_65_plus,175236.3739497819
693,working_age_15_64,1232305.9493417034
693,young_0_14,517451.7495703310
694,old_age_65_plus,154875.7812127664
694,working_age_15_64,1071849.1154975970
694,young_0_14,443649.9294219047
695,old_age_65_plus,157069.2561539946
695,working_age_15_64,1064912.4303515831
695,young_0_14,437080.0659778111
696,old_age_65_plus,179610.2396827120
696,working_age_15_64,1193225.1948246383
696,young_0_14,482188.9400360594
697,old_age_65_plus,168482.0706380470
697,working_age_15_64,1165825.3690685690
697,young_0_14,487938.6087184041
698,old_age_65_plus,161352.6132669233
698,working_age_15_64,1134704.7452577944
698,young_0_14,474912.8008353789
699,old_age_65_plus,168942.3237763137
699,working_age_15_64,1089880.1439567674
699,young_0_14,453038.4237310265
700,old_age_65_plus,158231.7060943429
700,working_age_15_64,1090966.9303832403
700,young_0_14,455655.0756145893
701,old_age_65_plus,153209.1181460824
701,working_age_15_64,1073420.6570658758
701,young_0_14,455877.9725930244
702,old_age_65_plus,160145.3720419550
702,working_age_15_64,1086576.2471793182
702,young_0_14,452355.3926342785
703,old_age_65_plus,148877.9659430836
703,working_age_15_64,1054839.8821645861
703,young_0_14,440745.3310657911
704,old_age_65_plus,153653.1860319286
704,working_age_15_64,1096391.2946170629
704,young_0_14,458159.3597021084
705,old_age_65_plus,154846.9271917344
705,working_age_15_64,1134423.0620405280
705,young_0_14,475798.4118752971
706,old_age_65_plus,161196.0454510392
706,working_age_15_64,1107245.1062123789
706,young_0_14,449089.1945021144
707,old_age_65_plus,153095.1075283148
707,working_age_15_64,1062851.9446584904
707,young_0_14,455428.5351073603
708,old_age_65_plus,152523.6698276350
708,working_age_15_64,1099925.0855619279
708,young_0_14,463107.8483228557
709,old_age_65_plus,155399.7234846227
709,working_age_15_64,1061592.2656299463
709,young_0_14,441745.7498518612
710,old_age_65_plus,153547.6644051948
710,working_age_15_64,1078673.8706865811
710,young_0_14,455218.1637904105
711,old_age_65_plus,154118.9942692178
711,working_age_15_64,1089916.6543719247
711,young_0_14,455839.2818109535
712,old_age_65_plus,152254.6291835861
712,working_age_15_64,1089178.1970292255
712,young_0_14,466400.4732792355
713,old_age_65_plus,151657.2210687170
713,working_age_15_64,1035495.6379198364
713,young_0_14,418728.4643427843
714,old_age_65_plus,141796.8056157955
714,working_age_15_64,1050900.7834947314
714,young_0_14,449545.3422069333
715,old_age_65_plus,144985.1888922461
715,working_age_15_64,1008041.1060116295
715,young_0_14,405088.2786003567
716,old_age_65_plus,149998.4460188102
716,working_age_15_64,1057431.8315338015
716,young_0_14,435516.4361663400
717,old_age_65_plus,137018.8093248467
717,working_age_15_64,984998.6716584957
717,young_0_14,426356.8027252018
718,old_age_65_plus,136923.7675476632
718,working_age_15_64,972798.6969302017
718,young_0_14,412406.0853939966
719,old_age_65_plus,139790.9480280458
719,working_age_15_64,1042545.4718565554
719,young_0_14,449445.1007973470
720,old_age_65_plus,143133.9798525240
720,working_age_15_64,1059275.1009759649
720,young_0_14,459456.6274545715
721,old_age_65_plus,149038.7928956994
721,working_age_15_64,1014635.1561678335
721,young_0_14,420320.9738725259
722,old_age_65_plus,127211.6322758696
722,working_age_15_64,934254.2607794107
722,young_0_14,407665.3892413803
723,old_age_65_plus,132359.3627764291
723,working_age_15_64,991362.3362127380
723,young_0_14,427828.3844280397
724,old_age_65_plus,143579.2357139561
724,working_age_15_64,1033843.1245204023
724,young_0_14,427214.1871115901
725,old_age_65_plus,149825.4959245838
725,working_age_15_64,1100886.8849730436
725,young_0_14,468536.1497010682
726,old_age_65_plus,129830.7851567262
726,working_age_15_64,903006.7916478647
726,young_0_14,375118.6358373265
727,old_age_65_plus,154888.6470303744
727,working_age_15_64,1073568.8245224594
727,young_0_14,443718.8090717308
728,old_age_65_plus,143202.4471151580
728,working_age_15_64,1033436.7203220334
728,young_0_14,432100.3739848405
729,old_age_65_plus,150096.9694747315
729,working_age_15_64,1081220.7557043699
729,young_0_14,438298.7209728859
730,old_age_65_plus,147187.5628747959
730,working_age_15_64,1089542.1764485396
730,young_0_14,442189.3711654064
731,old_age_65_plus,133832.6554977357
731,working_age_15_64,961719.9654662380
731,young_0_14,390167.9794822081
732,old_age_65_plus,145143.1733543013
732,working_age_15_64,1088525.1313478518
732,young_0_14,463512.8595492793
733,old_age_65_plus,146117.6954178292
733,working_age_15_64,1023689.7156772546
733,young_0_14,407309.6404998307
734,old_age_65_plus,146972.1790279819
734,working_age_15_64,1032993.0977627084
734,young_0_14,405401.2719071165
735,old_age_65_plus,144875.1740893325
735,working_age_15_64,1049047.7320626739
735,young_0_14,444653.6085542655
736,old_age_65_plus,147534.1670485922
736,working_age_15_64,1037887.6944426532
736,young_0_14,431293.9153862273
737,old_age_65_plus,140964.5583627391
737,working_age_15_64,1025376.2196276732
737,young_0_14,421664.2551666319
738,old_age_65_plus,152146.7698289083
738,working_age_15_64,1077500.0346716263
738,young_0_14,435150.4751033080
739,old_age_65_plus,155386.8858260308
739,working_age_15_64,1081966.0636517080
739,young_0_14,424360.3324675269
740,old_age_65_plus,149874.4488818195
740,working_age_15_64,1051509.3961680213
740,young_0_14,421138.9328171099
741,old_age_65_plus,149635.0922942228
741,working_age_15_64,1051670.4132212340
741,young_0_14,408551.4592635112
742,old_age_65_plus,147233.1292136083
742,working_age_15_64,1057510.9217724539
742,young_0_14,431462.7446743137
743,old_age_65_plus,146380.5718515357
743,working_age_15_64,1030806.6346311187
743,young_0_14,428800.7649462183
744,old_age_65_plus,157573.0455586195
744,working_age_15_64,1146994.4736167784
744,young_0_14,471876.7425058364
745,old_age_65_plus,154977.0800640049
745,working_age_15_64,1075541.5497831088
745,young_0_14,424239.5034801685
746,old_age_65_plus,164373.9848817040
746,working_age_15_64,1146604.8153688740
746,young_0_14,458336.3978656433
747,old_age_65_plus,141677.7186389081
747,working_age_15_64,999705.7231532973
747,young_0_14,402650.4682232947
748,old_age_65_plus,149739.9021329425
748,working_age_15_64,1031240.3177464821
748,young_0_14,416206.2862129778
749,old_age_65_plus,166408.0319439358
749,working_age_15_64,1105681.4423694671
749,young_0_14,419689.6414141108
750,old_age_65_plus,154739.4145416721
750,working_age_15_64,1037907.0294436953
750,young_0_14,398319.3271952209
751,old_age_65_plus,158093.0774381573
751,working_age_15_64,1108255.8144134122
751,young_0_14,439814.2715933915
752,old_age_65_plus,152260.7735704200
752,working_age_15_64,1027106.8895404815
752,young_0_14,392873.8376542411
753,old_age_65_plus,172245.3142229807
753,working_age_15_64,1183297.7156411989
753,young_0_14,444911.2590690454
754,old_age_65_plus,167670.9412618248
754,working_age_15_64,1145461.1231788530
754,young_0_14,450094.3723863800
755,old_age_65_plus,161914.6699457264
755,working_age_15_64,1098312.2496921488
755,young_0_14,425647.3020366987
756,old_age_65_plus,139419.1343127621
756,working_age_15_64,1004330.9159108610
756,young_0_14,392927.8129497112
757,old_age_65_plus,157761.9972719152
757,working_age_15_64,1080991.1236072253
757,young_0_14,415858.7735507363
758,old_age_65_plus,170893.5072787029
758,working_age_15_64,1183083.9297284170
758,young_0_14,444691.5622987516
759,old_age_65_plus,155643.5818800056
759,working_age_15_64,1093520.3558530700
759,young_0_14,421293.2014262271
760,old_age_65_plus,153680.8214729309
760,working_age_15_64,1065488.0311154369
760,young_0_14,411956.6409669006
761,old_age_65_plus,168356.4541375494
761,working_age_15_64,1155392.4005842959
761,young_0_14,429185.3069470581
762,old_age_65_plus,165078.6511212402
762,working_age_15_64,1138936.1432592180
762,young_0_14,433397.6889661068
763,old_age_65_plus,163844.0388315213
763,working_age_15_64,1132485.9083581655
763,young_0_14,416684.7189847071
764,old_age_65_plus,162648.1808992092
764,working_age_15_64,1139475.0546169782
764,young_0_14,423817.7250290667
765,old_age_65_plus,166409.1614066116
765,working_age_15_64,1173164.9068463498
765,young_0_14,427959.4493419285
766,old_age_65_plus,183654.7919586278
766,working_age_15_64,1262356.8208113555
766,young_0_14,461380.8262876356
767,old_age_65_plus,148081.9926056696
767,working_age_15_64,1066248.3400040888
767,young_0_14,408882.4056217334
768,old_age_65_plus,153698.5313234196
768,working_age_15_64,1116566.2959563711
768,young_0_14,427273.8946659596
769,old_age_65_plus,156211.1101095607
769,working_age_15_64,1114027.5429912170
769,young_0_14,418889.4036061700
770,old_age_65_plus,173149.8159766816
770,working_age_15_64,1235263.9473565139
770,young_0_14,458363.3306731515
771,old_age_65_plus,165254.5713908297
771,working_age_15_64,1156719.6359073750
771,young_0_14,438867.4753038529
772,old_age_65_plus,192628.4559270331
772,working_age_15_64,1377225.1355250177
772,young_0_14,486857.7573522435
773,old_age_65_plus,168460.1207071760
773,working_age_15_64,1224282.4225720065
773,young_0_14,459040.9903864409
774,old_age_65_plus,185981.4712582574
774,working_age_15_64,1373198.7150394416
774,young_0_14,504824.2720498823
775,old_age_65_plus,191650.2139623251
775,working_age_15_64,1375696.6555107979
775,young_0_14,491155.3097318806
776,old_age_65_plus,165929.5623124394
776,working_age_15_64,1243395.3237351028
776,young_0_14,472149.0259987767
777,old_age_65_plus,177274.4697084760
777,working_age_15_64,1300387.0646168343
777,young_0_14,500853.1631194787
778,old_age_65_plus,176539.6654581846
778,working_age_15_64,1263282.7597597521
778,young_0_14,479236.7572113181
779,old_age_65_plus,170308.3493782982
779,working_age_15_64,1264856.6098435158
779,young_0_14,481994.3284147012
780,old_age_65_plus,170138.3808850104
780,working_age_15_64,1306357.1763519801
780,young_0_14,495773.8059144398
781,old_age_65_plus,171584.2443654334
781,working_age_15_64,1263594.8840413769
781,young_0_14,491822.9972203900
782,old_age_65_plus,181630.6989800852
782,working_age_15_64,1298380.2684968878
782,young_0_14,471948.0292052695
783,old_age_65_plus,181348.1933370504
783,working_age_15_64,1324722.8575100915
783,young_0_14,491450.7196720697
784,old_age_65_plus,155485.9323192296
784,working_age_15_64,1189541.0103703688
784,young_0_14,470796.8096449589
785,old_age_65_plus,160514.9740484698
785,working_age_15_64,1179812.1809990234
785,young_0_14,452887.2913081481
786,old_age_65_plus,172892.2275470788
786,working_age_15_64,1229424.6790748148
786,young_0_14,472783.9867048191
787,old_age_65_plus,161967.1179147720
787,working_age_15_64,1111893.3559486701
787,young_0_14,421857.0875057597
788,old_age_65_plus,168769.2001784282
788,working_age_15_64,1165719.6243142837
788,young_0_14,428209.3570352062
789,old_age_65_plus,154665.7157501193
789,working_age_15_64,1095907.8876048082
789,young_0_14,418583.1394193161
790,old_age_65_plus,173942.1688389272
790,working_age_15_64,1226778.1439858270
790,young_0_14,445437.9184159545
791,old_age_65_plus,176277.9517902760
791,working_age_15_64,1232024.1690406103
791,young_0_14,442614.4783677525
792,old_age_65_plus,156415.8479509429
792,working_age_15_64,1114702.3059528440
792,young_0_14,411068.4602563133
793,old_age_65_plus,162824.9510150049
793,working_age_15_64,1156769.2910200488
793,young_0_14,447942.1855178823
794,old_age_65_plus,161547.5107669821
794,working_age_15_64,1165911.4144701676
794,young_0_14,455292.5350575427
795,old_age_65_plus,158435.0978547659
795,working_age_15_64,1141045.8259928727
795,young_0_14,439541.9110663283
796,old_age_65_plus,141389.0420019473
796,working_age_15_64,1035109.0775870722
796,young_0_14,430826.7715310736
797,old_age_65_plus,140755.9883944913
797,working_age_15_64,1001954.3192955960
797,young_0_14,392558.3276183354
798,old_age_65_plus,139141.4717003423
798,working_age_15_64,1025235.7761490848
798,young_0_14,403849.0671024692
799,old_age_65_plus,148547.4005485376
799,working_age_15_64,1072587.0758970575
799,young_0_14,415154.2121870166
800,old_age_65_plus,150576.4513409252
800,working_age_15_64,1059248.5556082746
800,young_0_14,416656.5217843655
801,old_age_65_plus,150069.1954748593
801,working_age_15_64,1036346.7904026926
801,young_0_14,398356.5489346678
802,old_age_65_plus,137883.7728725530
802,working_age_15_64,988313.9243040421
802,young_0_14,377843.2565803361
803,old_age_65_plus,133795.1289735698
803,working_age_15_64,970585.5635844055
803,young_0_14,376266.6582345278
804,old_age_65_plus,136881.5963595209
804,working_age_15_64,966825.3129178660
804,young_0_14,386122.8340221356
805,old_age_65_plus,135652.1298864025
805,working_age_15_64,969947.3936407578
805,young_0_14,385374.5400969472
806,old_age_65_plus,132714.4518551845
806,working_age_15_64,983908.1787374679
806,young_0_14,380938.8898319564
807,old_age_65_plus,132012.5780625504
807,working_age_15_64,938260.8715359607
807,young_0_14,379021.9010898594
808,old_age_65_plus,137970.7464633407
808,working_age_15_64,994366.2873883561
808,young_0_14,400901.3646673819
809,old_age_65_plus,126021.7000003718
809,working_age_15_64,914381.5962379625
809,young_0_14,377896.6691721219
810,old_age_65_plus,119405.2390924855
810,working_age_15_64,875704.0586717371
810,young_0_14,362146.9337690578
811,old_age_65_plus,138723.5503271763
811,working_age_15_64,1007749.7586371923
811,young_0_14,390706.3589374123
812,old_age_65_plus,129758.2697656881
812,working_age_15_64,949636.7107655305
812,young_0_14,390681.2880166200
813,old_age_65_plus,135154.4070833913
813,working_age_15_64,935231.0157545878
813,young_0_14,362022.4016692778
814,old_age_65_plus,115063.7400063057
814,working_age_15_64,856337.4581366748
814,young_0_14,365583.9591648775
815,old_age_65_plus,124387.3761188790
815,working_age_15_64,910436.9115293904
815,young_0_14,357033.2775474996
816,old_age_65_plus,125117.2289782904
816,working_age_15_64,876529.2037466448
816,young_0_14,349545.7670568936
817,old_age_65_plus,124358.2785512333
817,working_age_15_64,879582.2916877074
817,young_0_14,348377.8003368740
818,old_age_65_plus,125837.0106912779
818,working_age_15_64,858553.8626985853
818,young_0_14,342647.7811612550
819,old_age_65_plus,118696.2648229843
819,working_age_15_64,890165.9926446524
819,young_0_14,357605.5806995378
820,old_age_65_plus,120720.9191448365
820,working_age_15_64,914163.6593969037
820,young_0_14,389796.2874698017
821,old_age_65_plus,115742.1757197228
821,working_age_15_64,848450.7751614393
821,young_0_14,340067.1027775130
822,old_age_65_plus,106625.0598636169
822,working_age_15_64,772336.1510343360
822,young_0_14,320762.3596679550
823,old_age_65_plus,112011.9426909282
823,working_age_15_64,829281.9161934342
823,young_0_14,338620.8807591563
824,old_age_65_plus,115543.5189881049
824,working_age_15_64,828025.2585047863
824,young_0_14,333957.1676354762
825,old_age_65_plus,131978.3868213739
825,working_age_15_64,963237.3329725843
825,young_0_14,397973.6677017743
826,old_age_65_plus,110059.1605464840
826,working_age_15_64,792290.1642429046
826,young_0_14,329219.0895638981
827,old_age_65_plus,119333.9726227740
827,working_age_15_64,851251.9051479645
827,young_0_14,341368.0302683515
828,old_age_65_plus,123060.7622385483
828,working_age_15_64,893789.6332087809
828,young_0_14,362628.6627989321
829,old_age_65_plus,108249.0681691851
829,working_age_15_64,795199.0545927049
829,young_0_14,350007.4060586820
830,old_age_65_plus,114289.7766093913
830,working_age_15_64,840273.4544454159
830,young_0_14,347143.5482069750
831,old_age_65_plus,109719.3135107963
831,working_age_15_64,757280.8759278895
831,young_0_14,303487.4590654441
832,old_age_65_plus,112260.3106666761
832,working_age_15_64,845615.1586298714
832,young_0_14,346007.4386087570
833,old_age_65_plus,112535.6242444506
833,working_age_15_64,820608.9608181287
833,young_0_14,335937.7408554413
834,old_age_65_plus,113543.3138752022
834,working_age_15_64,803303.0703693674
834,young_0_14,327065.3643212744
835,old_age_65_plus,106933.2659028045
835,working_age_15_64,773321.6555302683
835,young_0_14,315688.0876970072
836,old_age_65_plus,101503.0952029633
836,working_age_15_64,727241.8912005576
836,young_0_14,293311.4183456821
837,old_age_65_plus,109663.2576043070
837,working_age_15_64,794376.3704273318
837,young_0_14,321531.2139712342
838,old_age_65_plus,116374.0292283473
838,working_age_15_64,809413.0610102770
838,young_0_14,317051.1124950674
839,old_age_65_plus,102770.5872469291
839,working_age_15_64,750570.7691185861
839,young_0_14,311371.9109553762
840,old_age_65_plus,118428.6471543985
840,working_age_15_64,842847.6042411613
840,young_0_14,342130.7105929272
841,old_age_65_plus,111057.3513686222
841,working_age_15_64,788630.5814102727
841,young_0_14,332519.6209090367
842,old_age_65_plus,107767.4735753019
842,working_age_15_64,778753.2644404398
842,young_0_14,319230.8568606273
843,old_age_65_plus,101317.1362130329
843,working_age_15_64,744708.4031375216
843,young_0_14,313979.6544321111
844,old_age_65_plus,116129.7619853033
844,working_age_15_64,829773.1207292905
844,young_0_14,329544.4758246178
845,old_age_65_plus,104756.7426056029
845,working_age_15_64,774248.4331523674
845,young_0_14,318239.0959016354
846,old_age_65_plus,100617.5826984759
846,working_age_15_64,741630.3170652644
846,young_0_14,304042.2655166884
847,old_age_65_plus,111058.8125360095
847,working_age_15_64,799386.1723647703
847,young_0_14,339449.4242256000
848,old_age_65_plus,103881.4823330395
848,working_age_15_64,751863.7418862742
848,young_0_14,311438.0328813598
849,old_age_65_plus,100594.4906620767
849,working_age_15_64,734334.0529987616
849,young_0_14,306629.9866668945
850,old_age_65_plus,100127.0820643942
850,working_age_15_64,743851.0499820078
850,young_0_14,304901.5999121428
851,old_age_65_plus,92581.4740002032
851,working_age_15_64,715390.5525943938
851,young_0_14,316510.7860952640
852,old_age_65_plus,113159.2151102825
852,working_age_15_64,808747.8187034208
852,young_0_14,327633.5648772228
853,old_age_65_plus,102736.5823914852
853,working_age_15_64,740121.6170963758
853,young_0_14,297786.5914231489
854,old_age_65_plus,102991.5606472232
854,working_age_15_64,727221.3854906356
854,young_0_14,299306.0446949528
855,old_age_65_plus,104455.9635038874
855,working_age_15_64,764061.5848770760
855,young_0_14,315852.6539310105
856,old_age_65_plus,107626.0780489733
856,working_age_15_64,745865.4339348582
856,young_0_14,292392.8708523012
857,old_age_65_plus,112054.8703070591
857,working_age_15_64,813401.1868468792
857,young_0_14,333775.0777277265
858,old_age_65_plus,112148.1083816143
858,working_age_15_64,788820.9663606182
858,young_0_14,324535.8877059415
859,old_age_65_plus,112305.0341630568
859,working_age_15_64,816989.4640226038
859,young_0_14,333429.3178413128
860,old_age_65_plus,102973.6758692539
860,working_age_15_64,803188.2517137335
860,young_0_14,343170.6724675950
861,old_age_65_plus,105900.1085350819
861,working_age_15_64,736053.1767657738
861,young_0_14,291756.4873639607
862,old_age_65_plus,114115.0056987596
862,working_age_15_64,807896.2517186404
862,young_0_14,332762.3200429559
863,old_age_65_plus,100496.7239130893
863,working_age_15_64,720745.8085116844
863,young_0_14,299189.3073462393
864,old_age_65_plus,107757.3846022301
864,working_age_15_64,783762.4492404516
864,young_0_14,321787.4245655322
865,old_age_65_plus,104151.6887182313
865,working_age_15_64,730304.1333069589
865,young_0_14,305268.7398555937
866,old_age_65_plus,105168.4826892587
866,working_age_15_64,743991.9877088628
866,young_0_14,300687.8645542901
867,old_age_65_plus,108271.4862353962
867,working_age_15_64,724810.2003188743
867,young_0_14,288427.7255927364
868,old_age_65_plus,110708.3681469324
868,working_age_15_64,795895.5702379278
868,young_0_14,315578.0698375077
869,old_age_65_plus,111045.1702693174
869,working_age_15_64,767497.5951753549
869,young_0_14,303199.3677942237
870,old_age_65_plus,103181.1548366080
870,working_age_15_64,753413.6944763314
870,young_0_14,313342.1253746805
871,old_age_65_plus,96318.8337527634
871,working_age_15_64,670314.0643531140
871,young_0_14,267096.2100190749
872,old_age_65_plus,112046.6714768417
872,working_age_15_64,793457.7425477378
872,young_0_14,305599.2244539935
873,old_age_65_plus,111375.9157154566
873,working_age_15_64,785723.5397955154
873,young_0_14,318881.2555811823
874,old_age_65_plus,106620.0861981526
874,working_age_15_64,765038.0647579158
874,young_0_14,310084.9237234957
875,old_age_65_plus,102640.3945426994
875,working_age_15_64,724517.4200024934
875,young_0_14,293688.5680711560
876,old_age_65_plus,99288.8825290704
876,working_age_15_64,733735.7403193678
876,young_0_14,294640.2504630820
877,old_age_65_plus,109098.2240583880
877,working_age_15_64,766947.2402565613
877,young_0_14,303852.7994283087
878,old_age_65_plus,122710.5342912403
878,working_age_15_64,879492.3207335522
878,young_0_14,341918.8234439411
879,old_age_65_plus,103734.2820548221
879,working_age_15_64,776358.8200754563
879,young_0_14,318183.2183602643
880,old_age_65_plus,110186.4275134430
880,working_age_15_64,820509.0008196123
880,young_0_14,334890.6344687322
881,old_age_65_plus,99655.1923165242
881,working_age_15_64,738178.5251964843
881,young_0_14,309153.2147076897
882,old_age_65_plus,107222.7392270147
882,working_age_15_64,823463.1801563171
882,young_0_14,337401.3204264276
883,old_age_65_plus,120705.6402131241
883,working_age_15_64,874376.6766186918
883,young_0_14,344048.3099973472
884,old_age_65_plus,107356.7016310481
884,working_age_15_64,773831.5087311998
884,young_0_14,296992.3908607754
885,old_age_65_plus,117419.2094494776
885,working_age_15_64,866482.9935938368
885,young_0_14,334530.1514392738
886,old_age_65_plus,108935.2295666612
886,working_age_15_64,824690.8470138659
886,young_0_14,327399.6221667054
887,old_age_65_plus,112670.7911994431
887,working_age_15_64,844982.3321566142
887,young_0_14,334689.7754381614
888,old_age_65_plus,104625.2305444098
888,working_age_15_64,783536.5087205303
888,young_0_14,317461.8789400959
889,old_age_65_plus,105148.3636790259
889,working_age_15_64,811310.1925882089
889,young_0_14,333248.9879449974
890,old_age_65_plus,113473.3850678152
890,working_age_15_64,841675.0672713970
890,young_0_14,324156.9854104299
891,old_age_65_plus,116262.1855464077
891,working_age_15_64,858173.7347623806
891,young_0_14,334300.8666065700
892,old_age_65_plus,122472.9829412502
892,working_age_15_64,870987.5972489315
892,young_0_14,343626.2674908704
893,old_age_65_plus,116489.9872939477
893,working_age_15_64,887502.5443012486
893,young_0_14,346799.9193447234
894,old_age_65_plus,101458.9374428866
894,working_age_15_64,795994.3058599374
894,young_0_14,330174.9125415100
895,old_age_65_plus,109703.3846704038
895,working_age_15_64,818690.3769518412
895,young_0_14,314700.0863271343
896,old_age_65_plus,110871.4448056194
896,working_age_15_64,847684.0417269517
896,young_0_14,335519.7764673836
897,old_age_65_plus,115108.5858059218
897,working_age_15_64,867958.5741083511
897,young_0_14,341149.2237557620
898,old_age_65_plus,110704.0849101819
898,working_age_15_64,854711.7453922695
898,young_0_14,337726.3718989199
899,old_age_65_plus,114201.5500047792
899,working_age_15_64,859811.5277886315
899,young_0_14,347444.1569726731
900,old_age_65_plus,107399.1439019439
900,working_age_15_64,797283.5188820458
900,young_0_14,323280.9580196380
901,old_age_65_plus,112066.3126124827
901,working_age_15_64,824550.6941420240
901,young_0_14,317284.3366382716
902,old_age_65_plus,113606.5395241316
902,working_age_15_64,872889.4817091355
902,young_0_14,342904.4561997537
903,old_age_65_plus,122406.5979516186
903,working_age_15_64,925495.4995993003
903,young_0_14,359910.9541319615
904,old_age_65_plus,114842.3953540692
904,working_age_15_64,889588.7534355613
904,young_0_14,350700.3771115235
905,old_age_65_plus,110931.7387009893
905,working_age_15_64,817067.8679862641
905,young_0_14,324903.7140671227
906,old_age_65_plus,106469.2914278081
906,working_age_15_64,810147.5991121586
906,young_0_14,330770.0565388789
907,old_age_65_plus,104998.7705244797
907,working_age_15_64,789629.7299849171
907,young_0_14,309722.1301045204
908,old_age_65_plus,125210.5810054572
908,working_age_15_64,934428.5489846590
908,young_0_14,365234.7658139915
909,old_age_65_plus,119994.5237505443
909,working_age_15_64,880134.0607992163
909,young_0_14,346062.0945355098
910,old_age_65_plus,111899.6327138149
910,working_age_15_64,831565.9151138193
910,young_0_14,334740.1786178998
911,old_age_65_plus,113775.3173967929
911,working_age_15_64,843507.0555059464
911,young_0_14,318157.4936796765
912,old_age_65_plus,105736.4644522267
912,working_age_15_64,781093.1942537169
912,young_0_14,317073.3274635153
913,old_age_65_plus,113286.9899543144
913,working_age_15_64,852666.5565941836
913,young_0_14,348120.1612482922
914,old_age_65_plus,101947.2030424902
914,working_age_15_64,788462.7735509737
914,young_0_14,332817.9825698469
915,old_age_65_plus,121642.5466139691
915,working_age_15_64,898081.3519847128
915,young_0_14,335284.4398170896
916,old_age_65_plus,112823.4207853589
916,working_age_15_64,837369.7121083901
916,young_0_14,340301.1784427363
917,old_age_65_plus,112895.4893496403
917,working_age_15_64,811611.3173263730
917,young_0_14,316582.7276598033
918,old_age_65_plus,99846.5452080060
918,working_age_15_64,758457.0282282518
918,young_0_14,313659.4686379337
919,old_age_65_plus,123381.8836714935
919,working_age_15_64,874099.3970166538
919,young_0_14,345534.1735128128
920,old_age_65_plus,103901.8487680363
920,working_age_15_64,764198.6564081851
920,young_0_14,314636.1232921493
921,old_age_65_plus,110639.2449486795
921,working_age_15_64,869955.3991262667
921,young_0_14,358376.5810685409
922,old_age_65_plus,106815.7385631053
922,working_age_15_64,800923.7992325656
922,young_0_14,335409.7669884642
923,old_age_65_plus,109002.1046479138
923,working_age_15_64,866670.4124820132
923,young_0_14,363451.0279528908
924,old_age_65_plus,117200.2374963229
924,working_age_15_64,892592.2935052419
924,young_0_14,358757.5696081825
925,old_age_65_plus,98106.6116586420
925,working_age_15_64,778810.3334656486
925,young_0_14,323301.3848985394
926,old_age_65_plus,100513.6827275095
926,working_age_15_64,763606.2446440138
926,young_0_14,316177.0555194846
927,old_age_65_plus,106613.7422363429
927,working_age_15_64,827823.0831608648
927,young_0_14,357135.9830770538
928,old_age_65_plus,103149.2414294246
928,working_age_15_64,774924.6924233903
928,young_0_14,325730.1918169553
929,old_age_65_plus,108022.6459600618
929,working_age_15_64,855481.5863076448
929,young_0_14,377924.5063266771
930,old_age_65_plus,99248.3389817700
930,working_age_15_64,801573.6611488515
930,young_0_14,353990.1748726743
931,old_age_65_plus,93386.7946964168
931,working_age_15_64,704603.0649543159
931,young_0_14,299851.7162236514
932,old_age_65_plus,100095.9964330128
932,working_age_15_64,768065.3474698380
932,young_0_14,333118.3020301209
933,old_age_65_plus,98697.4392478548
933,working_age_15_64,775831.2577824629
933,young_0_14,338846.8818391619
934,old_age_65_plus,100824.2195416087
934,working_age_15_64,748893.3609674084
934,young_0_14,320975.7254947618
935,old_age_65_plus,98466.7006884742
935,working_age_15_64,715231.0007195664
935,young_0_14,294627.4947853803
936,old_age_65_plus,90521.0125604126
936,working_age_15_64,705066.0744142990
936,young_0_14,302775.4438751855
937,old_age_65_plus,97345.6552430229
937,working_age_15_64,753346.6252552067
937,young_0_14,322742.3312301398
938,old_age_65_plus,95111.1774448035
938,working_age_15_64,731316.7367232364
938,young_0_14,310206.8878834590
939,old_age_65_plus,90039.2576764773
939,working_age_15_64,718214.5057939675
939,young_0_14,310587.3916584312
940,old_age_65_plus,95639.5175095310
940,working_age_15_64,741762.7530788298
940,young_0_14,307077.5544986791
941,old_age_65_plus,92048.0804406058
941,working_age_15_64,721348.5159784183
941,young_0_14,315636.7523359656
942,old_age_65_plus,91817.5043952330
942,working_age_15_64,721105.7307214221
942,young_0_14,313546.9874910253
943,old_age_65_plus,88416.1788310358
943,working_age_15_64,692494.0846877041
943,young_0_14,310504.8719014514
944,old_age_65_plus,95548.9646642267
944,working_age_15_64,703871.9520584986
944,young_0_14,298066.1397219829
945,old_age_65_plus,91814.2769535532
945,working_age_15_64,721401.9007607880
945,young_0_14,330963.9987433628
946,old_age_65_plus,101523.4662291073
946,working_age_15_64,744796.9994192732
946,young_0_14,316278.8141975271
947,old_age_65_plus,91909.9047515060
947,working_age_15_64,693887.1430840595
947,young_0_14,304156.4853214555
948,old_age_65_plus,88471.3347473357
948,working_age_15_64,675985.5656792141
948,young_0_14,302533.1325209775
949,old_age_65_plus,91124.7590539829
949,working_age_15_64,691523.0986760394
949,young_0_14,301672.6278349615
950,old_age_65_plus,106401.6088285296
950,working_age_15_64,827564.4010990200
950,young_0_14,353264.4153634735
951,old_age_65_plus,121306.4676946398
951,working_age_15_64,850816.2699151709
951,young_0_14,339939.1598771786
952,old_age_65_plus,121217.5997842700
952,working_age_15_64,865590.4054569399
952,young_0_14,358673.6253182127
953,old_age_65_plus,92559.6659319413
953,working_age_15_64,675597.0397579642
953,young_0_14,291325.4529043913
954,old_age_65_plus,93898.1320097042
954,working_age_15_64,700599.8030512000
954,young_0_14,298475.1725157858
955,old_age_65_plus,86414.4165144305
955,working_age_15_64,674739.0155716476
955,young_0_14,300816.4119853593
956,old_age_65_plus,82986.9844017472
956,working_age_15_64,652190.5142228965
956,young_0_14,289364.2324176993
957,old_age_65_plus,96061.3933424642
957,working_age_15_64,730669.2724377736
957,young_0_14,317314.9803411504
958,old_age_65_plus,82528.7957982912
958,working_age_15_64,630565.5813068746
958,young_0_14,285753.5370283572
959,old_age_65_plus,84952.5496365700
959,working_age_15_64,638687.7595932295
959,young_0_14,278946.6751272755
960,old_age_65_plus,113307.1094116962
960,working_age_15_64,833865.6946626010
960,young_0_14,343447.3734976721
961,old_age_65_plus,89347.2267257350
961,working_age_15_64,698339.1844086407
961,young_0_14,309689.1822522770
962,old_age_65_plus,86968.8794518941
962,working_age_15_64,656574.5540138305
962,young_0_14,285619.5553704356
963,old_age_65_plus,89326.8738047059
963,working_age_15_64,674382.1107980353
963,young_0_14,286588.6521462253
964,old_age_65_plus,88463.4902731359
964,working_age_15_64,655162.3358752411
964,young_0_14,282315.2091223072
965,old_age_65_plus,78419.1631746504
965,working_age_15_64,600112.4551086144
965,young_0_14,273335.4996919679
966,old_age_65_plus,80384.6831969110
966,working_age_15_64,628817.4684949332
966,young_0_14,278152.1231781939
967,old_age_65_plus,91880.8445167144
967,working_age_15_64,684144.1120870931
967,young_0_14,293897.4009849730
968,old_age_65_plus,84859.7821408459
968,working_age_15_64,645804.3180917824
968,young_0_14,284138.2362936134
969,old_age_65_plus,92471.2196259722
969,working_age_15_64,696420.0015261004
969,young_0_14,296129.8608502873
970,old_age_65_plus,78582.4526110954
970,working_age_15_64,597360.1345649940
970,young_0_14,265886.6459290510
971,old_age_65_plus,76713.0399328461
971,working_age_15_64,589262.9801308870
971,young_0_14,266405.8868345892
972,old_age_65_plus,83529.4794017355
972,working_age_15_64,627790.7652179883
972,young_0_14,277531.6441895086
973,old_age_65_plus,77162.4849402940
973,working_age_15_64,598196.6644804893
973,young_0_14,263425.6577323053
974,old_age_65_plus,83910.0774000383
974,working_age_15_64,646531.2932281714
974,young_0_14,280766.6480180391
975,old_age_65_plus,74532.3324918398
975,working_age_15_64,571643.9895317539
975,young_0_14,255810.6664464982
976,old_age_65_plus,86452.3958635060
976,working_age_15_64,652919.8826125872
976,young_0_14,276557.8914410290
977,old_age_65_plus,75981.1278002173
977,working_age_15_64,590357.4661142096
977,young_0_14,262694.8229488936
978,old_age_65_plus,75576.8527215596
978,working_age_15_64,601231.0961380876
978,young_0_14,282054.1362106571
979,old_age_65_plus,70005.7916928528
979,working_age_15_64,563912.9699883411
979,young_0_14,258872.1569969563
980,old_age_65_plus,77866.3753676302
980,working_age_15_64,639613.6442559125
980,young_0_14,287040.5439527893
981,old_age_65_plus,83620.7568104882
981,working_age_15_64,648072.5394573172
981,young_0_14,286905.5244230594
982,old_age_65_plus,82597.9253953300
982,working_age_15_64,659006.4816737060
982,young_0_14,289318.0003431562
983,old_age_65_plus,74690.0753079199
983,working_age_15_64,555474.8971185519
983,young_0_14,242796.4936277752
984,old_age_65_plus,69508.3102767633
984,working_age_15_64,540788.5683406151
984,young_0_14,249029.2991523091
985,old_age_65_plus,76990.3614709562
985,working_age_15_64,612204.3870727365
985,young_0_14,277689.8648553079
986,old_age_65_plus,68571.7622763256
986,working_age_15_64,546121.9959073396
986,young_0_14,257903.2989627986
987,old_age_65_plus,72906.9536765198
987,working_age_15_64,554160.1339450220
987,young_0_14,245938.2147749331
988,old_age_65_plus,81769.3066129582
988,working_age_15_64,632499.9878696349
988,young_0_14,285446.6408338791
989,old_age_65_plus,73706.4391911815
989,working_age_15_64,548888.4645497665
989,young_0_14,240782.4103958840
990,old_age_65_plus,90008.5953320673
990,working_age_15_64,650677.5348284543
990,young_0_14,283648.7994075098
991,old_age_65_plus,72884.0716242761
991,working_age_15_64,584883.9083268628
991,young_0_14,262264.1530975605
992,old_age_65_plus,89768.0480408208
992,working_age_15_64,667520.1778719244
992,young_0_14,288180.1564012049
993,old_age_65_plus,87886.6476294949
993,working_age_15_64,636628.5862115953
993,young_0_14,277397.9170008335
994,old_age_65_plus,78041.3407673006
994,working_age_15_64,568112.8124745947
994,young_0_14,240927.0077389952
995,old_age_65_plus,76739.6212043046
995,working_age_15_64,595427.2725057726
995,young_0_14,266594.3207429915
996,old_age_65_plus,77258.6567216912
996,working_age_15_64,616666.7177179236
996,young_0_14,280219.5888521920
997,old_age_65_plus,70070.6100562330
997,working_age_15_64,540650.6039194590
997,young_0_14,244169.2803168034
998,old_age_65_plus,88081.9475831052
998,working_age_15_64,642652.6801138411
998,young_0_14,267388.6033099165
999,old_age_65_plus,81480.5090248498
999,working_age_15_64,606974.5171324642
999,young_0_14,271010.6436067520
1000,old_age_65_plus,74726.9008449328
1000,working_age_15_64,572655.0216306672
1000,young_0_14,262649.7079553690
1001,old_age_65_plus,72876.8784009354
1001,working_age_15_64,556822.1943349475
1001,young_0_14,248769.1295078248
1002,old_age_65_plus,79307.9345518979
1002,working_age_15_64,618307.6028873418
1002,young_0_14,282179.3135998128
1003,old_age_65_plus,84257.4494902545
1003,working_age_15_64,612112.3472034720
1003,young_0_14,269877.1116546590
1004,old_age_65_plus,77794.1662301060
1004,working_age_15_64,611351.7038275256
1004,young_0_14,281996.8762049830
1005,old_age_65_plus,81579.1963039429
1005,working_age_15_64,584412.2732419466
1005,young_0_14,251061.4605092268
1006,old_age_65_plus,75839.0453283636
1006,working_age_15_64,595876.4877928658
1006,young_0_14,272614.1930126811
1007,old_age_65_plus,95309.6784387621
1007,working_age_15_64,688157.1219575484
1007,young_0_14,288747.9013511994
1008,old_age_65_plus,73064.4562282113
1008,working_age_15_64,582387.3321983382
1008,young_0_14,264323.0804453309
1009,old_age_65_plus,78293.7685391034
1009,working_age_15_64,578075.3420085170
1009,young_0_14,254313.2854699910
1010,old_age_65_plus,73580.5839411167
1010,working_age_15_64,578104.2895795406
1010,young_0_14,261541.7024635529
1011,old_age_65_plus,80729.8764158747
1011,working_age_15_64,621026.8749725830
1011,young_0_14,276941.4554981760
1012,old_age_65_plus,90083.2576829611
1012,working_age_15_64,697785.9964907080
1012,young_0_14,302048.5405166731
1013,old_age_65_plus,81643.8988856125
1013,working_age_15_64,651780.4199148150
1013,young_0_14,286915.9949693616
1014,old_age_65_plus,78350.1282858796
1014,working_age_15_64,606838.3333900856
1014,young_0_14,266099.1350489726
1015,old_age_65_plus,81811.8508867156
1015,working_age_15_64,602079.3515632760
1015,young_0_14,264679.7127486551
1016,old_age_65_plus,76932.5234617680
1016,working_age_15_64,596632.2327121306
1016,young_0_14,263105.2077008365
1017,old_age_65_plus,73560.8659599901
1017,working_age_15_64,577164.2855754045
1017,young_0_14,259965.5404022303
1018,old_age_65_plus,78700.5865375658
1018,working_age_15_64,605578.8333794060
1018,young_0_14,272107.9328076279
1019,old_age_65_plus,82242.4079619218
1019,working_age_15_64,619346.1269464230
1019,young_0_14,270146.0467420358
1020,old_age_65_plus,78659.1025308018
1020,working_age_15_64,602266.6412596559
1020,young_0_14,265844.7818561571
1021,old_age_65_plus,75037.6229792885
1021,working_age_15_64,557628.6550647221
1021,young_0_14,251285.2407532326
1022,old_age_65_plus,85615.9430183234
1022,working_age_15_64,623812.8112947178
1022,young_0_14,274323.8185004816
1023,old_age_65_plus,82533.6714232087
1023,working_age_15_64,575571.0715022611
1023,young_0_14,242294.5658779880
1024,old_age_65_plus,84059.0717150613
1024,working_age_15_64,632447.3332932873
1024,young_0_14,275753.0491799872
1025,old_age_65_plus,85078.3916399904
1025,working_age_15_64,634976.3227397427
1025,young_0_14,276431.2572094232
1026,old_age_65_plus,83503.3465827553
1026,working_age_15_64,635581.8948270786
1026,young_0_14,275630.1889464427
1027,old_age_65_plus,75381.0618587844
1027,working_age_15_64,556586.0766581162
1027,young_0_14,240692.3963584017
1028,old_age_65_plus,79539.3950863876
1028,working_age_15_64,592070.9121427403
1028,young_0_14,268661.0332824352
1029,old_age_65_plus,78178.4208114766
1029,working_age_15_64,597192.2925103402
1029,young_0_14,252298.6032582385
1030,old_age_65_plus,93688.3198316205
1030,working_age_15_64,675788.3975984242
1030,young_0_14,283303.7134678870
1031,old_age_65_plus,86275.9357925941
1031,working_age_15_64,640775.6682585264
1031,young_0_14,276786.0824262433
1032,old_age_65_plus,88268.8308119361
1032,working_age_15_64,658511.3883754817
1032,young_0_14,276560.7795448575
1033,old_age_65_plus,85459.0616803501
1033,working_age_15_64,638172.8828303624
1033,young_0_14,264857.4863067107
1034,old_age_65_plus,95659.5040891322
1034,working_age_15_64,722357.5325106306
1034,young_0_14,301576.3777871595
1035,old_age_65_plus,83626.0356259743
1035,working_age_15_64,600882.2472918412
1035,young_0_14,254123.1642461737
1036,old_age_65_plus,87629.5807872969
1036,working_age_15_64,642046.4994807018
1036,young_0_14,270644.2877546932
1037,old_age_65_plus,93678.4256163321
1037,working_age_15_64,699095.9465407439
1037,young_0_14,303221.1001339935
1038,old_age_65_plus,96492.8289452382
1038,working_age_15_64,709401.9742571288
1038,young_0_14,294209.7757089671
1039,old_age_65_plus,83811.9654814730
1039,working_age_15_64,647890.1042885000
1039,young_0_14,284174.3988870379
1040,old_age_65_plus,116594.3083207199
1040,working_age_15_64,845557.5849463068
1040,young_0_14,341447.2078763894
1041,old_age_65_plus,103435.5581752079
1041,working_age_15_64,768001.9070693427
1041,young_0_14,326753.1267645883
1042,old_age_65_plus,86864.1455245905
1042,working_age_15_64,678819.0386997616
1042,young_0_14,299945.8758546065
1043,old_age_65_plus,81515.4356240503
1043,working_age_15_64,657724.5025001565
1043,young_0_14,293725.2305556143
1044,old_age_65_plus,84122.3648676839
1044,working_age_15_64,696369.4860207454
1044,young_0_14,328493.1392368759
1045,old_age_65_plus,91296.2801988524
1045,working_age_15_64,719659.3622160999
1045,young_0_14,331404.5813906918
1046,old_age_65_plus,92925.7850320391
1046,working_age_15_64,772461.5079314356
1046,young_0_14,365127.2309335499
1047,old_age_65_plus,91629.8222275807
1047,working_age_15_64,769921.2942569627
1047,young_0_14,360946.4712883526
1048,old_age_65_plus,79394.1643843587
1048,working_age_15_64,658574.5287912831
1048,young_0_14,317015.8674575656
1049,old_age_65_plus,89885.2090782710
1049,working_age_15_64,741422.3296070766
1049,young_0_14,347686.3405323117
1050,old_age_65_plus,102928.2386800885
1050,working_age_15_64,825240.7847716631
1050,young_0_14,365762.6161940668
1051,old_age_65_plus,94786.0485019584
1051,working_age_15_64,755354.4425096225
1051,young_0_14,355447.3225768572
1052,old_age_65_plus,94941.4088017220
1052,working_age_15_64,717866.0790003974
1052,young_0_14,328934.6285499584
1053,old_age_65_plus,99796.8788835447
1053,working_age_15_64,802341.8457133510
1053,young_0_14,375177.2446769377
1054,old_age_65_plus,92956.5635185090
1054,working_age_15_64,778013.5987673553
1054,young_0_14,359636.2702608088
1055,old_age_65_plus,101541.6554583339
1055,working_age_15_64,812387.0791638719
1055,young_0_14,363060.5014943678
1056,old_age_65_plus,82553.2133344890
1056,working_age_15_64,677215.1829960602
1056,young_0_14,332131.7218803338
1057,old_age_65_plus,87930.9119665410
1057,working_age_15_64,736717.3393808937
1057,young_0_14,352051.3360098773
1058,old_age_65_plus,93002.9463426538
1058,working_age_15_64,765458.9159426984
1058,young_0_14,349073.2317947078
1059,old_age_65_plus,79877.8471662875
1059,working_age_15_64,670114.9093024269
1059,young_0_14,329215.9067285776
1060,old_age_65_plus,102639.3876625035
1060,working_age_15_64,805578.4063751806
1060,young_0_14,361293.1812415813
1061,old_age_65_plus,86833.3078593623
1061,working_age_15_64,739186.6108477421
1061,young_0_14,354077.5240579313
1062,old_age_65_plus,84635.0308218419
1062,working_age_15_64,727099.3250713641
1062,young_0_14,341909.7475682003
1063,old_age_65_plus,82928.8698541169
1063,working_age_15_64,738527.2694656863
1063,young_0_14,376450.7965728827
1064,old_age_65_plus,90923.3511251106
1064,working_age_15_64,756096.6158403930
1064,young_0_14,353968.8079856919
1065,old_age_65_plus,83109.1400875702
1065,working_age_15_64,718281.5035964369
1065,young_0_14,359305.9522655940
1066,old_age_65_plus,92542.3763126413
1066,working_age_15_64,780148.1247807527
1066,young_0_14,368984.2243786767
1067,old_age_65_plus,100833.2255974641
1067,working_age_15_64,822841.0143619297
1067,young_0_14,375918.7171736230
1068,old_age_65_plus,85168.2155740130
1068,working_age_15_64,716699.4595642635
1068,young_0_14,347401.1777190084
1069,old_age_65_plus,76446.6752459628
1069,working_age_15_64,694075.6820708675
1069,young_0_14,358189.1508178946
1070,old_age_65_plus,83706.1133662743
1070,working_age_15_64,742260.2722317131
1070,young_0_14,377842.6794518331
1071,old_age_65_plus,91553.7246252302
1071,working_age_15_64,793818.1824660536
1071,young_0_14,389293.0556220086
1072,old_age_65_plus,79603.6357883489
1072,working_age_15_64,704144.9380273343
1072,young_0_14,365457.0261903550
1073,old_age_65_plus,80691.8275668345
1073,working_age_15_64,687681.8352715307
1073,young_0_14,343691.8368022838
1074,old_age_65_plus,90724.5641743779
1074,working_age_15_64,798337.9524529214
1074,young_0_14,400585.6179255370
1075,old_age_65_plus,92100.3106337560
1075,working_age_15_64,772720.4849613957
1075,young_0_14,377326.8547769624
1076,old_age_65_plus,76649.7069804369
1076,working_age_15_64,681852.4670003324
1076,young_0_14,356307.9710808327
1077,old_age_65_plus,74514.5461381773
1077,working_age_15_64,684099.0987082728
1077,young_0_14,361440.5916817018
1078,old_age_65_plus,87604.4904396196
1078,working_age_15_64,755413.5072948821
1078,young_0_14,378648.9366189161
1079,old_age_65_plus,90751.5995868543
1079,working_age_15_64,762632.9889752695
1079,young_0_14,369631.5782194916
1080,old_age_65_plus,86625.1597597638
1080,working_age_15_64,723210.2634464069
1080,young_0_14,364053.7523620121
1081,old_age_65_plus,79522.2801425336
1081,working_age_15_64,695473.7576527573
1081,young_0_14,361340.4066028487
1082,old_age_65_plus,93479.5993507459
1082,working_age_15_64,819787.8068274276
1082,young_0_14,414168.5928281847
1083,old_age_65_plus,91243.6757629910
1083,working_age_15_64,793556.9091612967
1083,young_0_14,391947.1937613275
1084,old_age_65_plus,90471.1461044238
1084,working_age_15_64,758818.5576814101
1084,young_0_14,377563.7633722895
1085,old_age_65_plus,79198.4746733867
1085,working_age_15_64,680982.2189081009
1085,young_0_14,352618.3686367705
1086,old_age_65_plus,77678.0844349007
1086,working_age_15_64,699918.7266191748
1086,young_0_14,365673.6243215975
1087,old_age_65_plus,81810.9909927026
1087,working_age_15_64,728442.9447533923
1087,young_0_14,363288.3502904482
1088,old_age_65_plus,76341.8505323845
1088,working_age_15_64,667816.6677211912
1088,young_0_14,351081.8649007304
1089,old_age_65_plus,85546.8840823101
1089,working_age_15_64,773267.5672498154
1089,young_0_14,394825.8844974556
1090,old_age_65_plus,90644.5011917801
1090,working_age_15_64,783264.8798013651
1090,young_0_14,396574.9983883236
1091,old_age_65_plus,77571.0821598408
1091,working_age_15_64,707455.8160599113
1091,young_0_14,370253.5768886815
1092,old_age_65_plus,86270.8434675086
1092,working_age_15_64,745951.2816450389
1092,young_0_14,371380.5758639917
1093,old_age_65_plus,79600.8501560472
1093,working_age_15_64,710425.1017674858
1093,young_0_14,367818.7030148329
1094,old_age_65_plus,89702.5410724150
1094,working_age_15_64,835555.2332690480
1094,young_0_14,433406.4220115686
1095,old_age_65_plus,80894.3317824452
1095,working_age_15_64,733525.8882276773
1095,young_0_14,382307.4862344246
1096,old_age_65_plus,77054.3689200122
1096,working_age_15_64,720301.5076723677
1096,young_0_14,377976.4570973548
1097,old_age_65_plus,85923.4347739897
1097,working_age_15_64,760467.3411735489
1097,young_0_14,374509.8129803329
1098,old_age_65_plus,90155.3104990883
1098,working_age_15_64,795384.7342587429
1098,young_0_14,390173.5091820808
1099,old_age_65_plus,86421.2663537128
1099,working_age_15_64,789684.2897586840
1099,young_0_14,419404.3050799305
1100,old_age_65_plus,90549.4988733712
1100,working_age_15_64,781916.6507037953
1100,young_0_14,389262.0736697317
1101,old_age_65_plus,94693.9463274724
1101,working_age_15_64,806979.3181796320
1101,young_0_14,396372.4745525187
1102,old_age_65_plus,92905.2976467833
1102,working_age_15_64,811855.4528380743
1102,young_0_14,402257.6979707310
1103,old_age_65_plus,81162.4326053283
1103,working_age_15_64,757281.2196797349
1103,young_0_14,405565.7114630979
1104,old_age_65_plus,89012.7304460882
1104,working_age_15_64,796336.5479132563
1104,young_0_14,400726.9762889232
1105,old_age_65_plus,78589.7524163537
1105,working_age_15_64,711460.1755180099
1105,young_0_14,374977.8733497181
1106,old_age_65_plus,77552.4995754545
1106,working_age_15_64,717139.2740529417
1106,young_0_14,379616.1072500655
1107,old_age_65_plus,78085.8052972077
1107,working_age_15_64,729031.0260112963
1107,young_0_14,372868.9454375067
1108,old_age_65_plus,94475.5815164585
1108,working_age_15_64,826331.9225973121
1108,young_0_14,403431.4189234689
1109,old_age_65_plus,109934.5259673339
1109,working_age_15_64,955674.9539265167
1109,young_0_14,432032.9184723170
1110,old_age_65_plus,102144.1555213554
1110,working_age_15_64,919249.0066514376
1110,young_0_14,420667.2994763941
1111,old_age_65_plus,115038.4599076414
1111,working_age_15_64,1010274.9394195552
1111,young_0_14,447535.8062703721
1112,old_age_65_plus,124800.7024877201
1112,working_age_15_64,1046502.5074100437
1112,young_0_14,442848.7900109382
1113,old_age_65_plus,120290.0351929496
1113,working_age_15_64,1052542.8438926300
1113,young_0_14,463651.9346961108
1114,old_age_65_plus,100968.2086906605
1114,working_age_15_64,906342.8610978413
1114,young_0_14,432590.6032226787
1115,old_age_65_plus,89053.7777013643
1115,working_age_15_64,834172.2594154981
1115,young_0_14,437080.8176544266
1116,old_age_65_plus,81885.3160627331
1116,working_age_15_64,752797.9565332544
1116,young_0_14,386446.5748106041
1117,old_age_65_plus,80277.4060887632
1117,working_age_15_64,746675.5641375113
1117,young_0_14,387707.7329609167
1118,old_age_65_plus,91269.1011717854
1118,working_age_15_64,880789.1760812431
1118,young_0_14,439654.8159803735
1119,old_age_65_plus,87066.9402307419
1119,working_age_15_64,772666.6194735388
1119,young_0_14,388115.8693909605
1120,old_age_65_plus,92360.2447075486
1120,working_age_15_64,820733.2266526936
1120,young_0_14,412669.3556734264
1121,old_age_65_plus,75127.7349943914
1121,working_age_15_64,711315.8548049346
1121,young_0_14,381155.6588371575
1122,old_age_65_plus,87042.9939505465
1122,working_age_15_64,797687.1836941477
1122,young_0_14,396969.6969146394
1123,old_age_65_plus,76428.7515884632
1123,working_age_15_64,714446.7994022375
1123,young_0_14,368067.4376615729
1124,old_age_65_plus,81828.1545128861
1124,working_age_15_64,775426.4290037856
1124,young_0_14,411096.3425263778
1125,old_age_65_plus,82533.5925040821
1125,working_age_15_64,785613.3171393538
1125,young_0_14,402088.1972924719
1126,old_age_65_plus,80286.0751654602
1126,working_age_15_64,723038.3862178514
1126,young_0_14,363404.9318463392
1127,old_age_65_plus,81167.7782667509
1127,working_age_15_64,752309.0517133912
1127,young_0_14,392663.5793753536
1128,old_age_65_plus,72097.0266908422
1128,working_age_15_64,667145.3712548882
1128,young_0_14,340850.0300052464
1129,old_age_65_plus,79215.4041662163
1129,working_age_15_64,725622.7719260073
1129,young_0_14,375521.9779625295
1130,old_age_65_plus,75824.2556122809
1130,working_age_15_64,684488.3053184273
1130,young_0_14,356008.6369385729
1131,old_age_65_plus,76780.9723845957
1131,working_age_15_64,704081.0062064361
1131,young_0_14,350524.6151089609
1132,old_age_65_plus,75985.2408425231
1132,working_age_15_64,686853.2192348388
1132,young_0_14,364290.1472053872
1133,old_age_65_plus,71628.8916628280
1133,working_age_15_64,651453.9863840294
1133,young_0_14,333891.9578247578
1134,old_age_65_plus,66353.3882080893
1134,working_age_15_64,590326.6276943885
1134,young_0_14,307812.5842816052
1135,old_age_65_plus,59733.8764728460
1135,working_age_15_64,580154.2464048285
1135,young_0_14,319765.9509099813
1136,old_age_65_plus,71442.4545145052
1136,working_age_15_64,681140.3316923819
1136,young_0_14,360107.0562099760
1137,old_age_65_plus,74717.8687550975
1137,working_age_15_64,657093.6755853434
1137,young_0_14,341551.0212659141
1138,old_age_65_plus,66141.8266676945
1138,working_age_15_64,654205.0738734796
1138,young_0_14,362559.1767813714
1139,old_age_65_plus,67377.7262923567
1139,working_age_15_64,675939.9762858320
1139,young_0_14,374933.5080511835
1140,old_age_65_plus,67054.0454021852
1140,working_age_15_64,653404.6725513162
1140,young_0_14,349521.2762290622
1141,old_age_65_plus,68127.0687734968
1141,working_age_15_64,663435.4088817026
1141,young_0_14,359815.4795200374
1142,old_age_65_plus,64869.1005082500
1142,working_age_15_64,666014.1441378576
1142,young_0_14,369364.2548900488
1143,old_age_65_plus,65948.0898125725
1143,working_age_15_64,662711.7968598455
1143,young_0_14,381279.4537914454
1144,old_age_65_plus,65370.5477333571
1144,working_age_15_64,675139.4515370597
1144,young_0_14,378411.7469253350
1145,old_age_65_plus,83485.1532842256
1145,working_age_15_64,781095.4933194623
1145,young_0_14,398611.9902261869
1146,old_age_65_plus,58966.8034725312
1146,working_age_15_64,606091.0180507300
1146,young_0_14,349682.0201625994
1147,old_age_65_plus,60152.9681977226
1147,working_age_15_64,638489.8447550492
1147,young_0_14,364428.1144502063
1148,old_age_65_plus,64979.4562732752
1148,working_age_15_64,679168.1085610368
1148,young_0_14,387286.2079762039
1149,old_age_65_plus,63103.9211342538
1149,working_age_15_64,670493.4873784410
1149,young_0_14,376013.2573067995
1150,old_age_65_plus,63045.1765430789
1150,working_age_15_64,690738.5209434688
1150,young_0_14,406551.9701580207
1151,old_age_65_plus,62489.8791399807
1151,working_age_15_64,633307.7349800465
1151,young_0_14,353041.1915618510
1152,old_age_65_plus,60223.4426683837
1152,working_age_15_64,605430.0166844354
1152,young_0_14,344118.3919805670
1153,old_age_65_plus,60946.8533261255
1153,working_age_15_64,662863.7116698602
1153,young_0_14,387016.4806859973
1154,old_age_65_plus,63853.5390514271
1154,working_age_15_64,653804.3854367619
1154,young_0_14,367964.0976473818
1155,old_age_65_plus,70402.3574402777
1155,working_age_15_64,700227.2855223201
1155,young_0_14,385078.1466054206
1156,old_age_65_plus,66320.1897486414
1156,working_age_15_64,653504.0802332832
1156,young_0_14,354717.2944442842
1157,old_age_65_plus,63858.9746377822
1157,working_age_15_64,650590.1257330895
1157,young_0_14,359660.4762118151
1158,old_age_65_plus,64791.6578431685
1158,working_age_15_64,658604.4968614681
1158,young_0_14,368831.5421522259
1159,old_age_65_plus,62689.0795215445
1159,working_age_15_64,682717.3899011689
1159,young_0_14,394464.5563094973
1160,old_age_65_plus,65108.5100014089
1160,working_age_15_64,683144.4659848677
1160,young_0_14,392819.1509176335
1161,old_age_65_plus,62713.6595658816
1161,working_age_15_64,693584.0031090899
1161,young_0_14,390745.8529075481
1162,old_age_65_plus,71238.4527225113
1162,working_age_15_64,715986.5810710962
1162,young_0_14,388721.4728219836
1163,old_age_65_plus,68477.7405790693
1163,working_age_15_64,715330.6648051463
1163,young_0_14,394382.8427227263
1164,old_age_65_plus,60030.7522296727
1164,working_age_15_64,667691.0992840778
1164,young_0_14,384167.4037100241
1165,old_age_65_plus,62872.3620866841
1165,working_age_15_64,680894.8493942149
1165,young_0_14,382637.3284622642
1166,old_age_65_plus,63402.0087997373
1166,working_age_15_64,659965.8392512200
1166,young_0_14,390489.1641607113
1167,old_age_65_plus,65874.0980054056
1167,working_age_15_64,686942.9944322072
1167,young_0_14,379339.0999394971
1168,old_age_65_plus,56543.7168272812
1168,working_age_15_64,645550.0143368602
1168,young_0_14,369576.0142825091
1169,old_age_65_plus,69485.3757580069
1169,working_age_15_64,719862.6131747566
1169,young_0_14,392217.7957626969
1170,old_age_65_plus,65505.3956211151
1170,working_age_15_64,723269.8359491619
1170,young_0_14,406439.5743013863
1171,old_age_65_plus,61113.6793791100
1171,working_age_15_64,704800.0772072971
1171,young_0_14,405817.4281378536
1172,old_age_65_plus,72547.4764220430
1172,working_age_15_64,726944.1875980262
1172,young_0_14,401608.6334829369
1173,old_age_65_plus,64735.2069491987
1173,working_age_15_64,694945.1907858480
1173,young_0_14,394835.0847825105
1174,old_age_65_plus,68714.3507884079
1174,working_age_15_64,734878.9800233693
1174,young_0_14,411663.2248214865
1175,old_age_65_plus,63174.3430417811
1175,working_age_15_64,648568.2653072390
1175,young_0_14,364991.9170955456
1176,old_age_65_plus,70733.9769151556
1176,working_age_15_64,718626.8562347083
1176,young_0_14,383945.9170499590
1177,old_age_65_plus,69478.8189250963
1177,working_age_15_64,737032.6249352776
1177,young_0_14,411199.5094651803
1178,old_age_65_plus,70914.9583919766
1178,working_age_15_64,745092.2653801708
1178,young_0_14,399419.7105998513
1179,old_age_65_plus,63382.7134305148
1179,working_age_15_64,707931.8602178487
1179,young_0_14,389324.5418034718
1180,old_age_65_plus,69750.4954150165
1180,working_age_15_64,726562.2185719879
1180,young_0_14,403988.5706168827
1181,old_age_65_plus,74299.6906828776
1181,working_age_15_64,794950.3798524850
1181,young_0_14,431163.8863668023
1182,old_age_65_plus,76557.6418044976
1182,working_age_15_64,801713.4543939079
1182,young_0_14,436400.6026341984
1183,old_age_65_plus,64638.1382101122
1183,working_age_15_64,725050.2182722770
1183,young_0_14,408260.4601491736
1184,old_age_65_plus,70857.5024246272
1184,working_age_15_64,776522.7095591024
1184,young_0_14,426777.1104915589
1185,old_age_65_plus,67230.6533110711
1185,working_age_15_64,714474.9129749587
1185,young_0_14,393433.2268233272
1186,old_age_65_plus,69424.1144155069
1186,working_age_15_64,785400.5405964587
1186,young_0_14,432453.1003046023
1187,old_age_65_plus,67678.7155702041
1187,working_age_15_64,703323.6637931233
1187,young_0_14,395961.8458278473
1188,old_age_65_plus,68867.5172077883
1188,working_age_15_64,744597.9389590642
1188,young_0_14,416558.7655076674
1189,old_age_65_plus,77978.1887290366
1189,working_age_15_64,766484.9386967808
1189,young_0_14,403647.8516421685
1190,old_age_65_plus,58674.5948362231
1190,working_age_15_64,651312.7802814516
1190,young_0_14,377127.5308895027
1191,old_age_65_plus,60668.0908196616
1191,working_age_15_64,642045.2553410496
1191,young_0_14,362709.5129225648
1192,old_age_65_plus,67374.8303751564
1192,working_age_15_64,691630.8143074840
1192,young_0_14,381400.4344719210
1193,old_age_65_plus,63958.5999659398
1193,working_age_15_64,654269.4132460149
1193,young_0_14,369818.6034993241
1194,old_age_65_plus,68141.5615663936
1194,working_age_15_64,666527.4992656703
1194,young_0_14,364725.0482844268
1195,old_age_65_plus,71583.1309793337
1195,working_age_15_64,727365.8072289826
1195,young_0_14,388604.6109645351
1196,old_age_65_plus,76840.1417007697
1196,working_age_15_64,776150.0540785065
1196,young_0_14,423429.1564574023
1197,old_age_65_plus,59070.9029826433
1197,working_age_15_64,647157.9628468240
1197,young_0_14,379997.6916352998
1198,old_age_65_plus,64662.4077790691
1198,working_age_15_64,704274.7756127754
1198,young_0_14,386270.0639921625
1199,old_age_65_plus,55618.7205214622
1199,working_age_15_64,648682.6825392193
1199,young_0_14,382835.3930993627
1200,old_age_65_plus,67987.4105469634
1200,working_age_15_64,710249.0670087927
1200,young_0_14,390522.5688110377
1201,old_age_65_plus,66475.6976891616
1201,working_age_15_64,711973.2293231267
1201,young_0_14,393401.7092968174
1202,old_age_65_plus,59983.7239744190
1202,working_age_15_64,646826.4840917974
1202,young_0_14,378049.1051032020
1203,old_age_65_plus,66631.5220156834
1203,working_age_15_64,685936.5384787165
1203,young_0_14,391305.0447605242
1204,old_age_65_plus,65381.0511212743
1204,working_age_15_64,704996.2886695520
1204,young_0_14,394026.9947954949
1205,old_age_65_plus,58673.1085893537
1205,working_age_15_64,629941.9080337520
1205,young_0_14,362397.7648804467
1206,old_age_65_plus,65997.5900150297
1206,working_age_15_64,705059.4750165348
1206,young_0_14,394563.7139553349
1207,old_age_65_plus,59950.5588769981
1207,working_age_15_64,605986.1622326282
1207,young_0_14,343691.4808825513
1208,old_age_65_plus,65175.3632344217
1208,working_age_15_64,683092.7081216108
1208,young_0_14,393037.3835610919
1209,old_age_65_plus,61108.6293933607
1209,working_age_15_64,704869.8334637231
1209,young_0_14,400977.6208351767
1210,old_age_65_plus,63815.4225458344
1210,working_age_15_64,687406.2492856210
1210,young_0_14,396476.3630777597
1211,old_age_65_plus,61062.2546612036
1211,working_age_15_64,642423.3923121388
1211,young_0_14,372764.5120573652
1212,old_age_65_plus,60752.2775257222
1212,working_age_15_64,642233.4651674272
1212,young_0_14,366243.9887328927
1213,old_age_65_plus,54982.5948474472
1213,working_age_15_64,587676.4202947603
1213,young_0_14,335044.0515641429
1214,old_age_65_plus,61857.7544815292
1214,working_age_15_64,630733.8010051923
1214,young_0_14,361542.1069732484
1215,old_age_65_plus,63224.8025682749
1215,working_age_15_64,664811.5362970727
1215,young_0_14,380710.5023340345
1216,old_age_65_plus,64646.9117220522
1216,working_age_15_64,675298.4125741416
1216,young_0_14,378200.6622803292
1217,old_age_65_plus,65170.3152240791
1217,working_age_15_64,698339.1487508550
1217,young_0_14,402881.4977078502
1218,old_age_65_plus,67698.1109817471
1218,working_age_15_64,694122.2544108260
1218,young_0_14,381015.3785535258
1219,old_age_65_plus,62086.2450046311
1219,working_age_15_64,640885.3761159003
1219,young_0_14,357407.9225636619
1220,old_age_65_plus,62631.1771604352
1220,working_age_15_64,687477.5047535374
1220,young_0_14,387280.3221702370
1221,old_age_65_plus,61355.9613424493
1221,working_age_15_64,664828.6203791432
1221,young_0_14,376156.4597657234
1222,old_age_65_plus,61288.0479992824
1222,working_age_15_64,676287.2234086411
1222,young_0_14,375878.3793751910
1223,old_age_65_plus,64979.0877947774
1223,working_age_15_64,657569.8988710678
1223,young_0_14,368679.8987617403
1224,old_age_65_plus,70539.3595989660
1224,working_age_15_64,682907.0235357988
1224,young_0_14,368196.1599210617
1225,old_age_65_plus,68151.6064511987
1225,working_age_15_64,681159.5212038503
1225,young_0_14,381864.1695341623
1226,old_age_65_plus,57963.8692546464
1226,working_age_15_64,601672.8596315492
1226,young_0_14,357431.1216534027
1227,old_age_65_plus,67328.2576542613
1227,working_age_15_64,639850.2049840541
1227,young_0_14,351376.6775898313
1228,old_age_65_plus,62920.9739140239
1228,working_age_15_64,650780.8356895300
1228,young_0_14,360312.0089249467
1229,old_age_65_plus,64050.6482140354
1229,working_age_15_64,675987.2263844475
1229,young_0_14,378249.0472409432
1230,old_age_65_plus,57935.4290527347
1230,working_age_15_64,621359.6522478210
1230,young_0_14,363130.0388997420
1231,old_age_65_plus,58799.9591316858
1231,working_age_15_64,599499.3123352164
1231,young_0_14,338973.1971125702
1232,old_age_65_plus,64509.4578311433
1232,working_age_15_64,687164.1666026423
1232,young_0_14,384903.4146459114
1233,old_age_65_plus,62587.2098203752
1233,working_age_15_64,629062.4589210605
1233,young_0_14,356309.3003524778
1234,old_age_65_plus,62090.6729529111
1234,working_age_15_64,632870.8825451836
1234,young_0_14,360407.3902635958
1235,old_age_65_plus,66958.8573446000
1235,working_age_15_64,655819.9836382857
1235,young_0_14,361751.9687133757
1236,old_age_65_plus,64434.0499640861
1236,working_age_15_64,655400.6184193130
1236,young_0_14,370581.8007246578
1237,old_age_65_plus,67862.6874350746
1237,working_age_15_64,687213.7857483979
1237,young_0_14,374956.2381441280
1238,old_age_65_plus,70036.6992900000
1238,working_age_15_64,727525.4170427579
1238,young_0_14,402293.7357746534
1239,old_age_65_plus,69448.4619944389
1239,working_age_15_64,693809.6827852001
1239,young_0_14,384737.5560048343
1240,old_age_65_plus,62063.6155659774
1240,working_age_15_64,630699.1089825934
1240,young_0_14,362146.3528190243
1241,old_age_65_plus,57685.8245978504
1241,working_age_15_64,563090.9932126852
1241,young_0_14,319783.2357834965
1242,old_age_65_plus,56517.5941943072
1242,working_age_15_64,559668.4749915781
1242,young_0_14,320162.0973355331
1243,old_age_65_plus,64155.9995845378
1243,working_age_15_64,639928.5246369723
1243,young_0_14,359708.7487213308
1244,old_age_65_plus,59275.9864359502
1244,working_age_15_64,628627.6746388379
1244,young_0_14,368716.1033071193
1245,old_age_65_plus,57919.4837605542
1245,working_age_15_64,589279.8251504160
1245,young_0_14,327868.3365637738
1246,old_age_65_plus,59016.3578865106
1246,working_age_15_64,589522.1609482659
1246,young_0_14,328555.2677775728
1247,old_age_65_plus,57853.5397875810
1247,working_age_15_64,575151.6644815631
1247,young_0_14,320130.0309912123
1248,old_age_65_plus,66354.6429922137
1248,working_age_15_64,632507.9517579704
1248,young_0_14,349144.3075789101
1249,old_age_65_plus,54491.4436316656
1249,working_age_15_64,637706.1193151860
1249,young_0_14,395896.4737835538
1250,old_age_65_plus,61212.8885231703
1250,working_age_15_64,640827.4329430077
1250,young_0_14,376552.0316924549
1251,old_age_65_plus,71461.1474835058
1251,working_age_15_64,759681.8371074640
1251,young_0_14,428182.5407103761
1252,old_age_65_plus,62740.8960745906
1252,working_age_15_64,639227.8575847714
1252,young_0_14,360737.9933605573
1253,old_age_65_plus,60667.1338552187
1253,working_age_15_64,664353.2366289158
1253,young_0_14,395702.9841200246
1254,old_age_65_plus,58115.6019571456
1254,working_age_15_64,634960.4867508364
1254,young_0_14,366119.3273881170
1255,old_age_65_plus,66421.7603786510
1255,working_age_15_64,667439.1137557912
1255,young_0_14,380986.3147745159
1256,old_age_65_plus,60969.6194135774
1256,working_age_15_64,612895.9703436126
1256,young_0_14,343561.1147109133
1257,old_age_65_plus,56508.4712493527
1257,working_age_15_64,602695.2315592073
1257,young_0_14,350917.9662294271
1258,old_age_65_plus,54727.8556121208
1258,working_age_15_64,604159.2623809268
1258,young_0_14,359532.0789384115
1259,old_age_65_plus,58868.4118885424
1259,working_age_15_64,633407.7091653520
1259,young_0_14,369032.2169069884
1260,old_age_65_plus,57106.0352250249
1260,working_age_15_64,613839.4442562036
1260,young_0_14,355863.0853398470
1261,old_age_65_plus,62703.5378445667
1261,working_age_15_64,659761.9995213251
1261,young_0_14,368433.7687813084
1262,old_age_65_plus,56773.7239766231
1262,working_age_15_64,586230.8470039859
1262,young_0_14,328262.4513623078
1263,old_age_65_plus,61054.0513762803
1263,working_age_15_64,610218.0006203037
1263,young_0_14,343998.1033776046
1264,old_age_65_plus,56858.2242002982
1264,working_age_15_64,626366.3055456172
1264,young_0_14,366963.1236099008
1265,old_age_65_plus,67187.6775275189
1265,working_age_15_64,706444.5322125173
1265,young_0_14,394620.9670709173
1266,old_age_65_plus,63045.2169726720
1266,working_age_15_64,672373.5241431886
1266,young_0_14,385220.2668350387
1267,old_age_65_plus,66315.6169734706
1267,working_age_15_64,685151.8854954004
1267,young_0_14,380122.9238740860
1268,old_age_65_plus,54732.6060852150
1268,working_age_15_64,582589.8258989386
1268,young_0_14,333660.2709806657
1269,old_age_65_plus,64364.2721041587
1269,working_age_15_64,635230.1696166749
1269,young_0_14,342386.2996207503
1270,old_age_65_plus,65613.2707978994
1270,working_age_15_64,671463.5262359780
1270,young_0_14,367991.6361978622
1271,old_age_65_plus,66377.3246391118
1271,working_age_15_64,693509.9990317317
1271,young_0_14,380387.6627246545
1272,old_age_65_plus,73014.4271918129
1272,working_age_15_64,705393.2947666574
1272,young_0_14,381661.4987481931
1273,old_age_65_plus,69878.4874307537
1273,working_age_15_64,668256.9517135065
1273,young_0_14,361101.5282558088
1274,old_age_65_plus,60904.2100471161
1274,working_age_15_64,634263.8262929493
1274,young_0_14,350985.3162350188
1275,old_age_65_plus,54107.5961964903
1275,working_age_15_64,584497.4032779359
1275,young_0_14,323014.6597315180
1276,old_age_65_plus,59299.8831180750
1276,working_age_15_64,634402.1985413685
1276,young_0_14,357981.1949907728
1277,old_age_65_plus,62532.8787966623
1277,working_age_15_64,606308.9402472714
1277,young_0_14,320311.1917107962
1278,old_age_65_plus,55775.5157835200
1278,working_age_15_64,616237.9627753780
1278,young_0_14,346344.3055468586
1279,old_age_65_plus,56462.0975520529
1279,working_age_15_64,587864.8536101821
1279,young_0_14,327516.4580718139
1280,old_age_65_plus,58342.5985042919
1280,working_age_15_64,573328.5700979455
1280,young_0_14,308782.9252752978
1281,old_age_65_plus,61047.8114902933
1281,working_age_15_64,625281.0093836167
1281,young_0_14,334514.8554748168
1282,old_age_65_plus,58796.8637172020
1282,working_age_15_64,602764.1728276580
1282,young_0_14,326587.0500416206
1283,old_age_65_plus,56568.9872455150
1283,working_age_15_64,562845.2261667701
1283,young_0_14,305402.0791309984
1284,old_age_65_plus,61217.4451667680
1284,working_age_15_64,593440.5493960653
1284,young_0_14,317686.5291802967
1285,old_age_65_plus,57655.4763945538
1285,working_age_15_64,570136.7062692678
1285,young_0_14,303440.2695554477
1286,old_age_65_plus,55467.0413267662
1286,working_age_15_64,546714.1566038007
1286,young_0_14,295999.2959731247
1287,old_age_65_plus,57664.8966846746
1287,working_age_15_64,627238.4658415543
1287,young_0_14,342202.9168103668
1288,old_age_65_plus,68609.5570977768
1288,working_age_15_64,674080.9107352872
1288,young_0_14,349096.8510671841
1289,old_age_65_plus,58610.4748714820
1289,working_age_15_64,599589.5263404265
1289,young_0_14,326174.7396458648
1290,old_age_65_plus,62639.7253730017
1290,working_age_15_64,613860.3378596096
1290,young_0_14,325524.5939599103
1291,old_age_65_plus,61796.8406861936
1291,working_age_15_64,626595.3928776081
1291,young_0_14,336812.6137492875
1292,old_age_65_plus,62959.5240195805
1292,working_age_15_64,640570.4963855126
1292,young_0_14,339324.2340723093
1293,old_age_65_plus,72122.9333186001
1293,working_age_15_64,679833.6104620456
1293,young_0_14,332755.3810553076
1294,old_age_65_plus,65760.0914593329
1294,working_age_15_64,662935.6086780501
1294,young_0_14,341585.6789097542
1295,old_age_65_plus,67101.4405869123
1295,working_age_15_64,655957.2715089502
1295,young_0_14,345813.3237261022
1296,old_age_65_plus,72971.7403421081
1296,working_age_15_64,698000.0067663885
1296,young_0_14,353204.2678414159
1297,old_age_65_plus,64486.3575697591
1297,working_age_15_64,650802.7322336230
1297,young_0_14,333826.7994980181
1298,old_age_65_plus,69018.0497139119
1298,working_age_15_64,667169.9585018451
1298,young_0_14,330587.9480630588
1299,old_age_65_plus,59830.8944829108
1299,working_age_15_64,600553.4736041182
1299,young_0_14,299033.7287026187
1300,old_age_65_plus,70027.6908063422
1300,working_age_15_64,643582.2599967860
1300,young_0_14,306955.4470406973
1301,old_age_65_plus,61180.2118386267
1301,working_age_15_64,608187.6395938052
1301,young_0_14,297107.2278194536
1302,old_age_65_plus,61978.3273135039
1302,working_age_15_64,620505.8411029712
1302,young_0_14,324359.2143563462
1303,old_age_65_plus,70882.3149023571
1303,working_age_15_64,662475.3196685148
1303,young_0_14,321669.1844130663
1304,old_age_65_plus,65782.8342630151
1304,working_age_15_64,617452.4815441759
1304,young_0_14,305635.8916825461
1305,old_age_65_plus,67146.3220697391
1305,working_age_15_64,656787.5255332452
1305,young_0_14,316551.1883414186
1306,old_age_65_plus,62783.7497233614
1306,working_age_15_64,598064.7815810234
1306,young_0_14,298878.3100058910
1307,old_age_65_plus,59390.6301409408
1307,working_age_15_64,598310.9260308779
1307,young_0_14,299436.2523240887
1308,old_age_65_plus,61600.1404991541
1308,working_age_15_64,597508.0758690641
1308,young_0_14,299826.4514308382
1309,old_age_65_plus,58218.7388443314
1309,working_age_15_64,544838.1138877346
1309,young_0_14,281866.6626912457
1310,old_age_65_plus,59274.4034165038
1310,working_age_15_64,583095.9934914429
1310,young_0_14,294619.6549038203
1311,old_age_65_plus,72713.1881453226
1311,working_age_15_64,676949.3390595319
1311,young_0_14,330463.7768366389
1312,old_age_65_plus,56843.0847447165
1312,working_age_15_64,565284.9358262563
1312,young_0_14,295384.3451909155
1313,old_age_65_plus,64340.9417111635
1313,working_age_15_64,612508.0337128087
1313,young_0_14,295708.4525875595
1314,old_age_65_plus,66904.4629555999
1314,working_age_15_64,644266.6022717445
1314,young_0_14,324756.7416894744
1315,old_age_65_plus,68265.4860155931
1315,working_age_15_64,629648.0163931996
1315,young_0_14,305613.7999712941
1316,old_age_65_plus,62024.0895198874
1316,working_age_15_64,589057.8193236454
1316,young_0_14,286419.0902894366
1317,old_age_65_plus,70739.0671516796
1317,working_age_15_64,652011.2971450025
1317,young_0_14,317704.3007688482
1318,old_age_65_plus,70035.8480607542
1318,working_age_15_64,669697.7210741111
1318,young_0_14,329785.2461132069
1319,old_age_65_plus,65763.5504268642
1319,working_age_15_64,607253.0041294274
1319,young_0_14,307763.1365664933
1320,old_age_65_plus,64293.6863368064
1320,working_age_15_64,590970.7364344492
1320,young_0_14,296070.1346236969
1321,old_age_65_plus,54459.6806684426
1321,working_age_15_64,533410.2585628952
1321,young_0_14,276066.9728885363
1322,old_age_65_plus,59161.2259093523
1322,working_age_15_64,589246.1685750344
1322,young_0_14,309118.6072765842
1323,old_age_65_plus,52444.0434647498
1323,working_age_15_64,522841.6760690020
1323,young_0_14,271999.8997298253
1324,old_age_65_plus,62340.8918744751
1324,working_age_15_64,580782.2215282195
1324,young_0_14,290433.8671851109
1325,old_age_65_plus,57857.6991513176
1325,working_age_15_64,523789.3472690874
1325,young_0_14,274276.2327540969
1326,old_age_65_plus,51093.6735904753
1326,working_age_15_64,496690.5893572493
1326,young_0_14,255421.0271427137
1327,old_age_65_plus,67557.6984402785
1327,working_age_15_64,608758.6858645554
1327,young_0_14,300529.3018113588
1328,old_age_65_plus,66929.4762845339
1328,working_age_15_64,606912.8220204178
1328,young_0_14,312516.6523483460
1329,old_age_65_plus,53510.1175317135
1329,working_age_15_64,505713.0892125561
1329,young_0_14,250590.3383426046
1330,old_age_65_plus,60264.6322752570
1330,working_age_15_64,577164.5386841965
1330,young_0_14,304997.6720114968
1331,old_age_65_plus,56719.4389271156
1331,working_age_15_64,544082.4844702547
1331,young_0_14,280421.3945068084
1332,old_age_65_plus,64154.9317682457
1332,working_age_15_64,610638.2913275392
1332,young_0_14,307288.7012668061
1333,old_age_65_plus,60028.2726085405
1333,working_age_15_64,574376.0246192134
1333,young_0_14,288531.1197874859
1334,old_age_65_plus,67507.4141847859
1334,working_age_15_64,603519.9578065228
1334,young_0_14,291299.2928395959
1335,old_age_65_plus,60821.0766200694
1335,working_age_15_64,574265.2304874969
1335,young_0_14,288081.0118963277
1336,old_age_65_plus,54198.2300774065
1336,working_age_15_64,518943.0923387258
1336,young_0_14,269158.3062310179
1337,old_age_65_plus,59803.8906229355
1337,working_age_15_64,570700.8515099433
1337,young_0_14,287472.7034582646
1338,old_age_65_plus,57996.7571701952
1338,working_age_15_64,556539.0717302236
1338,young_0_14,281730.4524176807
1339,old_age_65_plus,56072.1093395506
1339,working_age_15_64,560527.5215957907
1339,young_0_14,280833.3999294527
1340,old_age_65_plus,61543.5991224681
1340,working_age_15_64,559467.4624703303
1340,young_0_14,275652.1655361251
1341,old_age_65_plus,50755.0511271081
1341,working_age_15_64,465507.8520965375
1341,young_0_14,241445.2817545758
1342,old_age_65_plus,59296.4813845898
1342,working_age_15_64,542572.6076456681
1342,young_0_14,284480.8543363916
1343,old_age_65_plus,57266.3765280020
1343,working_age_15_64,550810.3917331868
1343,young_0_14,272887.2538452381
1344,old_age_65_plus,72024.0958459675
1344,working_age_15_64,650265.3431728007
1344,young_0_14,315862.1898748222
1345,old_age_65_plus,55697.3504256727
1345,working_age_15_64,490387.5141284011
1345,young_0_14,247514.2667288441
1346,old_age_65_plus,61329.6338162886
1346,working_age_15_64,538980.6803606412
1346,young_0_14,276467.7900514214
1347,old_age_65_plus,59716.0439421434
1347,working_age_15_64,537527.3718883259
1347,young_0_14,270563.3211508048
1348,old_age_65_plus,53859.7559357832
1348,working_age_15_64,487446.7251851012
1348,young_0_14,257167.4484189905
1349,old_age_65_plus,58835.8827688985
1349,working_age_15_64,530976.0674724820
1349,young_0_14,271248.4439539188
1350,old_age_65_plus,67579.8521992519
1350,working_age_15_64,584098.0486784965
1350,young_0_14,284978.0870747365
1351,old_age_65_plus,65340.3207147854
1351,working_age_15_64,596539.9034127189
1351,young_0_14,305550.4501316531
1352,old_age_65_plus,64511.7210706899
1352,working_age_15_64,566558.6506720877
1352,young_0_14,285618.2521949746
1353,old_age_65_plus,55647.1404680939
1353,working_age_15_64,517128.4494985071
1353,young_0_14,269777.4352192544
1354,old_age_65_plus,53871.4031263682
1354,working_age_15_64,506557.7798771348
1354,young_0_14,264133.1716549365
1355,old_age_65_plus,57387.3374669684
1355,working_age_15_64,546245.4289715948
1355,young_0_14,288392.5560642908
1356,old_age_65_plus,60484.5743047458
1356,working_age_15_64,524442.5970154784
1356,young_0_14,263739.5888499204
1357,old_age_65_plus,60917.1816728487
1357,working_age_15_64,541293.4341558160
1357,young_0_14,269459.9273879069
1358,old_age_65_plus,57448.4034558264
1358,working_age_15_64,531019.5591395146
1358,young_0_14,266617.2635335627
1359,old_age_65_plus,54360.8538373529
1359,working_age_15_64,495950.8162302650
1359,young_0_14,252560.7772534301
1360,old_age_65_plus,55373.2037528998
1360,working_age_15_64,511095.1296681583
1360,young_0_14,262384.5155176193
1361,old_age_65_plus,55277.8555170353
1361,working_age_15_64,519375.5296285945
1361,young_0_14,270697.6349011935
1362,old_age_65_plus,60660.8501916639
1362,working_age_15_64,559787.8847741979
1362,young_0_14,270326.8357073784
1363,old_age_65_plus,56235.4976455278
1363,working_age_15_64,504998.2965858041
1363,young_0_14,254394.1488511236
1364,old_age_65_plus,62501.6083808602
1364,working_age_15_64,552104.4849852688
1364,young_0_14,274463.7934974380
1365,old_age_65_plus,52797.9080431569
1365,working_age_15_64,473108.3059997297
1365,young_0_14,252189.8967521334
1366,old_age_65_plus,60836.7617381515
1366,working_age_15_64,539948.4595067092
1366,young_0_14,272342.1611253391
1367,old_age_65_plus,47839.3868071004
1367,working_age_15_64,431003.9808851389
1367,young_0_14,220823.3560101224
1368,old_age_65_plus,61558.3443126444
1368,working_age_15_64,536604.2445428715
1368,young_0_14,264409.5947092238
1369,old_age_65_plus,60464.5471036089
1369,working_age_15_64,539506.6010766575
1369,young_0_14,274466.3741259007
1370,old_age_65_plus,63337.3079634009
1370,working_age_15_64,534213.0708117052
1370,young_0_14,255994.7459687371
1371,old_age_65_plus,60970.5391962924
1371,working_age_15_64,528439.5613173113
1371,young_0_14,263865.2687299104
1372,old_age_65_plus,61774.6103143014
1372,working_age_15_64,540694.0789926641
1372,young_0_14,265493.3813651621
1373,old_age_65_plus,62675.9258917265
1373,working_age_15_64,553634.9365596320
1373,young_0_14,275984.4236732122
1374,old_age_65_plus,56277.7864347478
1374,working_age_15_64,497684.7887098680
1374,young_0_14,245715.8376210701
1375,old_age_65_plus,58120.5574018164
1375,working_age_15_64,524152.1396749209
1375,young_0_14,264709.9502070642
1376,old_age_65_plus,56388.9753283912
1376,working_age_15_64,508039.1794779319
1376,young_0_14,252333.0645989563
1377,old_age_65_plus,59819.9698709147
1377,working_age_15_64,544343.3098300539
1377,young_0_14,281036.4490442014
1378,old_age_65_plus,61533.7495518186
1378,working_age_15_64,553322.9066012909
1378,young_0_14,270884.8368465554
1379,old_age_65_plus,55663.2301051189
1379,working_age_15_64,501290.6992427674
1379,young_0_14,251347.6005441590
1380,old_age_65_plus,58118.1670230292
1380,working_age_15_64,545359.3300408928
1380,young_0_14,274614.8069138994
1381,old_age_65_plus,56689.3831088950
1381,working_age_15_64,463044.0634353283
1381,young_0_14,226164.9491326810
1382,old_age_65_plus,66038.3614456141
1382,working_age_15_64,555665.2751791429
1382,young_0_14,267682.6423843122
1383,old_age_65_plus,57116.2307012960
1383,working_age_15_64,493662.8158885093
1383,young_0_14,242257.5449982951
1384,old_age_65_plus,50039.9996478314
1384,working_age_15_64,464996.0792990265
1384,young_0_14,239396.8650720118
1385,old_age_65_plus,48381.5016949599
1385,working_age_15_64,434541.2926726934
1385,young_0_14,224940.0858798848
1386,old_age_65_plus,57553.5087563469
1386,working_age_15_64,499421.7926511833
1386,young_0_14,252616.6990878514
1387,old_age_65_plus,56678.7871682284
1387,working_age_15_64,503296.4793824693
1387,young_0_14,240382.6382486185
1388,old_age_65_plus,47811.4499043605
1388,working_age_15_64,429006.1867185858
1388,young_0_14,214558.0583687482
1389,old_age_65_plus,48988.7745123849
1389,working_age_15_64,436484.3590801501
1389,young_0_14,224121.0971121487
1390,old_age_65_plus,57060.9967347126
1390,working_age_15_64,491463.0137753916
1390,young_0_14,244771.5755697459
1391,old_age_65_plus,51997.6763310369
1391,working_age_15_64,458433.4485068992
1391,young_0_14,230739.1410868700
1392,old_age_65_plus,48443.0287973228
1392,working_age_15_64,438636.1148069148
1392,young_0_14,221771.7096116417
1393,old_age_65_plus,49471.2792521365
1393,working_age_15_64,437634.8011579093
1393,young_0_14,220228.6960352398
1394,old_age_65_plus,49005.4747030065
1394,working_age_15_64,458905.1660146499
1394,young_0_14,236147.5421946529
1395,old_age_65_plus,55730.1645025463
1395,working_age_15_64,493474.2649988365
1395,young_0_14,250775.0918064071
1396,old_age_65_plus,48172.4647461907
1396,working_age_15_64,431411.0229075996
1396,young_0_14,225477.2122818898
1397,old_age_65_plus,53791.0878458114
1397,working_age_15_64,474877.5096094953
1397,young_0_14,246332.4595327940
1398,old_age_65_plus,46094.4296868035
1398,working_age_15_64,433267.2970997734
1398,young_0_14,230586.1606028456
1399,old_age_65_plus,53126.5434307510
1399,working_age_15_64,462751.9061588608
1399,young_0_14,223810.6558338001
1400,old_age_65_plus,47742.6351000513
1400,working_age_15_64,443049.2517545355
1400,young_0_14,224705.0467485324
1401,old_age_65_plus,46605.4383917260
1401,working_age_15_64,453041.9654245534
1401,young_0_14,234100.3418769827
1402,old_age_65_plus,47680.1346967638
1402,working_age_15_64,436914.0991731516
1402,young_0_14,214865.4209161480
1403,old_age_65_plus,43468.4387356807
1403,working_age_15_64,401119.5935782856
1403,young_0_14,209585.1563920068
1404,old_age_65_plus,52291.0438201949
1404,working_age_15_64,461109.1147615588
1404,young_0_14,229958.3921767556
1405,old_age_65_plus,47346.1151963994
1405,working_age_15_64,448418.2808041665
1405,young_0_14,229959.5621742915
1406,old_age_65_plus,47012.8523517840
1406,working_age_15_64,443984.3061987711
1406,young_0_14,221409.0269202895
1407,old_age_65_plus,49314.7903332796
1407,working_age_15_64,430548.4652540789
1407,young_0_14,211608.9564921857
1408,old_age_65_plus,46718.6320707609
1408,working_age_15_64,437063.2449306322
1408,young_0_14,230729.4901626447
1409,old_age_65_plus,53386.7482965648
1409,working_age_15_64,459499.4652091406
1409,young_0_14,222566.0440917822
1410,old_age_65_plus,52659.0681100733
1410,working_age_15_64,475041.8353940488
1410,young_0_14,241546.4151014697
1411,old_age_65_plus,52190.3397675261
1411,working_age_15_64,496475.0456949672
1411,young_0_14,248501.8934102545
1412,old_age_65_plus,44811.0699331282
1412,working_age_15_64,404860.4945697366
1412,young_0_14,209198.2419633588
1413,old_age_65_plus,48672.7964433233
1413,working_age_15_64,436344.8339628215
1413,young_0_14,207436.4436714540
1414,old_age_65_plus,46173.9815122789
1414,working_age_15_64,458167.3900488085
1414,young_0_14,233255.5114906858
1415,old_age_65_plus,45293.8524208091
1415,working_age_15_64,421201.9562082144
1415,young_0_14,219775.5190672615
1416,old_age_65_plus,52417.7043324989
1416,working_age_15_64,492146.5442091906
1416,young_0_14,248302.2888233140
1417,old_age_65_plus,48024.4103093504
1417,working_age_15_64,433891.6013756791
1417,young_0_14,222135.8852752525
1418,old_age_65_plus,45763.7521870445
1418,working_age_15_64,447817.3736593772
1418,young_0_14,241712.5569686089
1419,old_age_65_plus,43842.2767375978
1419,working_age_15_64,420725.8716282386
1419,young_0_14,215098.2634913438
1420,old_age_65_plus,54831.0052163724
1420,working_age_15_64,501626.4511487917
1420,young_0_14,253600.6709759550
1421,old_age_65_plus,50872.5229444182
1421,working_age_15_64,468264.6309129328
1421,young_0_14,242673.5534343747
1422,old_age_65_plus,51266.8995269418
1422,working_age_15_64,462511.5970233665
1422,young_0_14,238640.8577930845
1423,old_age_65_plus,52783.1010745171
1423,working_age_15_64,486477.2994775929
1423,young_0_14,236859.0912694730
1424,old_age_65_plus,50194.6297947534
1424,working_age_15_64,429307.1611222244
1424,young_0_14,215625.2308650712
1425,old_age_65_plus,42128.0560197893
1425,working_age_15_64,416729.7588755941
1425,young_0_14,225974.5894608877
1426,old_age_65_plus,50932.4240979882
1426,working_age_15_64,445622.1702002320
1426,young_0_14,225729.8130794443
1427,old_age_65_plus,52424.3452777766
1427,working_age_15_64,467289.8572602025
1427,young_0_14,230360.6236361076
1428,old_age_65_plus,43973.0065451706
1428,working_age_15_64,456794.2019834242
1428,young_0_14,249891.9607119761
1429,old_age_65_plus,43614.6431844562
1429,working_age_15_64,450670.4314008071
1429,young_0_14,238273.0955248597
1430,old_age_65_plus,42779.3240620969
1430,working_age_15_64,454327.0049417693
1430,young_0_14,244663.9355202768
1431,old_age_65_plus,45685.9999159652
1431,working_age_15_64,428406.8626828500
1431,young_0_14,219718.1001668542
1432,old_age_65_plus,45668.9055962072
1432,working_age_15_64,424599.6954471532
1432,young_0_14,222539.3706781372
1433,old_age_65_plus,48499.0749478470
1433,working_age_15_64,466226.8843569088
1433,young_0_14,239085.3543091293
1434,old_age_65_plus,39079.0923151962
1434,working_age_15_64,388549.3031132763
1434,young_0_14,209783.4940562972
1435,old_age_65_plus,44382.0649782450
1435,working_age_15_64,436368.4845566783
1435,young_0_14,237975.7467068028
1436,old_age_65_plus,49811.3318847698
1436,working_age_15_64,487950.3712383363
1436,young_0_14,243461.2089258745
1437,old_age_65_plus,47923.6267572281
1437,working_age_15_64,483981.6961659266
1437,young_0_14,248189.2865174060
1438,old_age_65_plus,48104.4872746872
1438,working_age_15_64,435814.5802136540
1438,young_0_14,230715.6019458675
1439,old_age_65_plus,43331.4372737305
1439,working_age_15_64,418394.5420722987
1439,young_0_14,217220.9072976175
1440,old_age_65_plus,44676.2760801943
1440,working_age_15_64,457655.4001741806
1440,young_0_14,248971.8301910053
1441,old_age_65_plus,57362.9807709230
1441,working_age_15_64,506912.1129924902
1441,young_0_14,252790.9592323212
1442,old_age_65_plus,46472.6476814823
1442,working_age_15_64,430940.2549608922
1442,young_0_14,216040.1383471792
1443,old_age_65_plus,44472.5283338083
1443,working_age_15_64,422527.6903310210
1443,young_0_14,214795.5013580524
1444,old_age_65_plus,42560.7373870161
1444,working_age_15_64,419688.9127115411
1444,young_0_14,209872.4145117315
1445,old_age_65_plus,46928.4942653226
1445,working_age_15_64,456978.3456033544
1445,young_0_14,238146.8788787953
1446,old_age_65_plus,43522.3000390846
1446,working_age_15_64,429249.8866625055
1446,young_0_14,227508.1822644619
1447,old_age_65_plus,45128.4754917912
1447,working_age_15_64,425331.5213516360
1447,young_0_14,215354.1284186445
1448,old_age_65_plus,55852.4612804872
1448,working_age_15_64,471895.6141977183
1448,young_0_14,227975.0305527007
1449,old_age_65_plus,48735.7595157164
1449,working_age_15_64,449410.0632524585
1449,young_0_14,222291.5477745050
1450,old_age_65_plus,42502.3355308890
1450,working_age_15_64,429154.5828966036
1450,young_0_14,226505.0237272855
1451,old_age_65_plus,40059.6855670175
1451,working_age_15_64,385939.1309018509
1451,young_0_14,199953.1587592820
1452,old_age_65_plus,47892.0936287058
1452,working_age_15_64,450966.5366789367
1452,young_0_14,223143.4761820440
1453,old_age_65_plus,42415.5491760716
1453,working_age_15_64,429911.0643016616
1453,young_0_14,228686.0217484301
1454,old_age_65_plus,47440.8827088854
1454,working_age_15_64,452309.3932021548
1454,young_0_14,230573.5271754227
1455,old_age_65_plus,46368.6297671655
1455,working_age_15_64,426770.0710171149
1455,young_0_14,218111.8085920774
1456,old_age_65_plus,51758.9228444003
1456,working_age_15_64,472575.9830394383
1456,young_0_14,231973.1478256703
1457,old_age_65_plus,43891.4636932260
1457,working_age_15_64,428353.6838266342
1457,young_0_14,216717.8465068361
1458,old_age_65_plus,46379.5193584386
1458,working_age_15_64,439257.3479114901
1458,young_0_14,226131.5760722040
1459,old_age_65_plus,45879.6014309230
1459,working_age_15_64,428827.5935419561
1459,young_0_14,224569.8074558053
1460,old_age_65_plus,50938.3012097039
1460,working_age_15_64,463133.0108665630
1460,young_0_14,223385.2352314849
1461,old_age_65_plus,48318.0086441925
1461,working_age_15_64,464952.2565690929
1461,young_0_14,245239.8733052872
1462,old_age_65_plus,45071.0411613448
1462,working_age_15_64,446297.8358367709
1462,young_0_14,227175.2816841964
1463,old_age_65_plus,43073.8441528057
1463,working_age_15_64,427820.0449210764
1463,young_0_14,219446.1402659145
1464,old_age_65_plus,51411.6854014946
1464,working_age_15_64,483369.7667680064
1464,young_0_14,239619.5799844750
1465,old_age_65_plus,48746.5645043521
1465,working_age_15_64,459873.7438113381
1465,young_0_14,233074.1657391438
1466,old_age_65_plus,48995.6844409034
1466,working_age_15_64,425378.0615820515
1466,young_0_14,209840.6826248416
1467,old_age_65_plus,49035.7502847796
1467,working_age_15_64,494801.7218956583
1467,young_0_14,251057.3492718005
1468,old_age_65_plus,50144.8158768725
1468,working_age_15_64,458529.0815743376
1468,young_0_14,218483.6062519045
1469,old_age_65_plus,44832.9107695093
1469,working_age_15_64,461802.6978420996
1469,young_0_14,235439.4145503344
1470,old_age_65_plus,40660.7903715904
1470,working_age_15_64,400954.1515312162
1470,young_0_14,203130.9014337781
1471,old_age_65_plus,45090.4920101969
1471,working_age_15_64,444882.1342951928
1471,young_0_14,228475.9141732309
1472,old_age_65_plus,54340.2793333745
1472,working_age_15_64,518261.1624834052
1472,young_0_14,258923.6249338103
1473,old_age_65_plus,51774.0307179320
1473,working_age_15_64,489940.7817356158
1473,young_0_14,236234.4397047661
1474,old_age_65_plus,43672.6596545293
1474,working_age_15_64,411923.5312219188
1474,young_0_14,221205.6664838046
1475,old_age_65_plus,50837.9720595892
1475,working_age_15_64,503246.1184227257
1475,young_0_14,263408.1897469076
1476,old_age_65_plus,52542.5866579309
1476,working_age_15_64,480248.3755042500
1476,young_0_14,242834.6385600582
1477,old_age_65_plus,56152.2493635088
1477,working_age_15_64,484962.8720940710
1477,young_0_14,240058.3272158719
1478,old_age_65_plus,58408.7290740322
1478,working_age_15_64,538504.6498319588
1478,young_0_14,262044.3762409007
1479,old_age_65_plus,52339.9392397100
1479,working_age_15_64,495272.7775409140
1479,young_0_14,254199.4457865634
1480,old_age_65_plus,58637.0730191398
1480,working_age_15_64,526747.4813318005
1480,young_0_14,249551.9886877699
1481,old_age_65_plus,57460.8075737841
1481,working_age_15_64,510297.0308799586
1481,young_0_14,242926.3586895770
1482,old_age_65_plus,58447.0591169592
1482,working_age_15_64,514894.3931126690
1482,young_0_14,241743.0605767483
1483,old_age_65_plus,49132.9018373820
1483,working_age_15_64,488929.9654577792
1483,young_0_14,240932.9440873963
1484,old_age_65_plus,47092.5460678298
1484,working_age_15_64,444879.9221167161
1484,young_0_14,224211.4803720709
1485,old_age_65_plus,61054.2677206120
1485,working_age_15_64,542604.7156804909
1485,young_0_14,270327.4168275740
1486,old_age_65_plus,55517.8227313226
1486,working_age_15_64,515224.2734761995
1486,young_0_14,246565.4597007812
1487,old_age_65_plus,48145.9548516615
1487,working_age_15_64,488975.0111579914
1487,young_0_14,252725.4002258830
1488,old_age_65_plus,54440.2949069027
1488,working_age_15_64,481417.9655230886
1488,young_0_14,238423.0099495628
1489,old_age_65_plus,56258.4098004477
1489,working_age_15_64,519637.8597933862
1489,young_0_14,255622.6280290144
1490,old_age_65_plus,50113.9236170956
1490,working_age_15_64,484431.9579027178
1490,young_0_14,253669.6050088927
1491,old_age_65_plus,68932.1210544828
1491,working_age_15_64,616498.6021612295
1491,young_0_14,303503.7719920073
1492,old_age_65_plus,54488.9707385424
1492,working_age_15_64,490607.9258648943
1492,young_0_14,235575.0757373080
1493,old_age_65_plus,50402.6529589469
1493,working_age_15_64,517658.5949083396
1493,young_0_14,258776.2286261415
1494,old_age_65_plus,46459.7540933302
1494,working_age_15_64,473841.3505445120
1494,young_0_14,256527.7002024139
1495,old_age_65_plus,50882.6676222302
1495,working_age_15_64,491999.9914972069
1495,young_0_14,246655.4368292176
1496,old_age_65_plus,44718.4620773475
1496,working_age_15_64,432143.9876145474
1496,young_0_14,216636.9886145573
1497,old_age_65_plus,45840.9619942953
1497,working_age_15_64,446694.9973135921
1497,young_0_14,218721.1104152910
1498,old_age_65_plus,46176.4696041986
1498,working_age_15_64,452992.6703009109
1498,young_0_14,237396.8278975860
1499,old_age_65_plus,50370.4359925179
1499,working_age_15_64,505788.1571334880
1499,young_0_14,266101.2950286025
1500,old_age_65_plus,43228.6532619303
1500,working_age_15_64,403865.9934579952
1500,young_0_14,207830.9286347845
1501,old_age_65_plus,45969.7426997299
1501,working_age_15_64,431712.7149905182
1501,young_0_14,212266.2773033041
1502,old_age_65_plus,54502.2651907230
1502,working_age_15_64,519051.0524776065
1502,young_0_14,247654.8279793799
1503,old_age_65_plus,47531.9011400697
1503,working_age_15_64,493909.1270785880
1503,young_0_14,262414.6320545707
1504,old_age_65_plus,47672.4152448016
1504,working_age_15_64,474468.8578948887
1504,young_0_14,248556.0748932353
1505,old_age_65_plus,45166.4554769441
1505,working_age_15_64,483351.6221545734
1505,young_0_14,250873.9563348960
1506,old_age_65_plus,44113.2233242682
1506,working_age_15_64,431391.0325418312
1506,young_0_14,216548.8722072673
1507,old_age_65_plus,52745.4214462795
1507,working_age_15_64,493073.3527602097
1507,young_0_14,244344.2313799872
1508,old_age_65_plus,45901.5232946362
1508,working_age_15_64,456819.8556917717
1508,young_0_14,248023.0609652962
1509,old_age_65_plus,55650.1264559987
1509,working_age_15_64,552056.5673944487
1509,young_0_14,282620.8967917447
1510,old_age_65_plus,55959.5883396231
1510,working_age_15_64,541493.7337785704
1510,young_0_14,271687.3362182812
1511,old_age_65_plus,52294.0194925736
1511,working_age_15_64,469470.7452705317
1511,young_0_14,224368.6044725244
1512,old_age_65_plus,62027.7889695411
1512,working_age_15_64,539036.5701360652
1512,young_0_14,243982.0528275695
1513,old_age_65_plus,47558.2612347236
1513,working_age_15_64,443108.7968264630
1513,young_0_14,224733.8795743416
1514,old_age_65_plus,62523.2262899759
1514,working_age_15_64,539801.5297303679
1514,young_0_14,256064.8993577838
1515,old_age_65_plus,66744.0398571666
1515,working_age_15_64,603385.2259609228
1515,young_0_14,284923.5560875623
1516,old_age_65_plus,63080.8158143822
1516,working_age_15_64,571333.5604869208
1516,young_0_14,266471.1368754299
1517,old_age_65_plus,49602.4292144116
1517,working_age_15_64,466038.1353009865
1517,young_0_14,234552.7785778995
1518,old_age_65_plus,65200.4279979737
1518,working_age_15_64,559235.9250912718
1518,young_0_14,244955.5259942397
1519,old_age_65_plus,48555.7898295658
1519,working_age_15_64,446344.0461242255
1519,young_0_14,218235.9556080269
1520,old_age_65_plus,62629.7138993046
1520,working_age_15_64,552300.3811022927
1520,young_0_14,251483.4868895681
1521,old_age_65_plus,49047.1680149372
1521,working_age_15_64,468762.9613477658
1521,young_0_14,232580.0228246238
1522,old_age_65_plus,54306.5922801677
1522,working_age_15_64,525200.6378648166
1522,young_0_14,262689.7383971924
1523,old_age_65_plus,56744.3391878140
1523,working_age_15_64,546360.8350603152
1523,young_0_14,250181.8307173743
1524,old_age_65_plus,58904.2799501619
1524,working_age_15_64,527056.8643429122
1524,young_0_14,244666.2685439156
1525,old_age_65_plus,58830.6970197795
1525,working_age_15_64,539701.4000416456
1525,young_0_14,254592.4744970957
1526,old_age_65_plus,62522.5340104237
1526,working_age_15_64,549017.7409356668
1526,young_0_14,246421.0362426731
1527,old_age_65_plus,62296.5249158461
1527,working_age_15_64,550963.9658118997
1527,young_0_14,257538.8214880342
1528,old_age_65_plus,67810.2792252048
1528,working_age_15_64,583752.7329826545
1528,young_0_14,269057.4210686930
1529,old_age_65_plus,71104.1137883229
1529,working_age_15_64,636779.6974842520
1529,young_0_14,264319.0893724567
1530,old_age_65_plus,64459.2999409354
1530,working_age_15_64,570419.3128056673
1530,young_0_14,253148.2656860146
1531,old_age_65_plus,73149.6955043134
1531,working_age_15_64,629561.7925506661
1531,young_0_14,265080.7145764412
1532,old_age_65_plus,47395.1348136829
1532,working_age_15_64,482832.9909056010
1532,young_0_14,240706.9270120166
1533,old_age_65_plus,65130.3394479709
1533,working_age_15_64,613550.3030312830
1533,young_0_14,279090.1672032034
1534,old_age_65_plus,65177.3390772658
1534,working_age_15_64,568482.1329818305
1534,young_0_14,257306.0402358053
1535,old_age_65_plus,62874.0012266649
1535,working_age_15_64,568484.4785641816
1535,young_0_14,249338.8141043089
1536,old_age_65_plus,59087.8182061148
1536,working_age_15_64,561167.9147486805
1536,young_0_14,261660.9880378834
1537,old_age_65_plus,54207.6078306913
1537,working_age_15_64,488949.2561750876
1537,young_0_14,224388.3427448839
1538,old_age_65_plus,56683.8885950222
1538,working_age_15_64,508816.2942537914
1538,young_0_14,241063.4336408879
1539,old_age_65_plus,58958.8084386707
1539,working_age_15_64,559140.3968618157
1539,young_0_14,262773.8173544232
1540,old_age_65_plus,55820.3628175048
1540,working_age_15_64,539621.2253654948
1540,young_0_14,252219.6286126149
1541,old_age_65_plus,55226.5095687637
1541,working_age_15_64,528108.6132747305
1541,young_0_14,239647.0911893567
1542,old_age_65_plus,62496.6211410811
1542,working_age_15_64,581814.2885793959
1542,young_0_14,262622.8443912767
1543,old_age_65_plus,56442.5894085011
1543,working_age_15_64,488366.1751865606
1543,young_0_14,214399.1664648355
1544,old_age_65_plus,60154.6144325129
1544,working_age_15_64,555303.3617803797
1544,young_0_14,261617.4844913760
1545,old_age_65_plus,57414.5860098657
1545,working_age_15_64,512413.1716123408
1545,young_0_14,223501.1370283742
1546,old_age_65_plus,61171.4961916389
1546,working_age_15_64,547453.8867554792
1546,young_0_14,252874.7335943048
1547,old_age_65_plus,50681.2951191143
1547,working_age_15_64,485881.5754608554
1547,young_0_14,230072.6472861815
1548,old_age_65_plus,56392.8729295430
1548,working_age_15_64,558306.0520170180
1548,young_0_14,269305.7398347941
1549,old_age_65_plus,62007.7699322127
1549,working_age_15_64,571024.1308145000
1549,young_0_14,266842.1570764930
1550,old_age_65_plus,55494.2007849268
1550,working_age_15_64,532543.2509855285
1550,young_0_14,250458.4514314712
1551,old_age_65_plus,49029.1281000618
1551,working_age_15_64,431787.5747794023
1551,young_0_14,204694.2418452163
1552,old_age_65_plus,56223.7754007997
1552,working_age_15_64,535094.3580680955
1552,young_0_14,250577.5576900581
1553,old_age_65_plus,57543.6985675817
1553,working_age_15_64,561592.5593783847
1553,young_0_14,257473.5172582256
1554,old_age_65_plus,55075.2037316639
1554,working_age_15_64,522789.9108481897
1554,young_0_14,254981.6817480611
1555,old_age_65_plus,51819.3490185257
1555,working_age_15_64,512349.0196813816
1555,young_0_14,253031.7374592031
1556,old_age_65_plus,53966.5003117868
1556,working_age_15_64,489937.7545224436
1556,young_0_14,233685.8846618649
1557,old_age_65_plus,56162.5146178728
1557,working_age_15_64,546528.2050871860
1557,young_0_14,255574.0376288344
1558,old_age_65_plus,45033.1629107704
1558,working_age_15_64,447180.6964223659
1558,young_0_14,220312.1816800113
1559,old_age_65_plus,58351.6904025155
1559,working_age_15_64,546212.4251091954
1559,young_0_14,253898.0954717898
1560,old_age_65_plus,45551.0008596063
1560,working_age_15_64,458212.7360042301
1560,young_0_14,221596.9248998164
1561,old_age_65_plus,49826.0281808440
1561,working_age_15_64,521659.4475985530
1561,young_0_14,257438.1336523112
1562,old_age_65_plus,47635.8658642973
1562,working_age_15_64,465237.2043794573
1562,young_0_14,228066.3241853594
1563,old_age_65_plus,53784.6224342514
1563,working_age_15_64,516080.2407813264
1563,young_0_14,245194.3733603884
1564,old_age_65_plus,49522.4110805657
1564,working_age_15_64,468217.9454139613
1564,young_0_14,224090.9372635708
1565,old_age_65_plus,57880.5984285966
1565,working_age_15_64,587544.4514422719
1565,young_0_14,270589.5681991316
1566,old_age_65_plus,63603.0083394887
1566,working_age_15_64,608344.3516379333
1566,young_0_14,279908.2577862724
1567,old_age_65_plus,61823.7317317594
1567,working_age_15_64,602241.0274174443
1567,young_0_14,277551.8465139332
1568,old_age_65_plus,57917.2479217261
1568,working_age_15_64,554591.7685418196
1568,young_0_14,254964.0025609120
1569,old_age_65_plus,53418.9186833262
1569,working_age_15_64,496184.0763485755
1569,young_0_14,241994.4739821487
1570,old_age_65_plus,60312.8237018458
1570,working_age_15_64,581026.2661221022
1570,young_0_14,278765.4499739169
1571,old_age_65_plus,53730.2793976613
1571,working_age_15_64,546409.3074074129
1571,young_0_14,271206.0931753981
1572,old_age_65_plus,58417.6406801595
1572,working_age_15_64,551762.2797779003
1572,young_0_14,259733.6803645765
1573,old_age_65_plus,48846.8746919532
1573,working_age_15_64,459671.3117043725
1573,young_0_14,226480.9018541243
1574,old_age_65_plus,62513.1760202552
1574,working_age_15_64,612818.4219345286
1574,young_0_14,279952.3461752092
1575,old_age_65_plus,55228.4169916302
1575,working_age_15_64,536248.8720763054
1575,young_0_14,247094.3335585106
1576,old_age_65_plus,50548.9323230244
1576,working_age_15_64,498351.8091759809
1576,young_0_14,234913.1408630204
1577,old_age_65_plus,44368.5878039602
1577,working_age_15_64,448441.6357342025
1577,young_0_14,227392.2112156859
1578,old_age_65_plus,53291.4331760782
1578,working_age_15_64,541287.6393705197
1578,young_0_14,257779.1987898777
1579,old_age_65_plus,61366.7824145143
1579,working_age_15_64,605659.5756609674
1579,young_0_14,280626.6132963252
1580,old_age_65_plus,51856.5447994185
1580,working_age_15_64,501877.0844403349
1580,young_0_14,238248.8386201614
1581,old_age_65_plus,53244.5028490520
1581,working_age_15_64,552150.7846194333
1581,young_0_14,262176.3667208403
1582,old_age_65_plus,62350.6510789333
1582,working_age_15_64,603304.9672765761
1582,young_0_14,274346.4957418292
1583,old_age_65_plus,67269.4981980185
1583,working_age_15_64,690905.7768795269
1583,young_0_14,321783.1639074790
1584,old_age_65_plus,66255.6385731295
1584,working_age_15_64,622909.9292604831
1584,young_0_14,276996.1086755865
1585,old_age_65_plus,64709.1673911684
1585,working_age_15_64,596800.1157977114
1585,young_0_14,267189.4452450741
1586,old_age_65_plus,67711.9892968625
1586,working_age_15_64,673599.4770357809
1586,young_0_14,298821.8582756537
1587,old_age_65_plus,57031.6693193220
1587,working_age_15_64,591139.0801536936
1587,young_0_14,273672.0526518337
1588,old_age_65_plus,52842.9634799928
1588,working_age_15_64,499382.0324959237
1588,young_0_14,234424.8346746817
1589,old_age_65_plus,58150.0179756610
1589,working_age_15_64,608919.3457798543
1589,young_0_14,289055.3936692100
1590,old_age_65_plus,50311.1567049369
1590,working_age_15_64,522706.9929768708
1590,young_0_14,261800.3472135279
1591,old_age_65_plus,51591.7858367721
1591,working_age_15_64,534594.9503853335
1591,young_0_14,261335.9161086007
1592,old_age_65_plus,50000.1724001792
1592,working_age_15_64,539138.6438380808
1592,young_0_14,260394.8897705062
1593,old_age_65_plus,60792.9020512382
1593,working_age_15_64,575970.8709961163
1593,young_0_14,275147.6475778662
1594,old_age_65_plus,48479.2255559643
1594,working_age_15_64,480260.7176844793
1594,young_0_14,226088.6053528861
1595,old_age_65_plus,43891.0724419277
1595,working_age_15_64,484060.9871706667
1595,young_0_14,240731.7467515693
1596,old_age_65_plus,53259.2298481907
1596,working_age_15_64,504009.1494559149
1596,young_0_14,239317.5523725677
1597,old_age_65_plus,52076.3792527635
1597,working_age_15_64,529706.6843226539
1597,young_0_14,249762.0049165499
1598,old_age_65_plus,58178.6414524285
1598,working_age_15_64,568961.4748944221
1598,young_0_14,253111.5859461018
1599,old_age_65_plus,59691.7437085151
1599,working_age_15_64,555460.7446453003
1599,young_0_14,253785.3747709919
1600,old_age_65_plus,54416.3075894125
1600,working_age_15_64,582328.1455078049
1600,young_0_14,272138.7615228205
1601,old_age_65_plus,46717.3172292815
1601,working_age_15_64,484662.5310948866
1601,young_0_14,236027.8950761558
1602,old_age_65_plus,54536.9596410574
1602,working_age_15_64,536144.7719433528
1602,young_0_14,250311.2876220842
1603,old_age_65_plus,43267.6336114210
1603,working_age_15_64,483838.5139977860
1603,young_0_14,249071.5970128421
1604,old_age_65_plus,55321.7993552706
1604,working_age_15_64,551284.5877280461
1604,young_0_14,260968.1198303807
1605,old_age_65_plus,47802.6761682472
1605,working_age_15_64,511577.4251862608
1605,young_0_14,247553.5867864554
1606,old_age_65_plus,45008.8462395160
1606,working_age_15_64,528992.5987978298
1606,young_0_14,254366.8677872549
1607,old_age_65_plus,45443.1875654675
1607,working_age_15_64,457932.8284967267
1607,young_0_14,219353.9047139012
1608,old_age_65_plus,42401.2641130909
1608,working_age_15_64,483418.1435853584
1608,young_0_14,237665.6077268457
1609,old_age_65_plus,48222.4400682376
1609,working_age_15_64,471386.1822890198
1609,young_0_14,225852.6808935195
1610,old_age_65_plus,38207.7072903959
1610,working_age_15_64,406418.3251827062
1610,young_0_14,200275.9840150139
1611,old_age_65_plus,41655.5066764959
1611,working_age_15_64,559107.3732451454
1611,young_0_14,271281.8827479886
1612,old_age_65_plus,43755.3096901407
1612,working_age_15_64,443054.3065339819
1612,young_0_14,227781.3871158188
1613,old_age_65_plus,41509.8712982916
1613,working_age_15_64,464854.1236696917
1613,young_0_14,229175.3286197127
1614,old_age_65_plus,43191.3111095114
1614,working_age_15_64,437338.0555323676
1614,young_0_14,206091.2439942088
1615,old_age_65_plus,39119.8296519376
1615,working_age_15_64,440848.0592145749
1615,young_0_14,219741.1612315223
1616,old_age_65_plus,48056.6461656183
1616,working_age_15_64,508840.1138717258
1616,young_0_14,238382.8145186382
1617,old_age_65_plus,44469.7619253589
1617,working_age_15_64,506397.4230520712
1617,young_0_14,238032.6129817207
1618,old_age_65_plus,41668.0226942471
1618,working_age_15_64,441328.6460914751
1618,young_0_14,212842.7152659378
1619,old_age_65_plus,54392.8037600794
1619,working_age_15_64,663982.3264444543
1619,young_0_14,290052.5337707369
1620,old_age_65_plus,45023.3726281347
1620,working_age_15_64,488858.3815803797
1620,young_0_14,229840.9698383480
1621,old_age_65_plus,42956.0200558611
1621,working_age_15_64,463859.9248873032
1621,young_0_14,213574.4459889940
1622,old_age_65_plus,45029.4839909525
1622,working_age_15_64,469930.0479451102
1622,young_0_14,228141.5124714517
1623,old_age_65_plus,45577.6145476388
1623,working_age_15_64,531161.1585880640
1623,young_0_14,253087.5242352044
1624,old_age_65_plus,44636.8373385130
1624,working_age_15_64,497155.4473048034
1624,young_0_14,245300.8607753593
1625,old_age_65_plus,47125.2960613576
1625,working_age_15_64,470431.1817905393
1625,young_0_14,215851.9514817563
1626,old_age_65_plus,50508.8635494404
1626,working_age_15_64,528902.1879181092
1626,young_0_14,249000.8324081321
1627,old_age_65_plus,50646.0048555755
1627,working_age_15_64,517922.4338203354
1627,young_0_14,235872.9218224379
1628,old_age_65_plus,50926.7955026978
1628,working_age_15_64,535981.2654741547
1628,young_0_14,247482.7601187036
1629,old_age_65_plus,47940.6117901645
1629,working_age_15_64,503665.1922503126
1629,young_0_14,236970.2659721196
1630,old_age_65_plus,47948.2771193754
1630,working_age_15_64,489503.4576941447
1630,young_0_14,223081.6895834614
1631,old_age_65_plus,43326.5624557717
1631,working_age_15_64,493217.0819398913
1631,young_0_14,238054.8252218249
1632,old_age_65_plus,48363.6352259891
1632,working_age_15_64,487492.9922470279
1632,young_0_14,228862.0309622554
1633,old_age_65_plus,46575.9479708966
1633,working_age_15_64,484022.6574877863
1633,young_0_14,229897.9476596615
1634,old_age_65_plus,46976.8620328989
1634,working_age_15_64,466376.9081923219
1634,young_0_14,226130.4413444362
1635,old_age_65_plus,43050.3465811619
1635,working_age_15_64,427675.0364664916
1635,young_0_14,209647.7494391941
1636,old_age_65_plus,45340.8832514578
1636,working_age_15_64,454997.8036188121
1636,young_0_14,218719.4546608934
1637,old_age_65_plus,49512.7467137559
1637,working_age_15_64,510509.4971144770
1637,young_0_14,240643.2979539836
1638,old_age_65_plus,41801.4856147246
1638,working_age_15_64,408772.1469857740
1638,young_0_14,196556.3639411342
1639,old_age_65_plus,38828.9227474681
1639,working_age_15_64,427767.7348644427
1639,young_0_14,217110.1958836738
1640,old_age_65_plus,40362.0713009994
1640,working_age_15_64,406560.7930774987
1640,young_0_14,195334.8928456209
1641,old_age_65_plus,45158.8903462168
1641,working_age_15_64,445981.6194141366
1641,young_0_14,217094.2295701356
1642,old_age_65_plus,44923.3033891291
1642,working_age_15_64,437706.9650171759
1642,young_0_14,214201.9991479756
1643,old_age_65_plus,41924.5831063105
1643,working_age_15_64,446517.9405738975
1643,young_0_14,220307.8798091302
1644,old_age_65_plus,37597.9080332927
1644,working_age_15_64,424751.8656302352
1644,young_0_14,209237.9760037512
1645,old_age_65_plus,46223.2892430717
1645,working_age_15_64,500560.6677167587
1645,young_0_14,235139.3313503615
1646,old_age_65_plus,43929.5966945001
1646,working_age_15_64,459088.1506497915
1646,young_0_14,232810.6014855656
1647,old_age_65_plus,46034.3586226718
1647,working_age_15_64,429846.6625032777
1647,young_0_14,203648.0698278937
1648,old_age_65_plus,39350.6634004340
1648,working_age_15_64,393041.0004199028
1648,young_0_14,198408.8732298629
1649,old_age_65_plus,48289.9968242856
1649,working_age_15_64,485252.5914309539
1649,young_0_14,234585.4825464072
1650,old_age_65_plus,45992.4370293833
1650,working_age_15_64,511192.7237640669
1650,young_0_14,254265.3827648507
1651,old_age_65_plus,50025.5737714507
1651,working_age_15_64,494682.9883848822
1651,young_0_14,234736.2130021584
1652,old_age_65_plus,48980.1041765402
1652,working_age_15_64,477688.6317603082
1652,young_0_14,230558.3199753100
1653,old_age_65_plus,44865.8755819466
1653,working_age_15_64,452833.8613234200
1653,young_0_14,212337.7292038312
1654,old_age_65_plus,40306.0071440714
1654,working_age_15_64,416013.3346784678
1654,young_0_14,203314.3225177722
1655,old_age_65_plus,41791.1288767249
1655,working_age_15_64,456239.8765935104
1655,young_0_14,233331.2942704264
1656,old_age_65_plus,42447.5863275114
1656,working_age_15_64,438049.9181452405
1656,young_0_14,225004.5255359705
1657,old_age_65_plus,45853.3761969594
1657,working_age_15_64,471807.0052623208
1657,young_0_14,226140.6271694355
1658,old_age_65_plus,39958.5627492952
1658,working_age_15_64,398884.1849583886
1658,young_0_14,203966.9889016963
1659,old_age_65_plus,48363.6425863909
1659,working_age_15_64,497826.0525007711
1659,young_0_14,233627.9675675115
1660,old_age_65_plus,46224.1868812055
1660,working_age_15_64,453110.0368232996
1660,young_0_14,227114.6576992380
1661,old_age_65_plus,48470.9882317695
1661,working_age_15_64,472591.3502362359
1661,young_0_14,227704.3731275855
1662,old_age_65_plus,37421.2505637688
1662,working_age_15_64,388298.2342457519
1662,young_0_14,206770.7053458297
1663,old_age_65_plus,42527.3667115412
1663,working_age_15_64,402490.7171686676
1663,young_0_14,207815.0132300290
1664,old_age_65_plus,45233.3325666113
1664,working_age_15_64,449179.5135400367
1664,young_0_14,210416.3960025221
1665,old_age_65_plus,45428.7675795625
1665,working_age_15_64,407487.0600178449
1665,young_0_14,199526.5133803538
1666,old_age_65_plus,44905.3293050674
1666,working_age_15_64,453694.9153443682
1666,young_0_14,234413.6030080548
1667,old_age_65_plus,46648.9514497973
1667,working_age_15_64,424689.3267811311
1667,young_0_14,210594.9348852182
1668,old_age_65_plus,42617.5045896445
1668,working_age_15_64,395645.0449329980
1668,young_0_14,199145.5138800616
1669,old_age_65_plus,38734.2100008723
1669,working_age_15_64,376982.2634338147
1669,young_0_14,188774.6737731539
1670,old_age_65_plus,36974.4943766417
1670,working_age_15_64,393333.0240203439
1670,young_0_14,211862.3652147304
1671,old_age_65_plus,43032.6660205256
1671,working_age_15_64,415638.3828066976
1671,young_0_14,201895.1946143233
1672,old_age_65_plus,41888.0074348383
1672,working_age_15_64,425026.0542749821
1672,young_0_14,225573.1383363498
1673,old_age_65_plus,54539.7764262964
1673,working_age_15_64,456766.3470528934
1673,young_0_14,216881.0420260515
1674,old_age_65_plus,58426.7877456334
1674,working_age_15_64,462917.7110917002
1674,young_0_14,214221.8088460779
1675,old_age_65_plus,37541.4453515247
1675,working_age_15_64,386228.0213445820
1675,young_0_14,207184.3553072957
1676,old_age_65_plus,47065.2585665816
1676,working_age_15_64,491334.7085245809
1676,young_0_14,250115.2300124207
1677,old_age_65_plus,42930.2051972916
1677,working_age_15_64,419085.6880102612
1677,young_0_14,217331.0822233316
1678,old_age_65_plus,39412.1810773292
1678,working_age_15_64,379774.6158349258
1678,young_0_14,194826.6937582072
1679,old_age_65_plus,46543.4611360650
1679,working_age_15_64,463557.6856681576
1679,young_0_14,244875.0242293044
1680,old_age_65_plus,38337.9724257019
1680,working_age_15_64,365357.2502835375
1680,young_0_14,191108.6634709193
1681,old_age_65_plus,40736.5986544684
1681,working_age_15_64,391313.5521790155
1681,young_0_14,196940.5795214065
1682,old_age_65_plus,39429.4737595383
1682,working_age_15_64,392737.7759284505
1682,young_0_14,209663.3560490368
1683,old_age_65_plus,37954.8450383706
1683,working_age_15_64,361037.3917241126
1683,young_0_14,195520.5429857800
1684,old_age_65_plus,39379.8193265289
1684,working_age_15_64,382191.9238081791
1684,young_0_14,195588.7537616681
1685,old_age_65_plus,40889.9635274478
1685,working_age_15_64,384681.8430055008
1685,young_0_14,193694.9253086311
1686,old_age_65_plus,39499.4792361094
1686,working_age_15_64,359335.6595115728
1686,young_0_14,179008.0496741666
1687,old_age_65_plus,33340.8952368371
1687,working_age_15_64,340297.3861104359
1687,young_0_14,193449.9044394497
1688,old_age_65_plus,36607.2067782981
1688,working_age_15_64,364872.0030821557
1688,young_0_14,191926.7358953527
1689,old_age_65_plus,46177.1520937362
1689,working_age_15_64,418608.0405725390
1689,young_0_14,211983.9066236547
1690,old_age_65_plus,37072.4447519258
1690,working_age_15_64,377051.3033084078
1690,young_0_14,207391.4297233876
1691,old_age_65_plus,38929.1956711540
1691,working_age_15_64,387122.1402431618
1691,young_0_14,205998.7211161455
1692,old_age_65_plus,38739.2485650133
1692,working_age_15_64,376736.3806850748
1692,young_0_14,196582.0988667502
1693,old_age_65_plus,45308.2798273067
1693,working_age_15_64,424779.3934176587
1693,young_0_14,212642.0782437717
1694,old_age_65_plus,41191.9053277135
1694,working_age_15_64,397688.9676341721
1694,young_0_14,211435.2401008301
1695,old_age_65_plus,30992.6005058866
1695,working_age_15_64,308757.3424230408
1695,young_0_14,164047.0392158831
1696,old_age_65_plus,33492.0343384219
1696,working_age_15_64,338622.8991205851
1696,young_0_14,184943.4577511501
1697,old_age_65_plus,37160.8413568042
1697,working_age_15_64,368128.9239801978
1697,young_0_14,202140.5119769401
1698,old_age_65_plus,34155.8567934392
1698,working_age_15_64,353520.5077860208
1698,young_0_14,190419.1507368119
1699,old_age_65_plus,34817.8158000711
1699,working_age_15_64,367918.2003249964
1699,young_0_14,207743.7291268521
1700,old_age_65_plus,31382.7639816392
1700,working_age_15_64,332221.8625985369
1700,young_0_14,184699.5481466558
1701,old_age_65_plus,40100.7049226453
1701,working_age_15_64,403513.4567719977
1701,young_0_14,222410.0846981627
1702,old_age_65_plus,41770.2941161082
1702,working_age_15_64,416664.8426130768
1702,young_0_14,220027.8945144767
1703,old_age_65_plus,32452.2650695466
1703,working_age_15_64,379162.1392877104
1703,young_0_14,202693.6592139299
1704,old_age_65_plus,31301.5678666521
1704,working_age_15_64,338428.7354692718
1704,young_0_14,193519.0226943321
1705,old_age_65_plus,36413.2688116863
1705,working_age_15_64,383074.9656758677
1705,young_0_14,206359.4645946774
1706,old_age_65_plus,32088.9850908944
1706,working_age_15_64,328403.2305985753
1706,young_0_14,179533.3788138950
1707,old_age_65_plus,34364.6526683547
1707,working_age_15_64,324613.8370455371
1707,young_0_14,169219.0501855506
1708,old_age_65_plus,41427.3053947346
1708,working_age_15_64,411180.0814987094
1708,young_0_14,209030.7049364569
1709,old_age_65_plus,34252.2743389033
1709,working_age_15_64,362784.4032647150
1709,young_0_14,193833.2529991171
1710,old_age_65_plus,34594.9277272052
1710,working_age_15_64,352272.6329508692
1710,young_0_14,187049.1257083860
1711,old_age_65_plus,48941.9450273379
1711,working_age_15_64,490993.6795286028
1711,young_0_14,245882.4451501460
1712,old_age_65_plus,34396.5348401987
1712,working_age_15_64,366055.2468758445
1712,young_0_14,205883.9237867456
1713,old_age_65_plus,44386.0397909976
1713,working_age_15_64,437320.4138734983
1713,young_0_14,221586.4128114926
1714,old_age_65_plus,36677.6702061892
1714,working_age_15_64,382465.5209088948
1714,young_0_14,204205.2106988553
1715,old_age_65_plus,42320.9281984006
1715,working_age_15_64,422193.9449675229
1715,young_0_14,219679.5777534753
1716,old_age_65_plus,40459.2292607436
1716,working_age_15_64,385365.4568399453
1716,young_0_14,196382.6589826744
1717,old_age_65_plus,37228.5347637276
1717,working_age_15_64,375778.9080022578
1717,young_0_14,207413.1622256117
1718,old_age_65_plus,44415.3443534646
1718,working_age_15_64,431253.3593005239
1718,young_0_14,217284.1639914159
1719,old_age_65_plus,40809.4097360211
1719,working_age_15_64,394316.8098107317
1719,young_0_14,205151.0661103537
1720,old_age_65_plus,35911.0841676819
1720,working_age_15_64,385294.8864933546
1720,young_0_14,211257.6049898200
1721,old_age_65_plus,36935.6208461623
1721,working_age_15_64,358681.8998399620
1721,young_0_14,190487.7927810280
1722,old_age_65_plus,44017.8615866643
1722,working_age_15_64,441442.1670882779
1722,young_0_14,222220.2587450066
1723,old_age_65_plus,37748.4906730552
1723,working_age_15_64,355926.9322965779
1723,young_0_14,177040.4600655723
1724,old_age_65_plus,45712.6409907572
1724,working_age_15_64,422425.2059895810
1724,young_0_14,208296.7750487415
1725,old_age_65_plus,41972.0266440498
1725,working_age_15_64,418923.1482197652
1725,young_0_14,224180.6895578591
1726,old_age_65_plus,52133.8088943340
1726,working_age_15_64,469032.0980767782
1726,young_0_14,215900.1294565642
1727,old_age_65_plus,35086.4728980384
1727,working_age_15_64,337677.0675725421
1727,young_0_14,187629.0871178246
1728,old_age_65_plus,47026.7730890540
1728,working_age_15_64,440489.3721916825
1728,young_0_14,228772.8030407480
1729,old_age_65_plus,36537.8216742383
1729,working_age_15_64,344869.6612659006
1729,young_0_14,171140.8307614600
1730,old_age_65_plus,42655.5722662328
1730,working_age_15_64,386438.5811548540
1730,young_0_14,189472.0695445811
1731,old_age_65_plus,38848.9565439895
1731,working_age_15_64,362955.3480650582
1731,young_0_14,185035.6797763022
1732,old_age_65_plus,38769.5161601684
1732,working_age_15_64,381489.2712410373
1732,young_0_14,200870.5569557983
1733,old_age_65_plus,33586.3276243806
1733,working_age_15_64,352236.5085177890
1733,young_0_14,191947.4103280258
1734,old_age_65_plus,48198.2547218638
1734,working_age_15_64,415752.4439768725
1734,young_0_14,198410.4802721812
1735,old_age_65_plus,34638.6321157882
1735,working_age_15_64,322088.4430980643
1735,young_0_14,166323.7700997748
1736,old_age_65_plus,45723.8404263933
1736,working_age_15_64,455791.1603584214
1736,young_0_14,233292.5348542406
1737,old_age_65_plus,41174.6743849680
1737,working_age_15_64,398344.6717773424
1737,young_0_14,207593.5846411482
1738,old_age_65_plus,36238.4601227977
1738,working_age_15_64,365054.4939636414
1738,young_0_14,190977.5160751381
1739,old_age_65_plus,35882.5748372169
1739,working_age_15_64,341588.4951036906
1739,young_0_14,176051.1761579025
1740,old_age_65_plus,40061.7206750270
1740,working_age_15_64,371576.2487390203
1740,young_0_14,194587.7473345725
1741,old_age_65_plus,37271.1863273507
1741,working_age_15_64,334343.7330298760
1741,young_0_14,176031.3335688839
1742,old_age_65_plus,32048.6043789524
1742,working_age_15_64,321465.5604916171
1742,young_0_14,172696.4179394105
1743,old_age_65_plus,34934.5206272502
1743,working_age_15_64,350212.8472755697
1743,young_0_14,184160.3041060608
1744,old_age_65_plus,33107.7236303576
1744,working_age_15_64,318157.4781270529
1744,young_0_14,159822.2418696081
1745,old_age_65_plus,32212.5057407950
1745,working_age_15_64,333406.5073565231
1745,young_0_14,186658.7982484500
1746,old_age_65_plus,36630.4586154108
1746,working_age_15_64,344680.7455360150
1746,young_0_14,175593.1856074579
1747,old_age_65_plus,33126.5106154799
1747,working_age_15_64,321142.4480250630
1747,young_0_14,174401.8347289832
1748,old_age_65_plus,35038.0923312116
1748,working_age_15_64,339483.3586678900
1748,young_0_14,167990.6785820309
1749,old_age_65_plus,32605.7175815611
1749,working_age_15_64,326855.1652709143
1749,young_0_14,173112.6362300081
1750,old_age_65_plus,37265.8490033496
1750,working_age_15_64,368840.2161441800
1750,young_0_14,190140.5248069686
1751,old_age_65_plus,39238.3324739443
1751,working_age_15_64,378180.4769061329
1751,young_0_14,185925.3306035964
1752,old_age_65_plus,42512.3603673506
1752,working_age_15_64,375396.3094063718
1752,young_0_14,178445.7631110850
1753,old_age_65_plus,38087.4561034214
1753,working_age_15_64,358583.7759406796
1753,young_0_14,180636.6964214227
1754,old_age_65_plus,39100.6576692874
1754,working_age_15_64,362162.6560964172
1754,young_0_14,178824.7184321688
1755,old_age_65_plus,38074.0504015728
1755,working_age_15_64,380557.7982569123
1755,young_0_14,196675.0875352686
1756,old_age_65_plus,34978.1581904007
1756,working_age_15_64,352556.7613938999
1756,young_0_14,188901.1763122836
1757,old_age_65_plus,40411.3291911827
1757,working_age_15_64,381146.9725220544
1757,young_0_14,185042.3977669063
1758,old_age_65_plus,40170.7206628447
1758,working_age_15_64,385595.8092564637
1758,young_0_14,186295.3571846142
1759,old_age_65_plus,50116.1075634082
1759,working_age_15_64,448723.4687125164
1759,young_0_14,207834.0850830742
1760,old_age_65_plus,35592.4940225004
1760,working_age_15_64,348501.5846453222
1760,young_0_14,181266.9933184232
1761,old_age_65_plus,32904.8700699927
1761,working_age_15_64,339704.7637022704
1761,young_0_14,170953.3860220724
1762,old_age_65_plus,33905.3091134714
1762,working_age_15_64,341240.6234392619
1762,young_0_14,178610.4318801531
1763,old_age_65_plus,32072.6659559794
1763,working_age_15_64,337565.8813942429
1763,young_0_14,177023.9093575944
1764,old_age_65_plus,31117.2553095399
1764,working_age_15_64,326598.5162600748
1764,young_0_14,186684.3965883292
1765,old_age_65_plus,35228.6128136728
1765,working_age_15_64,333536.6122529939
1765,young_0_14,170290.2458676239
1766,old_age_65_plus,37483.4589629996
1766,working_age_15_64,364076.7923548917
1766,young_0_14,182962.5291535810
1767,old_age_65_plus,40075.2975995747
1767,working_age_15_64,383080.3110998693
1767,young_0_14,199683.2540830282
1768,old_age_65_plus,38036.9133344482
1768,working_age_15_64,349213.4812975641
1768,young_0_14,173335.6331446558
1769,old_age_65_plus,35778.6045253798
1769,working_age_15_64,336108.8022307171
1769,young_0_14,162896.9865139426
1770,old_age_65_plus,34464.6106959583
1770,working_age_15_64,320683.4325281325
1770,young_0_14,165663.2756449180
1771,old_age_65_plus,36321.0285304857
1771,working_age_15_64,348061.1493787064
1771,young_0_14,183675.0739146321
1772,old_age_65_plus,30344.3046857937
1772,working_age_15_64,304937.5258377144
1772,young_0_14,154042.7855360846
1773,old_age_65_plus,29994.9231540663
1773,working_age_15_64,321476.1700473301
1773,young_0_14,169387.7273214829
1774,old_age_65_plus,25821.1874628683
1774,working_age_15_64,254437.2980776579
1774,young_0_14,136309.4017040643
1775,old_age_65_plus,36149.0235190410
1775,working_age_15_64,334440.6854179218
1775,young_0_14,169648.1668354804
1776,old_age_65_plus,27579.4116358240
1776,working_age_15_64,299478.9805479102
1776,young_0_14,164487.8009114124
1777,old_age_65_plus,39189.8483717474
1777,working_age_15_64,356710.6275532892
1777,young_0_14,173773.7049670233
1778,old_age_65_plus,29592.1889244746
1778,working_age_15_64,312426.9059457336
1778,young_0_14,169741.1076297840
1779,old_age_65_plus,30794.5881585779
1779,working_age_15_64,318799.1531430312
1779,young_0_14,170134.7381916304
1780,old_age_65_plus,35736.2496838760
1780,working_age_15_64,372013.8099717374
1780,young_0_14,193230.1137108574
1781,old_age_65_plus,36373.0623201371
1781,working_age_15_64,356923.2019431042
1781,young_0_14,180816.4932594043
1782,old_age_65_plus,35598.7453348627
1782,working_age_15_64,356144.4596292349
1782,young_0_14,189073.0405376630
1783,old_age_65_plus,31345.0717096118
1783,working_age_15_64,296831.7114713194
1783,young_0_14,150651.9115095536
1784,old_age_65_plus,37111.9869674647
1784,working_age_15_64,359288.2103250132
1784,young_0_14,187370.1426959255
1785,old_age_65_plus,32049.2736126755
1785,working_age_15_64,329438.7140128154
1785,young_0_14,179682.6607910953
1786,old_age_65_plus,30357.0524999079
1786,working_age_15_64,327072.3503171487
1786,young_0_14,180070.1426961494
1787,old_age_65_plus,33523.4235431780
1787,working_age_15_64,372790.3132126619
1787,young_0_14,209902.7414180008
1788,old_age_65_plus,36251.3849397354
1788,working_age_15_64,414571.6776454074
1788,young_0_14,249786.1223418594
1789,old_age_65_plus,36883.9260020213
1789,working_age_15_64,406199.1877744372
1789,young_0_14,229481.6823105832
1790,old_age_65_plus,36606.7788118516
1790,working_age_15_64,431093.1745853904
1790,young_0_14,245436.5870343057
1791,old_age_65_plus,38928.0548292591
1791,working_age_15_64,448341.2297129714
1791,young_0_14,250069.4236489185
1792,old_age_65_plus,33467.4155451567
1792,working_age_15_64,382425.7426403986
1792,young_0_14,212463.5067958297
1793,old_age_65_plus,41141.7826356512
1793,working_age_15_64,460485.1283859271
1793,young_0_14,256849.7528347427
1794,old_age_65_plus,36958.0518250988
1794,working_age_15_64,390779.5626484091
1794,young_0_14,212821.1035434224
1795,old_age_65_plus,31861.3909760907
1795,working_age_15_64,359719.3831614250
1795,young_0_14,198940.2217657546
1796,old_age_65_plus,37565.6444962681
1796,working_age_15_64,430802.8115885029
1796,young_0_14,235605.4534842825
1797,old_age_65_plus,35442.2807715118
1797,working_age_15_64,380076.6066912203
1797,young_0_14,190846.4828609618
1798,old_age_65_plus,38345.9966266019
1798,working_age_15_64,414113.0143107988
1798,young_0_14,232611.0041038273
1799,old_age_65_plus,31425.1814798326
1799,working_age_15_64,354568.1576071284
1799,young_0_14,191725.0828704708
1800,old_age_65_plus,31557.9569489050
1800,working_age_15_64,333288.9163962979
1800,young_0_14,185344.7953656025
1801,old_age_65_plus,38271.7532533893
1801,working_age_15_64,378553.4123707502
1801,young_0_14,195569.1891958195
1802,old_age_65_plus,35698.5791432761
1802,working_age_15_64,387346.4563699660
1802,young_0_14,206510.3068518997
1803,old_age_65_plus,32531.3539642834
1803,working_age_15_64,346144.8525019195
1803,young_0_14,184348.3226939099
1804,old_age_65_plus,38209.2098415616
1804,working_age_15_64,389973.3608743431
1804,young_0_14,199445.7895859158
1805,old_age_65_plus,32854.4733388493
1805,working_age_15_64,354852.6449249614
1805,young_0_14,177877.3113060951
1806,old_age_65_plus,34992.4826477897
1806,working_age_15_64,374792.0582442001
1806,young_0_14,186585.3227828366
1807,old_age_65_plus,32121.7650900300
1807,working_age_15_64,337645.4510320608
1807,young_0_14,174261.1794465861
1808,old_age_65_plus,34630.8157230374
1808,working_age_15_64,329730.6751042733
1808,young_0_14,168937.2108519642
1809,old_age_65_plus,30161.9218872165
1809,working_age_15_64,296774.5162447225
1809,young_0_14,160487.4950869261
1810,old_age_65_plus,33572.6863901824
1810,working_age_15_64,335010.8078443633
1810,young_0_14,172543.1305151617
1811,old_age_65_plus,36149.3709446383
1811,working_age_15_64,391119.0797743405
1811,young_0_14,206237.3437413466
1812,old_age_65_plus,33057.8332030123
1812,working_age_15_64,356089.5347478047
1812,young_0_14,191461.9513310878
1813,old_age_65_plus,32363.5354258875
1813,working_age_15_64,334587.0840262558
1813,young_0_14,178644.5406900042
1814,old_age_65_plus,31717.2187458330
1814,working_age_15_64,342686.6117625738
1814,young_0_14,172390.6423360391
1815,old_age_65_plus,38614.5007926709
1815,working_age_15_64,410123.6138564675
1815,young_0_14,219548.1048261504
1816,old_age_65_plus,30931.2369555379
1816,working_age_15_64,331017.8773789154
1816,young_0_14,185470.5955636187
1817,old_age_65_plus,30973.3634716568
1817,working_age_15_64,305932.5125979495
1817,young_0_14,164247.1882059417
1818,old_age_65_plus,31408.3145922785
1818,working_age_15_64,337020.2870394114
1818,young_0_14,180135.3175631158
1819,old_age_65_plus,33976.4843706359
1819,working_age_15_64,382957.0955125598
1819,young_0_14,212280.2915603483
1820,old_age_65_plus,34540.2319726621
1820,working_age_15_64,356539.7427033478
1820,young_0_14,185379.3084869833
1821,old_age_65_plus,30724.5120798386
1821,working_age_15_64,340135.5797121458
1821,young_0_14,175685.2409014651
1822,old_age_65_plus,35199.7321326500
1822,working_age_15_64,373060.7203936770
1822,young_0_14,194959.2684686322
1823,old_age_65_plus,32976.7161864866
1823,working_age_15_64,341814.4782628128
1823,young_0_14,182375.3798108522
1824,old_age_65_plus,34508.4882321348
1824,working_age_15_64,375538.9265190091
1824,young_0_14,193905.0348649892
1825,old_age_65_plus,28947.7792887498
1825,working_age_15_64,313803.3962671416
1825,young_0_14,170346.9445519355
1826,old_age_65_plus,30874.5349151346
1826,working_age_15_64,312272.4725287381
1826,young_0_14,163030.8033397984
1827,old_age_65_plus,26035.5831649489
1827,working_age_15_64,299612.1025607469
1827,young_0_14,166800.6197216065
1828,old_age_65_plus,30473.2184842483
1828,working_age_15_64,324137.3526618737
1828,young_0_14,176154.8724416185
1829,old_age_65_plus,29832.0827343580
1829,working_age_15_64,314422.5942071588
1829,young_0_14,159317.3257465769
1830,old_age_65_plus,29816.1734864525
1830,working_age_15_64,309780.5491827386
1830,young_0_14,156120.1113935125
1831,old_age_65_plus,28953.8086549507
1831,working_age_15_64,325267.8735129614
1831,young_0_14,176391.8899072164
1832,old_age_65_plus,34203.3935891416
1832,working_age_15_64,348543.6983398756
1832,young_0_14,183699.6298270289
1833,old_age_65_plus,34864.3488530085
1833,working_age_15_64,332952.5206982913
1833,young_0_14,175831.5841698759
1834,old_age_65_plus,36792.7420081884
1834,working_age_15_64,371028.7570455833
1834,young_0_14,188955.8346621619
1835,old_age_65_plus,28267.8129579291
1835,working_age_15_64,285965.9787069966
1835,young_0_14,146433.8847765839
1836,old_age_65_plus,29488.2204632826
1836,working_age_15_64,295357.3233928435
1836,young_0_14,150889.3720583769
1837,old_age_65_plus,31321.3012488804
1837,working_age_15_64,325224.9132026565
1837,young_0_14,173685.1747134494
1838,old_age_65_plus,26119.5905672000
1838,working_age_15_64,265154.1224266320
1838,young_0_14,140524.1474185740
1839,old_age_65_plus,31586.3583567489
1839,working_age_15_64,337190.7018816854
1839,young_0_14,182288.6130979961
1840,old_age_65_plus,28319.0031884486
1840,working_age_15_64,286516.0167190007
1840,young_0_14,152277.8623141258
1841,old_age_65_plus,36067.5954549068
1841,working_age_15_64,335126.3023040956
1841,young_0_14,168757.3393487376
1842,old_age_65_plus,37405.5445962718
1842,working_age_15_64,364342.4486644736
1842,young_0_14,179584.0999364131
1843,old_age_65_plus,29936.3058467839
1843,working_age_15_64,294895.3388842840
1843,young_0_14,149939.8872387996
1844,old_age_65_plus,34085.9470554303
1844,working_age_15_64,350366.3979813085
1844,young_0_14,179949.8368988661
1845,old_age_65_plus,35432.9373991374
1845,working_age_15_64,359061.5594193842
1845,young_0_14,184220.4553880465
1846,old_age_65_plus,28392.4740130331
1846,working_age_15_64,299233.4616004237
1846,young_0_14,156912.1289072357
1847,old_age_65_plus,31305.5652168081
1847,working_age_15_64,311334.4016767510
1847,young_0_14,154856.8453901535
1848,old_age_65_plus,30313.6839175285
1848,working_age_15_64,303911.7001551731
1848,young_0_14,152221.0213081413
1849,old_age_65_plus,34714.6902231002
1849,working_age_15_64,332155.1843923037
1849,young_0_14,165426.4474727674
1850,old_age_65_plus,29788.8089811195
1850,working_age_15_64,342245.6801047320
1850,young_0_14,184158.3875256094
1851,old_age_65_plus,28626.4070071087
1851,working_age_15_64,304476.5044550780
1851,young_0_14,165590.8598733394
1852,old_age_65_plus,33448.9005925282
1852,working_age_15_64,333223.8202431305
1852,young_0_14,171102.6748478807
1853,old_age_65_plus,32552.6392569630
1853,working_age_15_64,333449.9361401984
1853,young_0_14,164374.4158670610
1854,old_age_65_plus,35547.3519005669
1854,working_age_15_64,348586.6043775358
1854,young_0_14,168680.8748612836
1855,old_age_65_plus,42718.6827419829
1855,working_age_15_64,386735.2151367713
1855,young_0_14,175489.1841703169
1856,old_age_65_plus,34668.1633881474
1856,working_age_15_64,348983.1328840131
1856,young_0_14,176766.6939430487
1857,old_age_65_plus,34974.1678198273
1857,working_age_15_64,320441.3213725426
1857,young_0_14,155623.4800225951
1858,old_age_65_plus,36916.6666018900
1858,working_age_15_64,351506.1945944970
1858,young_0_14,162779.5766554865
1859,old_age_65_plus,31179.4925200674
1859,working_age_15_64,313920.0979914568
1859,young_0_14,155821.6482042863
1860,old_age_65_plus,33078.8554550299
1860,working_age_15_64,337324.3823193496
1860,young_0_14,172673.1943208005
1861,old_age_65_plus,35467.2068960599
1861,working_age_15_64,337453.0519452556
1861,young_0_14,167830.1839067550
1862,old_age_65_plus,31337.6055786568
1862,working_age_15_64,317830.4621717298
1862,young_0_14,160303.4680192829
1863,old_age_65_plus,32943.3071231532
1863,working_age_15_64,329458.0300390522
1863,young_0_14,162763.3799107865
1864,old_age_65_plus,36486.0341877607
1864,working_age_15_64,338917.5190012676
1864,young_0_14,157924.3839238228
1865,old_age_65_plus,23778.8803781168
1865,working_age_15_64,244040.5610000393
1865,young_0_14,129174.4007835831
1866,old_age_65_plus,36975.2960372374
1866,working_age_15_64,338307.9922348134
1866,young_0_14,164714.7070835627
1867,old_age_65_plus,36669.4852925518
1867,working_age_15_64,354835.9787822519
1867,young_0_14,174169.0773201788
1868,old_age_65_plus,33888.1784661094
1868,working_age_15_64,336665.4323303332
1868,young_0_14,171526.4955293498
1869,old_age_65_plus,39199.8230146050
1869,working_age_15_64,383414.1113088665
1869,young_0_14,193909.7258700319
1870,old_age_65_plus,33433.7299211241
1870,working_age_15_64,320307.5354134920
1870,young_0_14,164723.6031128611
1871,old_age_65_plus,37055.8545507080
1871,working_age_15_64,346139.9073282356
1871,young_0_14,170865.2939489611
1872,old_age_65_plus,35202.9817781021
1872,working_age_15_64,329458.8759798196
1872,young_0_14,161474.0691224791
1873,old_age_65_plus,40213.0909672642
1873,working_age_15_64,386662.0375183399
1873,young_0_14,190997.0539118937
1874,old_age_65_plus,40161.2062093324
1874,working_age_15_64,377535.0722806229
1874,young_0_14,192871.5225247167
1875,old_age_65_plus,35633.5242680880
1875,working_age_15_64,329362.8693309462
1875,young_0_14,162176.0207159618
1876,old_age_65_plus,33796.2558260403
1876,working_age_15_64,350108.3275737932
1876,young_0_14,177483.3824409855
1877,old_age_65_plus,32290.0302496834
1877,working_age_15_64,311769.5957937244
1877,young_0_14,151254.0732854637
1878,old_age_65_plus,37820.6405464779
1878,working_age_15_64,341149.5072807535
1878,young_0_14,161599.1783531845
1879,old_age_65_plus,41491.8401707047
1879,working_age_15_64,387258.1841885214
1879,young_0_14,186107.9005074002
1880,old_age_65_plus,35692.0757652940
1880,working_age_15_64,323641.2447709491
1880,young_0_14,156807.4620396758
1881,old_age_65_plus,38309.7579506914
1881,working_age_15_64,404474.4804757077
1881,young_0_14,203762.4098875791
1882,old_age_65_plus,31241.7004970318
1882,working_age_15_64,341720.4692945412
1882,young_0_14,173135.4002466997
1883,old_age_65_plus,31475.9889460101
1883,working_age_15_64,305957.3682974955
1883,young_0_14,157298.9032983175
1884,old_age_65_plus,30625.6096489834
1884,working_age_15_64,292944.9343490349
1884,young_0_14,139417.7078401958
1885,old_age_65_plus,38706.1689139679
1885,working_age_15_64,366425.6068230382
1885,young_0_14,175607.9365361269
1886,old_age_65_plus,37964.4132121888
1886,working_age_15_64,347077.9527526133
1886,young_0_14,155015.3927347381
1887,old_age_65_plus,50576.6946880956
1887,working_age_15_64,454699.0035627530
1887,young_0_14,187145.3231817659
1888,old_age_65_plus,60149.4459817125
1888,working_age_15_64,539934.3297229854
1888,young_0_14,211171.9175403292
1889,old_age_65_plus,54002.8119331676
1889,working_age_15_64,483292.8641664627
1889,young_0_14,194379.7942312565
1890,old_age_65_plus,52361.1250485990
1890,working_age_15_64,450190.1449192874
1890,young_0_14,175228.6560119395
1891,old_age_65_plus,58951.0532496319
1891,working_age_15_64,511527.8549402572
1891,young_0_14,183761.3920896664
1892,old_age_65_plus,55215.0804336106
1892,working_age_15_64,510471.4567317489
1892,young_0_14,209716.3080856089
1893,old_age_65_plus,50100.4971462427
1893,working_age_15_64,472254.1331048572
1893,young_0_14,216008.4216377905
1894,old_age_65_plus,57573.3027137824
1894,working_age_15_64,503069.5481497491
1894,young_0_14,188060.0570747264
1895,old_age_65_plus,40310.5432477815
1895,working_age_15_64,366477.6411172414
1895,young_0_14,155893.7639977210
1896,old_age_65_plus,51543.8981081030
1896,working_age_15_64,451959.8023608403
1896,young_0_14,174280.4375739338
1897,old_age_65_plus,60577.4248212961
1897,working_age_15_64,499972.5481396703
1897,young_0_14,186094.8032615472
1898,old_age_65_plus,49819.8285054598
1898,working_age_15_64,447569.1786742460
1898,young_0_14,180444.4267191495
1899,old_age_65_plus,53486.0284809811
1899,working_age_15_64,465775.9000967974
1899,young_0_14,179409.8781002868
1900,old_age_65_plus,51167.4918127725
1900,working_age_15_64,432736.6328997640
1900,young_0_14,172344.5667907480
1901,old_age_65_plus,36892.3678952459
1901,working_age_15_64,344829.6443260717
1901,young_0_14,155730.7119873734
1902,old_age_65_plus,37617.8746191371
1902,working_age_15_64,362065.9768190103
1902,young_0_14,167436.7912711632
1903,old_age_65_plus,44815.4221269545
1903,working_age_15_64,407765.5421073528
1903,young_0_14,169276.3163160021
1904,old_age_65_plus,42672.1414060071
1904,working_age_15_64,378580.8403330411
1904,young_0_14,165475.6182880281
1905,old_age_65_plus,40726.4266568016
1905,working_age_15_64,402236.3631323787
1905,young_0_14,174637.3016486789
1906,old_age_65_plus,39871.2915931265
1906,working_age_15_64,368407.6194267339
1906,young_0_14,160046.7038275920
1907,old_age_65_plus,34642.2222298476
1907,working_age_15_64,327588.2873895692
1907,young_0_14,151895.0473878676
1908,old_age_65_plus,39131.7240955671
1908,working_age_15_64,361322.0070750145
1908,young_0_14,167031.9476044516
1909,old_age_65_plus,31378.5549541492
1909,working_age_15_64,311280.2510538445
1909,young_0_14,152711.0544530861
1910,old_age_65_plus,38288.3843181384
1910,working_age_15_64,361078.9490800995
1910,young_0_14,161193.4374923870
1911,old_age_65_plus,35211.1177076397
1911,working_age_15_64,339728.4535331532
1911,young_0_14,157324.4358187246
1912,old_age_65_plus,40203.9770680000
1912,working_age_15_64,380643.4870784568
1912,young_0_14,172215.1477731236
1913,old_age_65_plus,36237.0227491237
1913,working_age_15_64,343698.9819231667
1913,young_0_14,156755.2706744082
1914,old_age_65_plus,31406.9580812776
1914,working_age_15_64,327820.1458762914
1914,young_0_14,154602.2995709824
1915,old_age_65_plus,33535.5271039160
1915,working_age_15_64,344655.9709118386
1915,young_0_14,169297.8801976424
1916,old_age_65_plus,32396.7872615807
1916,working_age_15_64,328971.9156181044
1916,young_0_14,167448.2651144663
1917,old_age_65_plus,32337.0499883544
1917,working_age_15_64,306970.1011405946
1917,young_0_14,139008.3423514102
1918,old_age_65_plus,39281.5306145002
1918,working_age_15_64,393229.5370963989
1918,young_0_14,189578.6701926339
1919,old_age_65_plus,30288.1630144125
1919,working_age_15_64,292886.2762280652
1919,young_0_14,137491.0385037068
1920,old_age_65_plus,31544.8367556630
1920,working_age_15_64,321710.4979536179
1920,young_0_14,163146.9154539218
1921,old_age_65_plus,34424.5422372216
1921,working_age_15_64,344831.3975700261
1921,young_0_14,157758.5340617195
1922,old_age_65_plus,30997.9705326651
1922,working_age_15_64,313693.2432445951
1922,young_0_14,150286.9307434098
1923,old_age_65_plus,29259.4752078222
1923,working_age_15_64,307528.6689428115
1923,young_0_14,147431.2849318560
1924,old_age_65_plus,29410.0013783023
1924,working_age_15_64,308065.8026307739
1924,young_0_14,145966.6182661409
1925,old_age_65_plus,32346.1938854297
1925,working_age_15_64,318937.4837788704
1925,young_0_14,155101.7821348564
1926,old_age_65_plus,28086.8763464015
1926,working_age_15_64,274933.8225454590
1926,young_0_14,136375.3261373783
1927,old_age_65_plus,28589.2050302285
1927,working_age_15_64,296897.3316974640
1927,young_0_14,149842.3207786346
1928,old_age_65_plus,26932.3468170024
1928,working_age_15_64,266365.6312328113
1928,young_0_14,132675.4237004269
1929,old_age_65_plus,28854.9740058743
1929,working_age_15_64,293186.6046036072
1929,young_0_14,151329.8396346100
1930,old_age_65_plus,26936.0496703274
1930,working_age_15_64,278237.9428202298
1930,young_0_14,137380.0381411014
1931,old_age_65_plus,26422.4508035751
1931,working_age_15_64,272273.5007203592
1931,young_0_14,137559.4782461752
1932,old_age_65_plus,25640.3269759027
1932,working_age_15_64,269230.4476020819
1932,young_0_14,139042.0957957252
1933,old_age_65_plus,27926.4874957176
1933,working_age_15_64,297460.9739730518
1933,young_0_14,141329.7828208052
1934,old_age_65_plus,25273.8671002189
1934,working_age_15_64,253365.6540853601
1934,young_0_14,126446.7520458873
1935,old_age_65_plus,25721.8354257353
1935,working_age_15_64,249329.5693081185
1935,young_0_14,122100.7455977817
1936,old_age_65_plus,25650.0933788612
1936,working_age_15_64,255660.9212991435
1936,young_0_14,124938.9064689908
1937,old_age_65_plus,29632.4445553882
1937,working_age_15_64,293796.6043556067
1937,young_0_14,150129.3509721760
1938,old_age_65_plus,26073.9812131176
1938,working_age_15_64,290037.5897215935
1938,young_0_14,153041.1093865602
1939,old_age_65_plus,25597.3531879949
1939,working_age_15_64,260260.8715800290
1939,young_0_14,124948.3356506414
1940,old_age_65_plus,28041.6026423289
1940,working_age_15_64,275636.5706715988
1940,young_0_14,135922.2636513410
1941,old_age_65_plus,27534.1403032963
1941,working_age_15_64,281428.3351372841
1941,young_0_14,147194.6436749907
1942,old_age_65_plus,25484.3698829617
1942,working_age_15_64,277786.5532786550
1942,young_0_14,144460.9534738152
1943,old_age_65_plus,25324.2300748632
1943,working_age_15_64,258447.9902944494
1943,young_0_14,132065.2176971007
1944,old_age_65_plus,23779.5453795295
1944,working_age_15_64,261438.7245156873
1944,young_0_14,137339.6616685645
1945,old_age_65_plus,23542.1801142158
1945,working_age_15_64,249916.0660023263
1945,young_0_14,131439.3018087278
1946,old_age_65_plus,25140.6059572668
1946,working_age_15_64,248368.0347568773
1946,young_0_14,120509.0146071390
1947,old_age_65_plus,24995.4440846408
1947,working_age_15_64,271479.2369706766
1947,young_0_14,140029.7534673979
1948,old_age_65_plus,24785.1428246592
1948,working_age_15_64,277831.2536812787
1948,young_0_14,148865.2445689824
1949,old_age_65_plus,25424.1774165635
1949,working_age_15_64,270911.4202580458
1949,young_0_14,145730.5748196306
1950,old_age_65_plus,26984.3963789376
1950,working_age_15_64,268458.2994115200
1950,young_0_14,134325.4071397041
1951,old_age_65_plus,26539.4716234005
1951,working_age_15_64,256625.9437887779
1951,young_0_14,131518.1667676102
1952,old_age_65_plus,26038.6411148611
1952,working_age_15_64,295651.2827746557
1952,young_0_14,158130.4615826779
1953,old_age_65_plus,28987.2958600198
1953,working_age_15_64,283700.4368502332
1953,young_0_14,141583.8349555957
1954,old_age_65_plus,30338.9197498321
1954,working_age_15_64,287537.5251218423
1954,young_0_14,140554.2422490505
1955,old_age_65_plus,25232.8655191328
1955,working_age_15_64,259520.1513806362
1955,young_0_14,132780.1888529078
1956,old_age_65_plus,25645.9769161814
1956,working_age_15_64,259319.4016714954
1956,young_0_14,136090.5520007653
1957,old_age_65_plus,23201.9318436842
1957,working_age_15_64,243680.8443446855
1957,young_0_14,128695.0089866271
1958,old_age_65_plus,22952.1346190431
1958,working_age_15_64,223603.1306286197
1958,young_0_14,112948.8585002934
1959,old_age_65_plus,27729.0258276400
1959,working_age_15_64,260855.5849510471
1959,young_0_14,126494.8569660176
1960,old_age_65_plus,23790.4272259425
1960,working_age_15_64,259585.4048304128
1960,young_0_14,144799.3537223506
1961,old_age_65_plus,20254.7777432299
1961,working_age_15_64,201628.9792495231
1961,young_0_14,106610.3642793536
1962,old_age_65_plus,22940.0460849782
1962,working_age_15_64,229154.2773175932
1962,young_0_14,117745.3496050557
1963,old_age_65_plus,21040.2556840805
1963,working_age_15_64,215434.8439346830
1963,young_0_14,112456.9591814128
1964,old_age_65_plus,27036.2712962255
1964,working_age_15_64,254868.8583622625
1964,young_0_14,120996.8240764021
1965,old_age_65_plus,26247.8364227685
1965,working_age_15_64,246776.7294087351
1965,young_0_14,124328.5870355235
1966,old_age_65_plus,29295.3561518077
1966,working_age_15_64,269134.3205698901
1966,young_0_14,134159.4665754299
1967,old_age_65_plus,26101.6546308069
1967,working_age_15_64,276505.0409066126
1967,young_0_14,141871.8624886596
1968,old_age_65_plus,27023.4462921282
1968,working_age_15_64,256441.1008141443
1968,young_0_14,126927.6915950939
1969,old_age_65_plus,31503.3838452857
1969,working_age_15_64,271084.6526019810
1969,young_0_14,128197.4218558284
1970,old_age_65_plus,24384.5768881452
1970,working_age_15_64,249198.8048198809
1970,young_0_14,135366.3439114783
1971,old_age_65_plus,20490.2069333154
1971,working_age_15_64,208876.0874432700
1971,young_0_14,112975.1100730227
1972,old_age_65_plus,27275.4117236461
1972,working_age_15_64,258792.9235443221
1972,young_0_14,128205.6633414191
1973,old_age_65_plus,25277.4793247336
1973,working_age_15_64,256295.5155492705
1973,young_0_14,132687.3409942719
1974,old_age_65_plus,30196.8497972128
1974,working_age_15_64,257406.3413776600
1974,young_0_14,117953.9270619112
1975,old_age_65_plus,28349.4535879986
1975,working_age_15_64,251176.7309898979
1975,young_0_14,119334.3543336388
1976,old_age_65_plus,27076.1550870768
1976,working_age_15_64,258614.4754020154
1976,young_0_14,129671.7963396428
1977,old_age_65_plus,28060.9470973690
1977,working_age_15_64,254933.3707702436
1977,young_0_14,124824.3542515166
1978,old_age_65_plus,24295.5810249406
1978,working_age_15_64,258601.8565430204
1978,young_0_14,128492.3400401804
1979,old_age_65_plus,26682.2596683678
1979,working_age_15_64,257523.9774046382
1979,young_0_14,129175.4134636551
1980,old_age_65_plus,22798.0787791542
1980,working_age_15_64,224392.2237099471
1980,young_0_14,118704.1129643666
1981,old_age_65_plus,24675.4590141602
1981,working_age_15_64,239571.9057005277
1981,young_0_14,122696.5643067299
1982,old_age_65_plus,19413.4714933958
1982,working_age_15_64,195273.9827521456
1982,young_0_14,104138.4394213967
1983,old_age_65_plus,31943.6178596732
1983,working_age_15_64,275264.3949862446
1983,young_0_14,127736.5736970203
1984,old_age_65_plus,27197.0364064513
1984,working_age_15_64,245508.9633937991
1984,young_0_14,116762.4848204582
1985,old_age_65_plus,22137.1766260324
1985,working_age_15_64,217247.2293965245
1985,young_0_14,109538.1142208404
1986,old_age_65_plus,31081.0098724793
1986,working_age_15_64,266933.5530360445
1986,young_0_14,122123.7271055408
1987,old_age_65_plus,25478.5620822411
1987,working_age_15_64,246081.4954654559
1987,young_0_14,131830.6271009447
1988,old_age_65_plus,22432.3994672162
1988,working_age_15_64,210412.1533685270
1988,young_0_14,108408.3931431261
1989,old_age_65_plus,24299.8709455425
1989,working_age_15_64,229964.0015191939
1989,young_0_14,120737.5643179627
1990,old_age_65_plus,23711.0321633905
1990,working_age_15_64,246701.2679373526
1990,young_0_14,123354.8973960055
1991,old_age_65_plus,29071.7263445357
1991,working_age_15_64,289833.7651661713
1991,young_0_14,156370.1725993608
1992,old_age_65_plus,21348.0987453550
1992,working_age_15_64,222186.6056540495
1992,young_0_14,119982.2668784127
1993,old_age_65_plus,27598.4371328776
1993,working_age_15_64,246978.9068851389
1993,young_0_14,123414.8954462387
1994,old_age_65_plus,22445.6483512188
1994,working_age_15_64,227284.5369367822
1994,young_0_14,120859.7467105041
1995,old_age_65_plus,22467.0859233356
1995,working_age_15_64,218292.3024872762
1995,young_0_14,112088.5654754620
1996,old_age_65_plus,18708.1819352636
1996,working_age_15_64,207722.3572787514
1996,young_0_14,115041.4601238417
1997,old_age_65_plus,23930.1627205911
1997,working_age_15_64,236360.8108732264
1997,young_0_14,125778.6052647482
1998,old_age_65_plus,23628.4982626298
1998,working_age_15_64,236046.4990033518
1998,young_0_14,123662.8492701142
1999,old_age_65_plus,21339.5885747574
1999,working_age_15_64,207041.5859036613
1999,young_0_14,108061.7756577871
2000,old_age_65_plus,21207.5421462280
2000,working_age_15_64,225406.6127162552
2000,young_0_14,118749.6714621113
2001,old_age_65_plus,20363.2970089797
2001,working_age_15_64,217870.7218164614
2001,young_0_14,117648.4723445603
2002,old_age_65_plus,26214.9809233298
2002,working_age_15_64,259265.8343338140
2002,young_0_14,131888.0941539624
2003,old_age_65_plus,25088.7470613643
2003,working_age_15_64,237153.2995354914
2003,young_0_14,122512.0228555152
2004,old_age_65_plus,22458.0948690485
2004,working_age_15_64,234932.4172677747
2004,young_0_14,126764.9540591665
2005,old_age_65_plus,19862.6901250663
2005,working_age_15_64,200964.5565291418
2005,young_0_14,107119.7937078560
2006,old_age_65_plus,19330.9443002061
2006,working_age_15_64,210005.9245574337
2006,young_0_14,112424.9721047975
2007,old_age_65_plus,20733.1513895810
2007,working_age_15_64,230034.2046722102
2007,young_0_14,128895.1460552256
2008,old_age_65_plus,21869.0869754176
2008,working_age_15_64,216966.1980995651
2008,young_0_14,118913.5320773268
2009,old_age_65_plus,18632.5996820464
2009,working_age_15_64,203154.1244668451
2009,young_0_14,110575.5409175584
2010,old_age_65_plus,20650.2894520531
2010,working_age_15_64,220922.0466867013
2010,young_0_14,122538.0731862085
2011,old_age_65_plus,19404.1224774564
2011,working_age_15_64,208490.9632162393
2011,young_0_14,113880.3502748250
2012,old_age_65_plus,18392.2760406844
2012,working_age_15_64,186826.4931232030
2012,young_0_14,100473.7956232269
2013,old_age_65_plus,18373.0991366523
2013,working_age_15_64,197595.6199220400
2013,young_0_14,103647.6042189513
2014,old_age_65_plus,17722.8022369168
2014,working_age_15_64,194011.0031649062
2014,young_0_14,107354.1206092914
2015,old_age_65_plus,21309.3526378014
2015,working_age_15_64,212826.2738960953
2015,young_0_14,111702.4794518787
2016,old_age_65_plus,19950.8767471151
2016,working_age_15_64,213376.0027146756
2016,young_0_14,112434.0694422772
2017,old_age_65_plus,21351.6440093895
2017,working_age_15_64,209787.5044496886
2017,young_0_14,109354.2703400735
2018,old_age_65_plus,19546.6758614913
2018,working_age_15_64,198853.6734442706
2018,young_0_14,104718.0460779063
2019,old_age_65_plus,16991.5349150721
2019,working_age_15_64,195659.8651901565
2019,young_0_14,110955.9479933869
2020,old_age_65_plus,17986.8618416251
2020,working_age_15_64,197544.3831600960
2020,young_0_14,104455.1066266219
2021,old_age_65_plus,17368.2391056233
2021,working_age_15_64,198621.0523071621
2021,young_0_14,113241.1259111078
2022,old_age_65_plus,20678.5870563744
2022,working_age_15_64,217541.0822972196
2022,young_0_14,112986.3827330322
2023,old_age_65_plus,18499.9424102381
2023,working_age_15_64,200042.5184957407
2023,young_0_14,109007.4061342555
2024,old_age_65_plus,17393.0611356465
2024,working_age_15_64,192482.8555971285
2024,young_0_14,106446.7069156063
2025,old_age_65_plus,19676.3032266285
2025,working_age_15_64,198918.7710840932
2025,young_0_14,103355.9104311234
2026,old_age_65_plus,18683.3310906382
2026,working_age_15_64,197666.9889113521
2026,young_0_14,104764.9241811128
2027,old_age_65_plus,20475.6863021241
2027,working_age_15_64,219268.2741608919
2027,young_0_14,116906.5340074660
2028,old_age_65_plus,19219.3582620697
2028,working_age_15_64,187626.9841016068
2028,young_0_14,99558.6764897046
2029,old_age_65_plus,16372.5466229514
2029,working_age_15_64,180508.8982337487
2029,young_0_14,102828.2308636240
2030,old_age_65_plus,19477.5959625446
2030,working_age_15_64,200804.3298544507
2030,young_0_14,107333.7608889017
2031,old_age_65_plus,18623.5694355534
2031,working_age_15_64,214287.0105438969
2031,young_0_14,118134.2971992778
2032,old_age_65_plus,19702.2680459680
2032,working_age_15_64,197891.6199033692
2032,young_0_14,104464.2666799130
2033,old_age_65_plus,17428.4337558086
2033,working_age_15_64,178434.2898153491
2033,young_0_14,92349.2417898294
2034,old_age_65_plus,19445.5012007035
2034,working_age_15_64,224038.4019246042
2034,young_0_14,120626.2616816035
2035,old_age_65_plus,16947.8748954259
2035,working_age_15_64,181283.1698895823
2035,young_0_14,97649.7328904099
2036,old_age_65_plus,17424.1687195512
2036,working_age_15_64,200000.3509865974
2036,young_0_14,110218.4555038192
2037,old_age_65_plus,18186.2000949906
2037,working_age_15_64,183991.2060298195
2037,young_0_14,98123.6867897117
2038,old_age_65_plus,17163.7627732319
2038,working_age_15_64,194810.6634502574
2038,young_0_14,103518.0276183209
2039,old_age_65_plus,18205.1145555448
2039,working_age_15_64,188866.5182174477
2039,young_0_14,103369.0346577767
2040,old_age_65_plus,16745.3869212561
2040,working_age_15_64,177897.1344195272
2040,young_0_14,97228.9816994305
2041,old_age_65_plus,19596.3740375938
2041,working_age_15_64,191547.3616942567
2041,young_0_14,95490.4685679986
2042,old_age_65_plus,17592.4175052687
2042,working_age_15_64,177018.3756685307
2042,young_0_14,92963.9116811589
2043,old_age_65_plus,18962.8943349302
2043,working_age_15_64,203532.0293478520
2043,young_0_14,114858.5084407492
2044,old_age_65_plus,15643.1152419994
2044,working_age_15_64,170765.0871321046
2044,young_0_14,92167.8134989238
2045,old_age_65_plus,17925.5377145274
2045,working_age_15_64,188945.0343668465
2045,young_0_14,102571.9058170891
2046,old_age_65_plus,16992.2204724424
2046,working_age_15_64,188972.1769341762
2046,young_0_14,103669.8160722453
2047,old_age_65_plus,17939.8492638542
2047,working_age_15_64,178842.4308254909
2047,young_0_14,94397.0803213445
2048,old_age_65_plus,18070.0888550181
2048,working_age_15_64,194765.4173827702
2048,young_0_14,102256.8631660253
2049,old_age_65_plus,22166.7522682395
2049,working_age_15_64,209450.2842567737
2049,young_0_14,106659.0091143849
2050,old_age_65_plus,18522.9300835912
2050,working_age_15_64,193577.9608680056
2050,young_0_14,101755.3437369168
2051,old_age_65_plus,19388.4074793075
2051,working_age_15_64,206021.9680265574
2051,young_0_14,103331.7557726953
2052,old_age_65_plus,18810.7898023977
2052,working_age_15_64,187208.2672696676
2052,young_0_14,103095.6798024317
2053,old_age_65_plus,16604.0554475613
2053,working_age_15_64,179885.5708428051
2053,young_0_14,98473.4183064820
2054,old_age_65_plus,17715.6876034430
2054,working_age_15_64,192263.7394354662
2054,young_0_14,98277.7976716289
2055,old_age_65_plus,17243.7008066295
2055,working_age_15_64,182190.1212850432
2055,young_0_14,101096.1629427780
2056,old_age_65_plus,20446.7695467224
2056,working_age_15_64,205443.7765744004
2056,young_0_14,106666.4390337226
2057,old_age_65_plus,17312.2038906776
2057,working_age_15_64,173198.3059217956
2057,young_0_14,91387.1983704645
2058,old_age_65_plus,15974.2903245984
2058,working_age_15_64,173226.1027681822
2058,young_0_14,95402.6571793106
2059,old_age_65_plus,18250.7034396327
2059,working_age_15_64,183601.2702420122
2059,young_0_14,95625.5939346399
2060,old_age_65_plus,21255.3069052663
2060,working_age_15_64,214674.9051094746
2060,young_0_14,105707.7258703733
2061,old_age_65_plus,19939.9380107234
2061,working_age_15_64,227244.0562870869
2061,young_0_14,127646.6796385346
2062,old_age_65_plus,17077.5271106437
2062,working_age_15_64,188004.2165065059
2062,young_0_14,103105.3948412886
2063,old_age_65_plus,17547.0089836884
2063,working_age_15_64,184391.4627817370
2063,young_0_14,98685.4372297518
2064,old_age_65_plus,15799.6297112824
2064,working_age_15_64,177250.2476345159
2064,young_0_14,100188.9887254641
2065,old_age_65_plus,17123.8767279642
2065,working_age_15_64,168455.7186914205
2065,young_0_14,88241.7071553745
2066,old_age_65_plus,20432.7875799646
2066,working_age_15_64,213727.3087917313
2066,young_0_14,118925.1918267849
2067,old_age_65_plus,16526.8938330970
2067,working_age_15_64,164093.3858460262
2067,young_0_14,86999.8078189051
2068,old_age_65_plus,18536.9036532081
2068,working_age_15_64,186112.8492098862
2068,young_0_14,98396.8055664185
2069,old_age_65_plus,18391.2390298177
2069,working_age_15_64,193456.5236759243
2069,young_0_14,100915.8362283978
2070,old_age_65_plus,15532.2517406171
2070,working_age_15_64,162578.7304068712
2070,young_0_14,87664.8029194734
2071,old_age_65_plus,19560.6697974555
2071,working_age_15_64,202022.8421905797
2071,young_0_14,106632.8448977411
2072,old_age_65_plus,17182.8505045616
2072,working_age_15_64,185226.6738313078
2072,young_0_14,101804.5863241116
2073,old_age_65_plus,14783.1493759357
2073,working_age_15_64,164838.9405413652
2073,young_0_14,90176.5782935742
2074,old_age_65_plus,21627.5427148476
2074,working_age_15_64,206556.6765904341
2074,young_0_14,103431.8745442254
2075,old_age_65_plus,17437.7757812008
2075,working_age_15_64,178803.9849751025
2075,young_0_14,93914.1926664846
2076,old_age_65_plus,15695.6909677882
2076,working_age_15_64,173223.7130638917
2076,young_0_14,99290.8892151652
2077,old_age_65_plus,22933.7698741985
2077,working_age_15_64,199137.5625253558
2077,young_0_14,96575.4319765860
2078,old_age_65_plus,15546.6902666613
2078,working_age_15_64,178951.8033895270
2078,young_0_14,100001.1542325941
2079,old_age_65_plus,18102.9399539601
2079,working_age_15_64,176537.7145736968
2079,young_0_14,94315.0443694488
2080,old_age_65_plus,20256.9686645417
2080,working_age_15_64,201329.3285399769
2080,young_0_14,104984.5940595305
2081,old_age_65_plus,19739.1726489280
2081,working_age_15_64,192863.3317007404
2081,young_0_14,102645.4311258532
2082,old_age_65_plus,15769.4030035347
2082,working_age_15_64,167611.7519722797
2082,young_0_14,91291.2956482400
2083,old_age_65_plus,20421.9211998251
2083,working_age_15_64,203442.7709142073
2083,young_0_14,107873.9969525730
2084,old_age_65_plus,14843.8776646156
2084,working_age_15_64,162238.9649695051
2084,young_0_14,91282.2157251043
2085,old_age_65_plus,20594.3605364610
2085,working_age_15_64,219178.6298292981
2085,young_0_14,124304.5558137802
2086,old_age_65_plus,15700.7331847109
2086,working_age_15_64,179217.4047332382
2086,young_0_14,95977.6730458015
2087,old_age_65_plus,16194.6587431250
2087,working_age_15_64,175708.0613559320
2087,young_0_14,96479.3578031269
2088,old_age_65_plus,21597.4270119593
2088,working_age_15_64,203732.4408987987
2088,young_0_14,103087.2045914089
2089,old_age_65_plus,15824.4753253040
2089,working_age_15_64,174034.6937640009
2089,young_0_14,93177.6739666010
2090,old_age_65_plus,15764.4727554935
2090,working_age_15_64,167472.5723904744
2090,young_0_14,96024.9853463126
2091,old_age_65_plus,14468.8930670724
2091,working_age_15_64,158789.3399091361
2091,young_0_14,88944.8959972298
2092,old_age_65_plus,15598.6795302973
2092,working_age_15_64,186777.0566059334
2092,young_0_14,99179.0407671937
2093,old_age_65_plus,17674.3027612463
2093,working_age_15_64,191436.2985621986
2093,young_0_14,101826.2545261447
2094,old_age_65_plus,18436.3482077867
2094,working_age_15_64,184256.3345511215
2094,young_0_14,93285.3680127153
2095,old_age_65_plus,18103.1644636329
2095,working_age_15_64,163506.0415756443
2095,young_0_14,81225.0869499189
2096,old_age_65_plus,15915.9107084986
2096,working_age_15_64,164179.8331719310
2096,young_0_14,85337.8713596344
2097,old_age_65_plus,17122.8449333016
2097,working_age_15_64,170015.2048732770
2097,young_0_14,91647.1344507761
2098,old_age_65_plus,16235.6189957442
2098,working_age_15_64,172853.7090014169
2098,young_0_14,90334.7283620678
2099,old_age_65_plus,14721.3935094731
2099,working_age_15_64,145337.5728892318
2099,young_0_14,78764.6911540489
2100,old_age_65_plus,16250.4033051553
2100,working_age_15_64,176330.3144540526
2100,young_0_14,90817.5725883049
2101,old_age_65_plus,14669.0172583350
2101,working_age_15_64,147170.0333688011
2101,young_0_14,80878.8822582240
2102,old_age_65_plus,16787.5493739308
2102,working_age_15_64,164405.5851678037
2102,young_0_14,86348.0597015059
2103,old_age_65_plus,16860.6627365722
2103,working_age_15_64,184401.4091735760
2103,young_0_14,101051.2683448133
2104,old_age_65_plus,16106.2081833528
2104,working_age_15_64,169971.4581504638
2104,young_0_14,89599.3084325620
2105,old_age_65_plus,16464.5591356496
2105,working_age_15_64,164980.3775956895
2105,young_0_14,84932.9553920732
2106,old_age_65_plus,18701.3284130497
2106,working_age_15_64,198168.0998318026
2106,young_0_14,105279.0400127436
2107,old_age_65_plus,15698.7338603346
2107,working_age_15_64,164514.7380232175
2107,young_0_14,84016.7933661247
2108,old_age_65_plus,17147.6672406785
2108,working_age_15_64,190380.6075616491
2108,young_0_14,101424.6320452808
2109,old_age_65_plus,20384.4689860920
2109,working_age_15_64,204468.5215300830
2109,young_0_14,101712.7014749745
2110,old_age_65_plus,24621.7064881508
2110,working_age_15_64,233656.7288374836
2110,young_0_14,110696.8974887803
2111,old_age_65_plus,18685.8385939819
2111,working_age_15_64,185872.5340180876
2111,young_0_14,97981.2593848602
2112,old_age_65_plus,20169.6961276725
2112,working_age_15_64,200503.5752665661
2112,young_0_14,97996.7396486662
2113,old_age_65_plus,18906.2642639174
2113,working_age_15_64,193262.7304394041
2113,young_0_14,104648.2741370088
2114,old_age_65_plus,19707.5988722616
2114,working_age_15_64,182699.5934357526
2114,young_0_14,91834.3588733990
2115,old_age_65_plus,16070.0563108280
2115,working_age_15_64,174440.6736830718
2115,young_0_14,89343.8988990620
2116,old_age_65_plus,18250.7031157340
2116,working_age_15_64,161827.1001541635
2116,young_0_14,79949.0613641384
2117,old_age_65_plus,14922.9160611115
2117,working_age_15_64,160187.7218975416
2117,young_0_14,85120.1699985743
2118,old_age_65_plus,21293.3058096345
2118,working_age_15_64,199900.6354675182
2118,young_0_14,101238.2707627604
2119,old_age_65_plus,17192.6015912374
2119,working_age_15_64,180724.2606641242
2119,young_0_14,98216.9247193795
2120,old_age_65_plus,17260.4673686707
2120,working_age_15_64,182980.2358905534
2120,young_0_14,96307.1084250289
2121,old_age_65_plus,15487.7432020310
2121,working_age_15_64,165383.4163242710
2121,young_0_14,90763.2178865653
2122,old_age_65_plus,16972.8992129425
2122,working_age_15_64,184734.0693432046
2122,young_0_14,96398.4075962252
2123,old_age_65_plus,16895.2868285667
2123,working_age_15_64,177768.8346080881
2123,young_0_14,92455.2643741532
2124,old_age_65_plus,16242.4276540602
2124,working_age_15_64,178961.9507719512
2124,young_0_14,94545.2644736258
2125,old_age_65_plus,24541.7255942936
2125,working_age_15_64,237894.6488956785
2125,young_0_14,113370.1540237141
2126,old_age_65_plus,18774.4260041065
2126,working_age_15_64,186158.9280636709
2126,young_0_14,93781.7012180303
2127,old_age_65_plus,15326.8311172095
2127,working_age_15_64,166859.2354293645
2127,young_0_14,85997.1060797408
2128,old_age_65_plus,17980.7741414429
2128,working_age_15_64,176374.1207785633
2128,young_0_14,87950.1956661123
2129,old_age_65_plus,16105.7058699920
2129,working_age_15_64,170657.3830410471
2129,young_0_14,91490.7485194674
2130,old_age_65_plus,17301.3375406432
2130,working_age_15_64,177687.8533907401
2130,young_0_14,87756.3231410685
2131,old_age_65_plus,16129.0708567110
2131,working_age_15_64,163965.2383946071
2131,young_0_14,86574.6234115683
2132,old_age_65_plus,18225.4438700720
2132,working_age_15_64,185505.7001773251
2132,young_0_14,89997.8932094381
2133,old_age_65_plus,15455.4939746513
2133,working_age_15_64,168705.3819862005
2133,young_0_14,90490.9218579061
2134,old_age_65_plus,16823.4479919187
2134,working_age_15_64,177504.3292024031
2134,young_0_14,88069.7258108362
2135,old_age_65_plus,17857.9799343664
2135,working_age_15_64,177424.6016348269
2135,young_0_14,88088.3265102490
2136,old_age_65_plus,15470.3126883098
2136,working_age_15_64,163577.1267658448
2136,young_0_14,86852.9583023533
2137,old_age_65_plus,17190.3123810145
2137,working_age_15_64,170687.1772913999
2137,young_0_14,87810.7564440859
2138,old_age_65_plus,17111.1706090319
2138,working_age_15_64,174545.3986007307
2138,young_0_14,89960.8850798297
2139,old_age_65_plus,13077.0957350833
2139,working_age_15_64,141628.0483504831
2139,young_0_14,74468.0790468113
2140,old_age_65_plus,17112.5713787156
2140,working_age_15_64,181123.8758098790
2140,young_0_14,93580.5529288876
2141,old_age_65_plus,18270.5550592839
2141,working_age_15_64,185869.5187152398
2141,young_0_14,93557.8442480223
2142,old_age_65_plus,13736.8107094549
2142,working_age_15_64,164521.6750863509
2142,young_0_14,90067.4363817793
2143,old_age_65_plus,16279.4450001990
2143,working_age_15_64,162853.8141907389
2143,young_0_14,82920.4223998649
2144,old_age_65_plus,13957.0563668208
2144,working_age_15_64,153339.3326909889
2144,young_0_14,81722.2452809535
2145,old_age_65_plus,13863.6101412073
2145,working_age_15_64,149597.0754943314
2145,young_0_14,80631.6131808560
2146,old_age_65_plus,14244.7505926054
2146,working_age_15_64,131940.5748914877
2146,young_0_14,66893.5401093996
2147,old_age_65_plus,13914.0250832800
2147,working_age_15_64,161571.8327640865
2147,young_0_14,86651.0950487620
2148,old_age_65_plus,14081.6345800340
2148,working_age_15_64,148775.8675095805
2148,young_0_14,79526.9696544819
2149,old_age_65_plus,13040.0256913062
2149,working_age_15_64,149666.7643888737
2149,young_0_14,85148.8432272923
2150,old_age_65_plus,15042.0194405675
2150,working_age_15_64,163880.4141652575
2150,young_0_14,88073.3752453861
2151,old_age_65_plus,15248.7924565019
2151,working_age_15_64,158761.7124856362
2151,young_0_14,82957.5635951874
2152,old_age_65_plus,14612.0488466202
2152,working_age_15_64,150330.3192715374
2152,young_0_14,81119.2639830228
2153,old_age_65_plus,14472.5404854873
2153,working_age_15_64,165528.8359923545
2153,young_0_14,90585.1438286100
2154,old_age_65_plus,16989.8750316557
2154,working_age_15_64,173345.6333712638
2154,young_0_14,93785.5952726644
2155,old_age_65_plus,18273.5058490433
2155,working_age_15_64,204072.7630188117
2155,young_0_14,99826.8988283522
2156,old_age_65_plus,14541.5179188728
2156,working_age_15_64,162822.9156949421
2156,young_0_14,82461.8270825837
2157,old_age_65_plus,14668.4636669633
2157,working_age_15_64,160387.2737770340
2157,young_0_14,85891.0383333754
2158,old_age_65_plus,16196.9455775661
2158,working_age_15_64,180300.9990066811
2158,young_0_14,93010.5253657988
2159,old_age_65_plus,14802.1657113749
2159,working_age_15_64,156285.2442276288
2159,young_0_14,82862.8541754502
2160,old_age_65_plus,12932.1338745551
2160,working_age_15_64,150405.2311168186
2160,young_0_14,83351.8156473799
2161,old_age_65_plus,14533.8101772761
2161,working_age_15_64,156114.7478788067
2161,young_0_14,88456.8572941234
2162,old_age_65_plus,13134.0123592905
2162,working_age_15_64,140844.2866825305
2162,young_0_14,79074.5067637067
2163,old_age_65_plus,13148.9013170122
2163,working_age_15_64,148627.8896540757
2163,young_0_14,86144.7040735312
2164,old_age_65_plus,13318.6941626171
2164,working_age_15_64,153190.9811606253
2164,young_0_14,84679.7911653638
2165,old_age_65_plus,12539.0109608721
2165,working_age_15_64,130783.4168724175
2165,young_0_14,71171.4842926134
2166,old_age_65_plus,11376.4942338782
2166,working_age_15_64,139731.1915286341
2166,young_0_14,81021.3071633952
2167,old_age_65_plus,14051.5823665666
2167,working_age_15_64,160308.3573914595
2167,young_0_14,89482.6381048604
2168,old_age_65_plus,14926.5922932986
2168,working_age_15_64,164850.4959904410
2168,young_0_14,91442.4745821790
2169,old_age_65_plus,12908.4888128398
2169,working_age_15_64,146685.6079927822
2169,young_0_14,83822.1497696738
2170,old_age_65_plus,13387.8637676639
2170,working_age_15_64,142594.1868681878
2170,young_0_14,76049.7504984841
2171,old_age_65_plus,16988.1759730267
2171,working_age_15_64,169662.8484920303
2171,young_0_14,88013.0605824462
2172,old_age_65_plus,11829.5393319005
2172,working_age_15_64,135847.3532005474
2172,young_0_14,76658.2503344824
2173,old_age_65_plus,16593.3556075228
2173,working_age_15_64,161899.4814246652
2173,young_0_14,82593.5634378066
2174,old_age_65_plus,14124.9271881227
2174,working_age_15_64,165159.4177048396
2174,young_0_14,91424.2856061363
2175,old_age_65_plus,11951.1446402481
2175,working_age_15_64,142676.3258385072
2175,young_0_14,78881.3253715500
2176,old_age_65_plus,11008.0458495342
2176,working_age_15_64,137792.3423177814
2176,young_0_14,78148.2877357890
2177,old_age_65_plus,12939.5527604483
2177,working_age_15_64,138673.2768793959
2177,young_0_14,75518.8163518653
2178,old_age_65_plus,14974.4816533954
2178,working_age_15_64,167001.8997187620
2178,young_0_14,89637.8402270463
2179,old_age_65_plus,11938.8255772966
2179,working_age_15_64,133237.0399160176
2179,young_0_14,73535.9399544151
2180,old_age_65_plus,12380.6700096773
2180,working_age_15_64,142798.2722990963
2180,young_0_14,80201.1810892297
2181,old_age_65_plus,11925.0280569738
2181,working_age_15_64,128102.5952374483
2181,young_0_14,74203.7049479240
2182,old_age_65_plus,16083.9251427809
2182,working_age_15_64,173178.7353877102
2182,young_0_14,93016.8730375007
2183,old_age_65_plus,15999.4037700526
2183,working_age_15_64,179723.6554417970
2183,young_0_14,97096.5239725222
2184,old_age_65_plus,12093.0465435040
2184,working_age_15_64,141488.7194785474
2184,young_0_14,84014.2864316839
2185,old_age_65_plus,12899.1940036046
2185,working_age_15_64,146348.3807664943
2185,young_0_14,85167.2245820723
2186,old_age_65_plus,12236.9345650447
2186,working_age_15_64,141611.8108632216
2186,young_0_14,82208.8084213850
2187,old_age_65_plus,13441.9232572275
2187,working_age_15_64,148949.4721385382
2187,young_0_14,82894.2358763515
2188,old_age_65_plus,14705.0572845183
2188,working_age_15_64,158222.0033617643
2188,young_0_14,88445.8899044510
2189,old_age_65_plus,12914.2492536354
2189,working_age_15_64,148205.0318657715
2189,young_0_14,85586.7310653001
2190,old_age_65_plus,13093.4066325022
2190,working_age_15_64,150998.0656493469
2190,young_0_14,80357.4873298732
2191,old_age_65_plus,9631.6763983884
2191,working_age_15_64,113401.4768595578
2191,young_0_14,68423.3087262008
2192,old_age_65_plus,12482.5932640815
2192,working_age_15_64,141564.9224537589
2192,young_0_14,78937.1990811048
2193,old_age_65_plus,16547.0977601368
2193,working_age_15_64,169594.9006343924
2193,young_0_14,90353.5956528868
2194,old_age_65_plus,14175.7507286572
2194,working_age_15_64,145752.2041199885
2194,young_0_14,78975.7126122394
2195,old_age_65_plus,13362.0189416149
2195,working_age_15_64,150778.5289830661
2195,young_0_14,90238.7366933060
2196,old_age_65_plus,15583.0148339429
2196,working_age_15_64,141819.8037298384
2196,young_0_14,72094.7667176100
2197,old_age_65_plus,14126.0600439565
2197,working_age_15_64,150440.0932989300
2197,young_0_14,85388.8814161341
2198,old_age_65_plus,13726.2536951613
2198,working_age_15_64,136864.2468579285
2198,young_0_14,74615.9256250566
2199,old_age_65_plus,14021.9572945426
2199,working_age_15_64,150338.3263513088
2199,young_0_14,79360.7680684933
2200,old_age_65_plus,14102.6706323726
2200,working_age_15_64,142062.0582069834
2200,young_0_14,79524.2317460836
2201,old_age_65_plus,15714.5739423529
2201,working_age_15_64,165461.1861236889
2201,young_0_14,86817.5584612135
2202,old_age_65_plus,12173.7464867485
2202,working_age_15_64,129233.0038819638
2202,young_0_14,72109.6222651025
2203,old_age_65_plus,12355.2213161450
2203,working_age_15_64,133737.4899361633
2203,young_0_14,74254.4188078998
2204,old_age_65_plus,14438.5772843064
2204,working_age_15_64,142522.3038262489
2204,young_0_14,79214.0946198116
2205,old_age_65_plus,14292.4948215804
2205,working_age_15_64,143857.1472928558
2205,young_0_14,79324.9497957197
2206,old_age_65_plus,20668.0830752961
2206,working_age_15_64,186337.9872582555
2206,young_0_14,86022.5487867104
2207,old_age_65_plus,12148.2665860571
2207,working_age_15_64,140390.4759019416
2207,young_0_14,77806.5109523492
2208,old_age_65_plus,11761.8994371719
2208,working_age_15_64,126755.8526560884
2208,young_0_14,74286.3327508406
2209,old_age_65_plus,11969.2342906334
2209,working_age_15_64,133849.6650131111
2209,young_0_14,79879.6243517212
2210,old_age_65_plus,14958.7657974335
2210,working_age_15_64,145285.4944687427
2210,young_0_14,76734.9675155696
2211,old_age_65_plus,13766.2885888475
2211,working_age_15_64,163023.0127595025
2211,young_0_14,83360.7541041009
2212,old_age_65_plus,14063.6393638996
2212,working_age_15_64,159226.9007602229
2212,young_0_14,87098.1538999646
2213,old_age_65_plus,17561.4171887023
2213,working_age_15_64,183779.4300906401
2213,young_0_14,98606.2963056741
2214,old_age_65_plus,18513.5885697459
2214,working_age_15_64,178570.4651866408
2214,young_0_14,90397.5662828809
2215,old_age_65_plus,18380.6521015344
2215,working_age_15_64,169334.7044358934
2215,young_0_14,82093.3851435569
2216,old_age_65_plus,12865.7136535260
2216,working_age_15_64,138198.1312645940
2216,young_0_14,82248.4289533551
2217,old_age_65_plus,13525.9902155408
2217,working_age_15_64,144952.8721987631
2217,young_0_14,76413.6836304711
2218,old_age_65_plus,15153.5063450340
2218,working_age_15_64,156723.2896892130
2218,young_0_14,79766.5570633178
2219,old_age_65_plus,11788.0750483838
2219,working_age_15_64,128008.0611557594
2219,young_0_14,62895.7679006995
2220,old_age_65_plus,14508.1788362822
2220,working_age_15_64,159714.8028840363
2220,young_0_14,90451.4686564744
2221,old_age_65_plus,12427.3387700125
2221,working_age_15_64,138390.3795263497
2221,young_0_14,78759.6946065214
2222,old_age_65_plus,11761.8297904020
2222,working_age_15_64,140213.9236552708
2222,young_0_14,68250.6595172890
2223,old_age_65_plus,10262.1335261524
2223,working_age_15_64,114602.4969337074
2223,young_0_14,66221.4304277008
2224,old_age_65_plus,11098.9023454242
2224,working_age_15_64,133206.6751616417
2224,young_0_14,72363.6516413561
2225,old_age_65_plus,13655.9657042816
2225,working_age_15_64,155455.3330698992
2225,young_0_14,84780.6049903854
2226,old_age_65_plus,14214.3480275833
2226,working_age_15_64,152513.7147695237
2226,young_0_14,77922.4333404251
2227,old_age_65_plus,9662.9977284838
2227,working_age_15_64,109098.1897717216
2227,young_0_14,62496.3463159112
2228,old_age_65_plus,12172.8826440834
2228,working_age_15_64,133640.9233090381
2228,young_0_14,68912.2880599413
2229,old_age_65_plus,18794.7700443784
2229,working_age_15_64,184566.4308622591
2229,young_0_14,96534.3831977961
2230,old_age_65_plus,11446.6006395795
2230,working_age_15_64,136616.3230043355
2230,young_0_14,70928.3080726774
2231,old_age_65_plus,16527.3567478467
2231,working_age_15_64,188242.6930999067
2231,young_0_14,104882.1092029031
2232,old_age_65_plus,13098.9626091738
2232,working_age_15_64,151886.7057370172
2232,young_0_14,93918.8579776417
2233,old_age_65_plus,30819.0626768620
2233,working_age_15_64,261891.9560974598
2233,young_0_14,117416.1989232518
2234,old_age_65_plus,77612.4057862680
2234,working_age_15_64,579178.0299062058
2234,young_0_14,196473.2239293807
2235,old_age_65_plus,79834.5639687349
2235,working_age_15_64,588918.5679323600
2235,young_0_14,199052.6302705098
2236,old_age_65_plus,97683.3606015635
2236,working_age_15_64,754475.4383922407
2236,young_0_14,258304.0128376382
2237,old_age_65_plus,116267.0500890490
2237,working_age_15_64,897170.9556115035
2237,young_0_14,304380.2643214798
2238,old_age_65_plus,140236.7387602977
2238,working_age_15_64,1079700.6735856158
2238,young_0_14,345701.4198989164
2239,old_age_65_plus,72655.1955576059
2239,working_age_15_64,572761.1088406690
2239,young_0_14,192827.0496888580
2240,old_age_65_plus,65553.6643304380
2240,working_age_15_64,519368.7477240970
2240,young_0_14,175138.7250003135
2241,old_age_65_plus,66610.1222151353
2241,working_age_15_64,540698.7234588963
2241,young_0_14,191809.1985150367
2242,old_age_65_plus,70215.2521067841
2242,working_age_15_64,538965.7742572930
2242,young_0_14,185656.3857546610
2243,old_age_65_plus,77916.4201977767
2243,working_age_15_64,637909.1175026875
2243,young_0_14,223854.2040200190
2244,old_age_65_plus,61581.9130560796
2244,working_age_15_64,515035.2722635928
2244,young_0_14,185909.2145429302
2245,old_age_65_plus,59643.0191423436
2245,working_age_15_64,508510.1817108024
2245,young_0_14,195754.8875254311
2246,old_age_65_plus,57631.4295808007
2246,working_age_15_64,507414.0181238659
2246,young_0_14,184737.6407135415
2247,old_age_65_plus,46927.4590186870
2247,working_age_15_64,384943.7979174549
2247,young_0_14,133859.3490942147
2248,old_age_65_plus,42631.1195798725
2248,working_age_15_64,437081.7764638477
2248,young_0_14,198372.8791731979
2249,old_age_65_plus,37907.1896811185
2249,working_age_15_64,346408.8753836495
2249,young_0_14,128272.9948910519
2250,old_age_65_plus,31704.1998232894
2250,working_age_15_64,274681.5046401494
2250,young_0_14,106050.8175376843
2251,old_age_65_plus,37760.0186338262
2251,working_age_15_64,385791.1399978474
2251,young_0_14,166125.3328937681
2252,old_age_65_plus,45644.6133203733
2252,working_age_15_64,393195.7239071617
2252,young_0_14,142995.5072505800
2253,old_age_65_plus,31024.5546454302
2253,working_age_15_64,294014.4803938179
2253,young_0_14,125358.6477936255
2254,old_age_65_plus,28357.2319376776
2254,working_age_15_64,248324.0140767699
2254,young_0_14,99934.8158677172
2255,old_age_65_plus,38228.4873933376
2255,working_age_15_64,404903.1691226576
2255,young_0_14,182243.8269371671
2256,old_age_65_plus,31868.2805462710
2256,working_age_15_64,307621.3380118522
2256,young_0_14,126587.5409820351
2257,old_age_65_plus,24876.4686136105
2257,working_age_15_64,214419.6060633923
2257,young_0_14,87224.3978643431
2258,old_age_65_plus,33778.8113162647
2258,working_age_15_64,326251.5362236683
2258,young_0_14,135845.2417791821
2259,old_age_65_plus,29816.1210696376
2259,working_age_15_64,278355.4360919514
2259,young_0_14,118706.6213481989
2260,old_age_65_plus,33849.7498100785
2260,working_age_15_64,323641.8075479852
2260,young_0_14,139320.8290218335
2261,old_age_65_plus,28497.9949243095
2261,working_age_15_64,284766.6972730163
2261,young_0_14,123884.8683195201
2262,old_age_65_plus,23819.0595035226
2262,working_age_15_64,255159.6131135706
2262,young_0_14,114898.4166252700
2263,old_age_65_plus,30611.8435872338
2263,working_age_15_64,330771.2320991219
2263,young_0_14,160142.1513095608
2264,old_age_65_plus,24253.0051416869
2264,working_age_15_64,271210.1040908978
2264,young_0_14,145460.9574850433
2265,old_age_65_plus,23257.8478021718
2265,working_age_15_64,240013.0421813504
2265,young_0_14,110754.3649758324
2266,old_age_65_plus,20953.4501031632
2266,working_age_15_64,200278.5718059006
2266,young_0_14,86734.7413405062
2267,old_age_65_plus,19852.6939291419
2267,working_age_15_64,208563.0329780118
2267,young_0_14,97016.7911916616
2268,old_age_65_plus,21528.3255547893
2268,working_age_15_64,224366.9039534834
2268,young_0_14,107450.0065229514
2269,old_age_65_plus,32200.9009224113
2269,working_age_15_64,317961.9535172941
2269,young_0_14,161523.0201681731
2270,old_age_65_plus,26729.2556998648
2270,working_age_15_64,291376.2117727844
2270,young_0_14,149957.3077526331
2271,old_age_65_plus,24673.8964327065
2271,working_age_15_64,280997.8701144553
2271,young_0_14,155883.8427088615
2272,old_age_65_plus,23431.6639884697
2272,working_age_15_64,246711.0520342031
2272,young_0_14,122772.5994000262
2273,old_age_65_plus,24610.6423388254
2273,working_age_15_64,228324.5004220846
2273,young_0_14,100899.4801152346
2274,old_age_65_plus,20240.3145336987
2274,working_age_15_64,209521.1333473317
2274,young_0_14,99629.9379422214
2275,old_age_65_plus,21795.8282053594
2275,working_age_15_64,221313.9159642137
2275,young_0_14,96778.9360146079
2276,old_age_65_plus,17541.6743732868
2276,working_age_15_64,180868.8394918742
2276,young_0_14,86301.1259535775
2277,old_age_65_plus,19778.6965670530
2277,working_age_15_64,188130.0894376088
2277,young_0_14,80744.2420193353
2278,old_age_65_plus,24272.0625310689
2278,working_age_15_64,233667.9747745682
2278,young_0_14,98085.0189473403
2279,old_age_65_plus,15172.2665798277
2279,working_age_15_64,154564.1683495404
2279,young_0_14,75508.5501866846
2280,old_age_65_plus,18935.6335074759
2280,working_age_15_64,178859.6452394245
2280,young_0_14,88008.3141732223
2281,old_age_65_plus,19173.5280674169
2281,working_age_15_64,221493.7164008586
2281,young_0_14,105790.2316761742
2282,old_age_65_plus,17781.8243946849
2282,working_age_15_64,211439.2108456374
2282,young_0_14,119400.7324230776
2283,old_age_65_plus,15899.9807988373
2283,working_age_15_64,166901.1924702696
2283,young_0_14,83399.7674628520
2284,old_age_65_plus,17488.6817765805
2284,working_age_15_64,200749.2992764093
2284,young_0_14,100129.5229777524
2285,old_age_65_plus,23886.0380960740
2285,working_age_15_64,247174.2822092750
2285,young_0_14,106438.3151112040
2286,old_age_65_plus,14193.5143005052
2286,working_age_15_64,141215.6791958597
2286,young_0_14,65720.9020366581
2287,old_age_65_plus,18696.5389514312
2287,working_age_15_64,199930.8201298638
2287,young_0_14,97318.5153772754
2288,old_age_65_plus,16694.5576928784
2288,working_age_15_64,185607.9236602957
2288,young_0_14,93863.3319612254
2289,old_age_65_plus,15210.2687666012
2289,working_age_15_64,168966.0579301230
2289,young_0_14,89011.9362989414
2290,old_age_65_plus,18949.4315204130
2290,working_age_15_64,180038.0077651551
2290,young_0_14,87579.6068438052
2291,old_age_65_plus,17483.7961747187
2291,working_age_15_64,173565.5164777475
2291,young_0_14,83107.5975709079
2292,old_age_65_plus,15651.6872662614
2292,working_age_15_64,163002.6150181116
2292,young_0_14,77440.8919687039
2293,old_age_65_plus,18464.5209227653
2293,working_age_15_64,191410.6157450098
2293,young_0_14,94592.6432354932
2294,old_age_65_plus,17294.3965994416
2294,working_age_15_64,235369.3959616756
2294,young_0_14,125481.8227470773
2295,old_age_65_plus,21792.6305399534
2295,working_age_15_64,227681.1552989253
2295,young_0_14,118801.4464603618
2296,old_age_65_plus,13206.3931470515
2296,working_age_15_64,168278.7982178639
2296,young_0_14,101096.7801216178
2297,old_age_65_plus,16919.0284570679
2297,working_age_15_64,160097.9362781156
2297,young_0_14,74422.1325980086
2298,old_age_65_plus,18069.5129844766
2298,working_age_15_64,177261.3804631582
2298,young_0_14,75267.5630997459
2299,old_age_65_plus,19477.0209338580
2299,working_age_15_64,233944.9420739594
2299,young_0_14,135172.7527664669
2300,old_age_65_plus,16023.6952806487
2300,working_age_15_64,157178.5189434321
2300,young_0_14,72808.5725426310
2301,old_age_65_plus,17469.4216484081
2301,working_age_15_64,191571.4207993654
2301,young_0_14,91113.7792241179
2302,old_age_65_plus,17935.1378557830
2302,working_age_15_64,209865.7598041370
2302,young_0_14,118407.6386906443
2303,old_age_65_plus,17698.8372152835
2303,working_age_15_64,183488.4704364976
2303,young_0_14,84995.5434628552
2304,old_age_65_plus,15525.3087114709
2304,working_age_15_64,171477.8645532626
2304,young_0_14,82448.2339833692
2305,old_age_65_plus,19973.8435429826
2305,working_age_15_64,273768.3400190664
2305,young_0_14,176386.8461005990
2306,old_age_65_plus,21809.8812418604
2306,working_age_15_64,226663.0518396140
2306,young_0_14,126188.3500796709
2307,old_age_65_plus,10926.3791929333
2307,working_age_15_64,133427.4102414992
2307,young_0_14,70653.2460023508
2308,old_age_65_plus,16771.5536448139
2308,working_age_15_64,185570.6203160008
2308,young_0_14,87839.1538903841
2309,old_age_65_plus,13882.0730173916
2309,working_age_15_64,160793.3986984348
2309,young_0_14,77928.9963874577
2310,old_age_65_plus,18164.5525055826
2310,working_age_15_64,186346.0543584945
2310,young_0_14,92100.8898739067
2311,old_age_65_plus,13132.9453759409
2311,working_age_15_64,165531.2139859918
2311,young_0_14,94682.6858687957
2312,old_age_65_plus,21259.1416410036
2312,working_age_15_64,215275.9316598536
2312,young_0_14,100900.9791156912
2313,old_age_65_plus,16565.7937536431
2313,working_age_15_64,173728.6422112473
2313,young_0_14,84824.3788815723
2314,old_age_65_plus,15619.5968138424
2314,working_age_15_64,156825.1470187503
2314,young_0_14,76589.0609878302
2315,old_age_65_plus,15984.2197312645
2315,working_age_15_64,180682.3802926735
2315,young_0_14,86064.4106598364
2316,old_age_65_plus,16529.8842757037
2316,working_age_15_64,164269.9098847956
2316,young_0_14,77504.3823200841
2317,old_age_65_plus,18847.5620280302
2317,working_age_15_64,197090.0005494631
2317,young_0_14,115205.5484798612
2318,old_age_65_plus,11939.5468020051
2318,working_age_15_64,141535.1816336845
2318,young_0_14,76634.1645683768
2319,old_age_65_plus,11343.3663634733
2319,working_age_15_64,124679.1697942303
2319,young_0_14,61757.0368648643
2320,old_age_65_plus,15634.5772413106
2320,working_age_15_64,158814.3447009980
2320,young_0_14,85135.9305059269
2321,old_age_65_plus,12426.2564460693
2321,working_age_15_64,140323.2918463471
2321,young_0_14,72449.3565360789
2322,old_age_65_plus,19455.4522605663
2322,working_age_15_64,207431.7847827211
2322,young_0_14,91880.2120618409
2323,old_age_65_plus,12285.3803500206
2323,working_age_15_64,150477.9561480306
2323,young_0_14,78665.2201548506
2324,old_age_65_plus,15019.9353521856
2324,working_age_15_64,161722.9666862581
2324,young_0_14,87301.1722795567
2325,old_age_65_plus,12680.5265763294
2325,working_age_15_64,143669.5676130720
2325,young_0_14,77102.6804522478
2326,old_age_65_plus,12241.6897241141
2326,working_age_15_64,135242.0292996053
2326,young_0_14,75230.2452518377
2327,old_age_65_plus,10948.1162976227
2327,working_age_15_64,123178.0701424357
2327,young_0_14,68034.2197516568
2328,old_age_65_plus,13568.0073558762
2328,working_age_15_64,148000.6151243863
2328,young_0_14,71647.9732887749
2329,old_age_65_plus,9658.2969009590
2329,working_age_15_64,131858.1239401927
2329,young_0_14,71736.7260168502
2330,old_age_65_plus,14954.7166974563
2330,working_age_15_64,158986.7524493452
2330,young_0_14,87372.0844367191
2331,old_age_65_plus,16091.7538512516
2331,working_age_15_64,176938.5926566112
2331,young_0_14,92916.4281425389
2332,old_age_65_plus,13356.8937699678
2332,working_age_15_64,144261.2112546327
2332,young_0_14,73453.4038652275
2333,old_age_65_plus,15673.7169078889
2333,working_age_15_64,154217.7877427840
2333,young_0_14,72247.3085601842
2334,old_age_65_plus,15819.6882689256
2334,working_age_15_64,164206.5859937022
2334,young_0_14,74953.3617400282
2335,old_age_65_plus,16321.8556297137
2335,working_age_15_64,183886.0574083622
2335,young_0_14,87370.1263077092
2336,old_age_65_plus,16221.9199338608
2336,working_age_15_64,176529.6645314807
2336,young_0_14,84299.2062552028
2337,old_age_65_plus,17638.7400871094
2337,working_age_15_64,190755.7139366755
2337,young_0_14,89122.3742546492
2338,old_age_65_plus,15458.6348187506
2338,working_age_15_64,153493.7390291369
2338,young_0_14,72272.2706394932
2339,old_age_65_plus,10104.3756138819
2339,working_age_15_64,110649.8116896448
2339,young_0_14,61736.1776289064
2340,old_age_65_plus,15182.9818884516
2340,working_age_15_64,172188.0949110552
2340,young_0_14,84989.3590429852
2341,old_age_65_plus,16993.0576801758
2341,working_age_15_64,155422.3784401365
2341,young_0_14,75150.7654830246
2342,old_age_65_plus,12744.1161616594
2342,working_age_15_64,134911.1067431499
2342,young_0_14,68405.6938938388
2343,old_age_65_plus,12337.0698560955
2343,working_age_15_64,138097.6694539106
2343,young_0_14,71072.7234808614
2344,old_age_65_plus,13508.7655453188
2344,working_age_15_64,141000.8757015555
2344,young_0_14,73129.9843489042
2345,old_age_65_plus,14064.8682984601
2345,working_age_15_64,139376.9792062987
2345,young_0_14,67661.3653462709
2346,old_age_65_plus,9601.6975577784
2346,working_age_15_64,103442.3515877355
2346,young_0_14,56276.1842635121
2347,old_age_65_plus,13587.3177365126
2347,working_age_15_64,165073.4210798200
2347,young_0_14,77893.3209614844
2348,old_age_65_plus,13691.3157892779
2348,working_age_15_64,146769.2955548338
2348,young_0_14,75998.2883967005
2349,old_age_65_plus,13749.7064537605
2349,working_age_15_64,166164.5035222332
2349,young_0_14,88861.7568568960
2350,old_age_65_plus,10956.5750666982
2350,working_age_15_64,133058.6672060199
2350,young_0_14,62513.8093663207
2351,old_age_65_plus,10215.7452809354
2351,working_age_15_64,110841.8172531950
2351,young_0_14,57229.4023513016
2352,old_age_65_plus,13542.8353352064
2352,working_age_15_64,151842.4081627128
2352,young_0_14,77678.2692313002
2353,old_age_65_plus,12347.5509194221
2353,working_age_15_64,133410.5971500946
2353,young_0_14,65536.4603768225
2354,old_age_65_plus,12602.8172049188
2354,working_age_15_64,152520.6829844788
2354,young_0_14,72935.6895993919
2355,old_age_65_plus,14112.2663738339
2355,working_age_15_64,141435.6251912590
2355,young_0_14,73455.3385065503
2356,old_age_65_plus,15691.9911185243
2356,working_age_15_64,164305.4369610224
2356,young_0_14,73042.9417078962
2357,old_age_65_plus,12245.1976477929
2357,working_age_15_64,134260.8138066014
2357,young_0_14,66593.2429988040
2358,old_age_65_plus,10939.6456511153
2358,working_age_15_64,110365.7112088533
2358,young_0_14,54784.0978822849
2359,old_age_65_plus,13564.1670246851
2359,working_age_15_64,140030.2793272720
2359,young_0_14,66150.1467525161
2360,old_age_65_plus,12124.7482005497
2360,working_age_15_64,136605.0960606964
2360,young_0_14,66081.7240698339
2361,old_age_65_plus,12872.8897120615
2361,working_age_15_64,163101.4399294263
2361,young_0_14,78326.8526839723
2362,old_age_65_plus,14427.7212857365
2362,working_age_15_64,133966.2085708900
2362,young_0_14,60501.5835616735
2363,old_age_65_plus,10687.9388925022
2363,working_age_15_64,119263.0019523548
2363,young_0_14,67297.0322438145
2364,old_age_65_plus,12947.8620857178
2364,working_age_15_64,121070.0668273120
2364,young_0_14,56558.3372144236
2365,old_age_65_plus,9452.2994382758
2365,working_age_15_64,106130.4133931495
2365,young_0_14,58562.9420097565
2366,old_age_65_plus,13277.8570497414
2366,working_age_15_64,140718.8726588994
2366,young_0_14,67497.6677433926
2367,old_age_65_plus,13752.1663654709
2367,working_age_15_64,151529.5634796768
2367,young_0_14,69419.9972128259
2368,old_age_65_plus,11822.6356394942
2368,working_age_15_64,134817.5621011306
2368,young_0_14,64910.4025198854
2369,old_age_65_plus,12873.1881990359
2369,working_age_15_64,137449.4440169001
2369,young_0_14,69175.0029095160
2370,old_age_65_plus,8018.1049776990
2370,working_age_15_64,91747.6610544853
2370,young_0_14,51889.6254233791
2371,old_age_65_plus,11414.3527390444
2371,working_age_15_64,116488.6295726665
2371,young_0_14,61694.8416683787
2372,old_age_65_plus,13759.3742028761
2372,working_age_15_64,138809.5219763311
2372,young_0_14,66452.8907385380
2373,old_age_65_plus,14105.9835435009
2373,working_age_15_64,135479.7784624639
2373,young_0_14,62137.2070969788
2374,old_age_65_plus,13281.1881683611
2374,working_age_15_64,129697.2095580388
2374,young_0_14,62057.4910925934
2375,old_age_65_plus,12800.4572221149
2375,working_age_15_64,134391.4766548267
2375,young_0_14,67173.8626998699
2376,old_age_65_plus,15126.4305274162
2376,working_age_15_64,141784.9560255855
2376,young_0_14,68229.8741134397
2377,old_age_65_plus,17535.1387896983
2377,working_age_15_64,160054.2612503915
2377,young_0_14,70033.6749054674
2378,old_age_65_plus,14461.8166599548
2378,working_age_15_64,156396.6379898022
2378,young_0_14,77774.4327035961
2379,old_age_65_plus,16574.1242376416
2379,working_age_15_64,144946.4284349342
2379,young_0_14,63880.2359280637
2380,old_age_65_plus,10786.5473706249
2380,working_age_15_64,108835.7108830470
2380,young_0_14,54388.6778823047
2381,old_age_65_plus,10432.1994630014
2381,working_age_15_64,116016.4233436236
2381,young_0_14,56695.8968045648
2382,old_age_65_plus,9746.4737915887
2382,working_age_15_64,116605.2821744113
2382,young_0_14,58973.4329179572
2383,old_age_65_plus,14476.5994327416
2383,working_age_15_64,160283.7036539555
2383,young_0_14,71862.5772418854
2384,old_age_65_plus,16638.2546581132
2384,working_age_15_64,178117.3724242939
2384,young_0_14,74211.7375629949
2385,old_age_65_plus,11472.9534808150
2385,working_age_15_64,114641.2519312578
2385,young_0_14,55413.7646493351
2386,old_age_65_plus,11616.3377608004
2386,working_age_15_64,125087.2417794999
2386,young_0_14,60857.7171366378
2387,old_age_65_plus,12119.9196713855
2387,working_age_15_64,123018.2842196280
2387,young_0_14,60247.7704803756
2388,old_age_65_plus,14621.8553274037
2388,working_age_15_64,149837.9299811369
2388,young_0_14,69726.4165389380
2389,old_age_65_plus,11754.8531131284
2389,working_age_15_64,120986.2849830337
2389,young_0_14,58612.8893155665
2390,old_age_65_plus,11335.5125939700
2390,working_age_15_64,116837.7377580994
2390,young_0_14,61194.6603211587
2391,old_age_65_plus,12901.7589294535
2391,working_age_15_64,131095.6457060523
2391,young_0_14,60393.0558810832
2392,old_age_65_plus,11170.5433233568
2392,working_age_15_64,114012.9892069083
2392,young_0_14,57228.5551490926
2393,old_age_65_plus,8253.5841526187
2393,working_age_15_64,91173.0288544084
2393,young_0_14,52297.1339429007
2394,old_age_65_plus,10243.8290566951
2394,working_age_15_64,107616.5926819150
2394,young_0_14,58284.4823277398
2395,old_age_65_plus,11667.6157083629
2395,working_age_15_64,123213.5054804857
2395,young_0_14,64962.7272472116
2396,old_age_65_plus,14606.9051051681
2396,working_age_15_64,140229.0035378400
2396,young_0_14,74081.6881504016
2397,old_age_65_plus,12599.7192031178
2397,working_age_15_64,134168.8265413553
2397,young_0_14,63688.7665864919
2398,old_age_65_plus,12298.3294977054
2398,working_age_15_64,126979.1699255610
2398,young_0_14,63740.9030385173
2399,old_age_65_plus,15513.1120356251
2399,working_age_15_64,154741.0659144229
2399,young_0_14,63332.1187954308
2400,old_age_65_plus,11225.9845698591
2400,working_age_15_64,109792.2297218232
2400,young_0_14,55808.1625320578
2401,old_age_65_plus,10717.7238050597
2401,working_age_15_64,120319.2290797986
2401,young_0_14,63289.1145233974
2402,old_age_65_plus,12231.1604254476
2402,working_age_15_64,143383.0969454283
2402,young_0_14,66073.0550277165
2403,old_age_65_plus,11885.3501889276
2403,working_age_15_64,124450.4348757654
2403,young_0_14,61575.6088838803
2404,old_age_65_plus,11516.4049198594
2404,working_age_15_64,108313.8983218677
2404,young_0_14,54438.1752637110
2405,old_age_65_plus,8627.4415830724
2405,working_age_15_64,101316.7469309962
2405,young_0_14,54405.6649305154
2406,old_age_65_plus,12496.7904327713
2406,working_age_15_64,126734.9210136901
2406,young_0_14,62969.6112835060
2407,old_age_65_plus,14157.0418456477
2407,working_age_15_64,137743.6783806083
2407,young_0_14,62303.5553769996
2408,old_age_65_plus,9716.1157552612
2408,working_age_15_64,101505.5256524729
2408,young_0_14,53028.5484875910
2409,old_age_65_plus,10114.5384464931
2409,working_age_15_64,111663.0127350713
2409,young_0_14,60169.4714410140
2410,old_age_65_plus,11748.9541425577
2410,working_age_15_64,120043.5945501475
2410,young_0_14,56350.1023139009
2411,old_age_65_plus,8807.6011896967
2411,working_age_15_64,94517.7495175241
2411,young_0_14,52074.4009158836
2412,old_age_65_plus,11928.9001835838
2412,working_age_15_64,132875.8229895810
2412,young_0_14,58476.6909063260
2413,old_age_65_plus,11225.6086143113
2413,working_age_15_64,111688.7690241285
2413,young_0_14,52809.6367131206
2414,old_age_65_plus,10472.1101786973
2414,working_age_15_64,109583.8644150114
2414,young_0_14,58213.3836134501
2415,old_age_65_plus,12257.0377631551
2415,working_age_15_64,118142.1758524021
2415,young_0_14,58732.6635986563
2416,old_age_65_plus,9698.2249040561
2416,working_age_15_64,101915.8334961821
2416,young_0_14,49413.0040057022
2417,old_age_65_plus,8845.9449879022
2417,working_age_15_64,116326.7193112006
2417,young_0_14,64357.7398816548
2418,old_age_65_plus,8881.8665143862
2418,working_age_15_64,99432.9933303876
2418,young_0_14,49252.7540160792
2419,old_age_65_plus,11442.5204657115
2419,working_age_15_64,157079.7309511586
2419,young_0_14,85860.2937900692
2420,old_age_65_plus,12954.2951645682
2420,working_age_15_64,154001.0291190403
2420,young_0_14,71418.9527951434
2421,old_age_65_plus,8562.0680651308
2421,working_age_15_64,89457.6256564601
2421,young_0_14,47182.2061710539
2422,old_age_65_plus,11076.7937648369
2422,working_age_15_64,118620.5353910270
2422,young_0_14,59920.6860638342
2423,old_age_65_plus,8455.3470532226
2423,working_age_15_64,99324.7981875719
2423,young_0_14,56525.4630657460
2424,old_age_65_plus,9979.3541286790
2424,working_age_15_64,132295.8431317312
2424,young_0_14,78807.4277625554
2425,old_age_65_plus,9698.3260480520
2425,working_age_15_64,123625.3624139805
2425,young_0_14,63921.3180948093
2426,old_age_65_plus,9057.4842414209
2426,working_age_15_64,93899.0520360148
2426,young_0_14,49860.7613308327
2427,old_age_65_plus,9119.1416367909
2427,working_age_15_64,105934.9155884631
2427,young_0_14,59467.7385869804
2428,old_age_65_plus,12525.9323161390
2428,working_age_15_64,137493.6490886759
2428,young_0_14,66086.8329794666
2429,old_age_65_plus,10460.7304054545
2429,working_age_15_64,112729.0941845858
2429,young_0_14,54241.3911051359
2430,old_age_65_plus,9028.9673486609
2430,working_age_15_64,97366.0387778518
2430,young_0_14,51194.1018585051
2431,old_age_65_plus,9002.0576799860
2431,working_age_15_64,107078.5585354319
2431,young_0_14,61849.3716884874
2432,old_age_65_plus,9867.9096857673
2432,working_age_15_64,125387.1808555577
2432,young_0_14,69349.0975967303
2433,old_age_65_plus,11783.9191709589
2433,working_age_15_64,120006.5966194106
2433,young_0_14,60654.1908239605
2434,old_age_65_plus,9440.4781038147
2434,working_age_15_64,103847.9979122465
2434,young_0_14,59145.7610505656
2435,old_age_65_plus,11927.1417679275
2435,working_age_15_64,145309.2084882850
2435,young_0_14,70211.7570096159
2436,old_age_65_plus,8189.5840019030
2436,working_age_15_64,89065.3367800182
2436,young_0_14,52315.2304639380
2437,old_age_65_plus,8568.7659966918
2437,working_age_15_64,96152.1603722610
2437,young_0_14,54273.1625953606
2438,old_age_65_plus,10186.8342822015
2438,working_age_15_64,102907.4845884924
2438,young_0_14,50115.5795838311
2439,old_age_65_plus,6993.9331947767
2439,working_age_15_64,92381.1583303455
2439,young_0_14,52166.1850620176
2440,old_age_65_plus,9653.5015676747
2440,working_age_15_64,101275.5934865048
2440,young_0_14,52674.7049153913
2441,old_age_65_plus,10639.5908480876
2441,working_age_15_64,113429.9949378781
2441,young_0_14,57914.4176805278
2442,old_age_65_plus,7829.4023889701
2442,working_age_15_64,82023.6226455991
2442,young_0_14,45680.0688305450
2443,old_age_65_plus,9183.1097163636
2443,working_age_15_64,99632.3230247676
2443,young_0_14,49193.2418039835
2444,old_age_65_plus,8568.7294217377
2444,working_age_15_64,95353.4278184666
2444,young_0_14,52808.0344792456
2445,old_age_65_plus,9958.1753313384
2445,working_age_15_64,103308.1261661453
2445,young_0_14,52481.7919624098
2446,old_age_65_plus,14774.0950257720
2446,working_age_15_64,144442.9375914161
2446,young_0_14,69283.8418549710
2447,old_age_65_plus,9258.2226945425
2447,working_age_15_64,109930.9700711421
2447,young_0_14,63098.2710944681
2448,old_age_65_plus,8226.2873900909
2448,working_age_15_64,91879.4744370948
2448,young_0_14,52040.7685803021
2449,old_age_65_plus,9952.2465902075
2449,working_age_15_64,114355.3674930100
2449,young_0_14,59923.2915033516
2450,old_age_65_plus,10966.8314801330
2450,working_age_15_64,110738.4032346517
2450,young_0_14,55826.5622663962
2451,old_age_65_plus,7714.5816200019
2451,working_age_15_64,86197.7621360503
2451,young_0_14,48858.7713319983
2452,old_age_65_plus,8255.3792763427
2452,working_age_15_64,110932.8323405701
2452,young_0_14,72059.2540452310
2453,old_age_65_plus,10608.0232128238
2453,working_age_15_64,112968.3236002473
2453,young_0_14,57323.7520691521
2454,old_age_65_plus,9689.7544589894
2454,working_age_15_64,108134.5323521038
2454,young_0_14,54040.9339182096
2455,old_age_65_plus,8949.0633413587
2455,working_age_15_64,100639.2980171621
2455,young_0_14,50570.1094996216
2456,old_age_65_plus,9427.2360250398
2456,working_age_15_64,105832.8584766196
2456,young_0_14,61353.8808195987
2457,old_age_65_plus,11882.4118848444
2457,working_age_15_64,119001.3954150299
2457,young_0_14,59049.2214795722
2458,old_age_65_plus,8502.5848700990
2458,working_age_15_64,97671.7910615442
2458,young_0_14,53902.9798400222
2459,old_age_65_plus,9175.8482377670
2459,working_age_15_64,117938.6961662107
2459,young_0_14,61015.1553405340
2460,old_age_65_plus,8204.0535458261
2460,working_age_15_64,93402.2624292348
2460,young_0_14,54797.6305360390
2461,old_age_65_plus,6980.9373067700
2461,working_age_15_64,84543.9457048510
2461,young_0_14,48336.5212560830
2462,old_age_65_plus,11567.8473206441
2462,working_age_15_64,113338.1440177124
2462,young_0_14,52317.5988385985
2463,old_age_65_plus,7415.0070471719
2463,working_age_15_64,91250.5483296401
2463,young_0_14,49830.8046009938
2464,old_age_65_plus,9644.2017993555
2464,working_age_15_64,109152.5417522605
2464,young_0_14,53556.7195136027
2465,old_age_65_plus,11177.8198898834
2465,working_age_15_64,115336.4629781271
2465,young_0_14,58004.5766593956
2466,old_age_65_plus,8102.0780048348
2466,working_age_15_64,88609.7904817746
2466,young_0_14,48079.2462741797
2467,old_age_65_plus,6769.4485574006
2467,working_age_15_64,77951.4516562769
2467,young_0_14,46649.9212474612
2468,old_age_65_plus,10453.7326186935
2468,working_age_15_64,112659.0742945280
2468,young_0_14,58449.6073895745
2469,old_age_65_plus,10068.6348097602
2469,working_age_15_64,112875.1781622145
2469,young_0_14,58011.0171160137
2470,old_age_65_plus,7116.3107422675
2470,working_age_15_64,79794.6204043743
2470,young_0_14,46327.9527071040
2471,old_age_65_plus,9161.7926928583
2471,working_age_15_64,103895.6320617740
2471,young_0_14,57866.8414979710
2472,old_age_65_plus,7297.9572569894
2472,working_age_15_64,78429.4507602955
2472,young_0_14,44818.9909101802
2473,old_age_65_plus,12485.4475555776
2473,working_age_15_64,160409.8135387464
2473,young_0_14,71652.7206092434
2474,old_age_65_plus,8274.0438927450
2474,working_age_15_64,96130.7441709857
2474,young_0_14,54153.5251240806
2475,old_age_65_plus,7694.7465981562
2475,working_age_15_64,92858.6580243701
2475,young_0_14,51900.2779819429
2476,old_age_65_plus,8893.5401622952
2476,working_age_15_64,95763.9682254704
2476,young_0_14,52295.8051566987
2477,old_age_65_plus,8769.9071380847
2477,working_age_15_64,95968.6199153428
2477,young_0_14,51534.0040894612
2478,old_age_65_plus,7662.1792463312
2478,working_age_15_64,83733.3478892868
2478,young_0_14,48976.8245158943
2479,old_age_65_plus,10342.3525980586
2479,working_age_15_64,101169.4638965267
2479,young_0_14,56895.9876160322
2480,old_age_65_plus,7521.2658708329
2480,working_age_15_64,83850.1758897152
2480,young_0_14,45057.2949226377
2481,old_age_65_plus,8521.3764933570
2481,working_age_15_64,92995.4347169798
2481,young_0_14,49825.6716965783
2482,old_age_65_plus,11145.5155919282
2482,working_age_15_64,109591.2367242328
2482,young_0_14,53925.6166197645
2483,old_age_65_plus,7881.5207360499
2483,working_age_15_64,85954.8296308229
2483,young_0_14,46765.0174000570
2484,old_age_65_plus,9993.5601646296
2484,working_age_15_64,100487.2090671807
2484,young_0_14,48845.9794048411
2485,old_age_65_plus,10281.5929051137
2485,working_age_15_64,98186.4309122851
2485,young_0_14,51754.1058078747
2486,old_age_65_plus,7312.3291495379
2486,working_age_15_64,84268.2216183179
2486,young_0_14,47394.3846243536
2487,old_age_65_plus,9957.4510043575
2487,working_age_15_64,108968.8681042440
2487,young_0_14,58974.3169337256
2488,old_age_65_plus,13894.1562891471
2488,working_age_15_64,121125.0202469893
2488,young_0_14,55169.9341474074
2489,old_age_65_plus,6685.0543601860
2489,working_age_15_64,78769.8306574139
2489,young_0_14,45030.6692836787
2490,old_age_65_plus,9178.1604839459
2490,working_age_15_64,94440.8295848727
2490,young_0_14,44930.8255737594
2491,old_age_65_plus,10835.7023307811
2491,working_age_15_64,104235.7537443403
2491,young_0_14,50977.0919739093
2492,old_age_65_plus,11317.9672122738
2492,working_age_15_64,115386.7706025779
2492,young_0_14,57597.6975713943
2493,old_age_65_plus,9159.3938743084
2493,working_age_15_64,95776.2160718580
2493,young_0_14,48741.4283699399
2494,old_age_65_plus,8566.5422890095
2494,working_age_15_64,94172.1165666990
2494,young_0_14,48234.9003101281
2495,old_age_65_plus,7174.1000250006
2495,working_age_15_64,88775.8130308359
2495,young_0_14,43462.8446913239
2496,old_age_65_plus,9041.0690891079
2496,working_age_15_64,98046.2200226370
2496,young_0_14,48779.8580798735
2497,old_age_65_plus,8951.8857843596
2497,working_age_15_64,94226.8369655617
2497,young_0_14,49483.2276626901
2498,old_age_65_plus,8516.6017551589
2498,working_age_15_64,91714.5384809002
2498,young_0_14,51598.6223628003
2499,old_age_65_plus,5968.7873164487
2499,working_age_15_64,73489.6002781883
2499,young_0_14,42789.3198861419
2500,old_age_65_plus,7141.2371927222
2500,working_age_15_64,76544.6861268630
2500,young_0_14,44662.5799358304
2501,old_age_65_plus,9685.1520145186
2501,working_age_15_64,92673.9044333732
2501,young_0_14,47595.0225262158
2502,old_age_65_plus,9001.9132867876
2502,working_age_15_64,96193.4410166935
2502,young_0_14,46291.1759301200
2503,old_age_65_plus,9233.6601602052
2503,working_age_15_64,94976.5567227934
2503,young_0_14,45652.0767845872
2504,old_age_65_plus,9970.7148706762
2504,working_age_15_64,94164.3315410954
2504,young_0_14,47882.3721587864
2505,old_age_65_plus,10239.4991458561
2505,working_age_15_64,107770.8937218842
2505,young_0_14,57469.2636184622
2506,old_age_65_plus,11084.8165917833
2506,working_age_15_64,104184.2781261678
2506,young_0_14,50280.7801656543
2507,old_age_65_plus,6971.2365049180
2507,working_age_15_64,75463.4926256310
2507,young_0_14,42622.5383319248
2508,old_age_65_plus,8453.5979644401
2508,working_age_15_64,91215.1664757984
2508,young_0_14,45657.0045069771
2509,old_age_65_plus,7577.7176745364
2509,working_age_15_64,92686.6705352169
2509,young_0_14,52387.6534501197
2510,old_age_65_plus,6259.5499620203
2510,working_age_15_64,66827.9948659451
2510,young_0_14,37546.9932847696
2511,old_age_65_plus,8577.9019518481
2511,working_age_15_64,94470.8162790254
2511,young_0_14,50493.5736300361
2512,old_age_65_plus,7193.2733991743
2512,working_age_15_64,72402.1810700793
2512,young_0_14,37950.8317898567
2513,old_age_65_plus,7533.8152149182
2513,working_age_15_64,76164.1280331313
2513,young_0_14,40453.9687917531
2514,old_age_65_plus,7700.8048258128
2514,working_age_15_64,91949.8251373340
2514,young_0_14,47627.7245564091
2515,old_age_65_plus,6881.7386116097
2515,working_age_15_64,78755.3423331218
2515,young_0_14,40804.1363393750
2516,old_age_65_plus,10695.8849891059
2516,working_age_15_64,95673.1575199075
2516,young_0_14,46493.9610587387
2517,old_age_65_plus,7418.7832309942
2517,working_age_15_64,76730.1391369247
2517,young_0_14,42102.1803056983
2518,old_age_65_plus,7561.8507924566
2518,working_age_15_64,83206.0893684973
2518,young_0_14,44266.8128117777
2519,old_age_65_plus,6475.7215419700
2519,working_age_15_64,77030.7653461430
2519,young_0_14,46168.2287856144
2520,old_age_65_plus,13403.2552016073
2520,working_age_15_64,132443.4350242297
2520,young_0_14,59015.9941774516
2521,old_age_65_plus,6631.2456973711
2521,working_age_15_64,79781.5165938306
2521,young_0_14,42991.9384302766
2522,old_age_65_plus,6210.2750433073
2522,working_age_15_64,73143.6130512631
2522,young_0_14,43540.5730898592
2523,old_age_65_plus,8453.2711798938
2523,working_age_15_64,84253.3104998714
2523,young_0_14,46858.2712151924
2524,old_age_65_plus,8001.1630827460
2524,working_age_15_64,81241.6292705155
2524,young_0_14,42263.8235737255
2525,old_age_65_plus,6488.9398891241
2525,working_age_15_64,69301.7623692096
2525,young_0_14,39415.4357815398
2526,old_age_65_plus,6444.8501464316
2526,working_age_15_64,79119.8919520762
2526,young_0_14,42109.9600258546
2527,old_age_65_plus,7343.5029708793
2527,working_age_15_64,72837.3638756185
2527,young_0_14,40502.1945129550
2528,old_age_65_plus,9305.6910586375
2528,working_age_15_64,89334.4524990513
2528,young_0_14,46895.7907856538
2529,old_age_65_plus,11627.4093559068
2529,working_age_15_64,104362.2796799143
2529,young_0_14,49676.7281559224
2530,old_age_65_plus,8300.8297884328
2530,working_age_15_64,92408.4160392785
2530,young_0_14,49348.5189800679
2531,old_age_65_plus,8179.2776178391
2531,working_age_15_64,83351.7352212287
2531,young_0_14,45671.2898800697
2532,old_age_65_plus,10051.6503456264
2532,working_age_15_64,97935.4636685667
2532,young_0_14,48766.8987756222
2533,old_age_65_plus,9363.8199049929
2533,working_age_15_64,85531.3334323482
2533,young_0_14,42369.0426342043
2534,old_age_65_plus,5430.9341863518
2534,working_age_15_64,63557.6897408062
2534,young_0_14,39291.8231291481
2535,old_age_65_plus,8594.2601334288
2535,working_age_15_64,84773.0594898420
2535,young_0_14,44532.7251995948
2536,old_age_65_plus,5967.9242386581
2536,working_age_15_64,65462.5084220556
2536,young_0_14,38694.0151202446
2537,old_age_65_plus,9552.3834167502
2537,working_age_15_64,95064.3329613823
2537,young_0_14,47513.8025448751
2538,old_age_65_plus,7942.2917977312
2538,working_age_15_64,84319.1443364918
2538,young_0_14,44129.5438836231
2539,old_age_65_plus,6402.0306802730
2539,working_age_15_64,67337.0924955085
2539,young_0_14,38415.5234850457
2540,old_age_65_plus,9883.5294493947
2540,working_age_15_64,104058.5270318516
2540,young_0_14,53617.9965106572
2541,old_age_65_plus,20700.0407371206
2541,working_age_15_64,183750.3243413672
2541,young_0_14,64044.2280025992
2542,old_age_65_plus,29875.0549980958
2542,working_age_15_64,253939.8290113973
2542,young_0_14,85428.0672661711
2543,old_age_65_plus,41079.4728261452
2543,working_age_15_64,346205.4385345923
2543,young_0_14,98565.6799574361
2544,old_age_65_plus,51182.8077575151
2544,working_age_15_64,411328.0348748392
2544,young_0_14,121114.4135785065
2545,old_age_65_plus,38710.7698725350
2545,working_age_15_64,315830.7912587345
2545,young_0_14,102177.8002411375
2546,old_age_65_plus,56712.6173522200
2546,working_age_15_64,449161.2542918450
2546,young_0_14,130403.6700966357
2547,old_age_65_plus,42045.4639743083
2547,working_age_15_64,353509.1078600739
2547,young_0_14,109124.2146815901
2548,old_age_65_plus,41366.9696128973
2548,working_age_15_64,331492.6537837663
2548,young_0_14,104846.6295580260
2549,old_age_65_plus,40141.4464000204
2549,working_age_15_64,329278.0521126903
2549,young_0_14,101931.1981432919
2550,old_age_65_plus,42010.9998632626
2550,working_age_15_64,333377.7281002632
2550,young_0_14,102334.2536523917
2551,old_age_65_plus,32806.5897347394
2551,working_age_15_64,269212.6658881384
2551,young_0_14,88572.4682846006
2552,old_age_65_plus,39868.9050542421
2552,working_age_15_64,322923.5603419371
2552,young_0_14,102250.4195290208
2553,old_age_65_plus,56221.7203334696
2553,working_age_15_64,449997.4409298421
2553,young_0_14,123587.0219386118
2554,old_age_65_plus,43517.7159886101
2554,working_age_15_64,369071.7489045148
2554,young_0_14,116721.8183292802
2555,old_age_65_plus,41487.3211674779
2555,working_age_15_64,350719.3707914052
2555,young_0_14,106476.2528942472
2556,old_age_65_plus,49097.5600987543
2556,working_age_15_64,399737.2807129763
2556,young_0_14,123811.3381348772
2557,old_age_65_plus,62233.6803775867
2557,working_age_15_64,498548.3038926924
2557,young_0_14,142349.9952738041
2558,old_age_65_plus,43743.9983941826
2558,working_age_15_64,363591.8886387312
2558,young_0_14,110783.4509936677
2559,old_age_65_plus,19596.8903355638
2559,working_age_15_64,187505.8300677545
2559,young_0_14,67813.4276531053
2560,old_age_65_plus,26218.4414230128
2560,working_age_15_64,225364.8904412348
2560,young_0_14,79799.9619105499
2561,old_age_65_plus,33892.5655723171
2561,working_age_15_64,281391.9765650999
2561,young_0_14,93074.8585961331
2562,old_age_65_plus,13372.1164454758
2562,working_age_15_64,139136.8553778724
2562,young_0_14,63555.9675566651
2563,old_age_65_plus,31692.8259949579
2563,working_age_15_64,273249.7575644195
2563,young_0_14,91113.1102836814
2564,old_age_65_plus,23620.1370433280
2564,working_age_15_64,206595.5386820536
2564,young_0_14,75760.6675175323
2565,old_age_65_plus,15307.1099264831
2565,working_age_15_64,142203.3869693446
2565,young_0_14,61199.9243565685
2566,old_age_65_plus,15965.5493693809
2566,working_age_15_64,140300.8470693908
2566,young_0_14,57376.9290515216
2567,old_age_65_plus,25986.1681984691
2567,working_age_15_64,222244.6436392891
2567,young_0_14,79877.4863347859
2568,old_age_65_plus,17140.9366514673
2568,working_age_15_64,152230.5964835882
2568,young_0_14,63188.1698626904
2569,old_age_65_plus,10750.8305035650
2569,working_age_15_64,106425.7373783503
2569,young_0_14,53894.1264882802
2570,old_age_65_plus,10244.7474001787
2570,working_age_15_64,98923.9458976125
2570,young_0_14,48910.9440407492
2571,old_age_65_plus,12063.6261662696
2571,working_age_15_64,116874.1068249602
2571,young_0_14,51549.2582687855
2572,old_age_65_plus,8945.7842210233
2572,working_age_15_64,91067.5997902229
2572,young_0_14,45047.6786546601
2573,old_age_65_plus,16887.3924055448
2573,working_age_15_64,154846.9163920978
2573,young_0_14,61502.5903032654
2574,old_age_65_plus,15641.6713166171
2574,working_age_15_64,135476.1827752372
2574,young_0_14,51103.8166786495
2575,old_age_65_plus,14992.3508848620
2575,working_age_15_64,146638.8641972246
2575,young_0_14,65023.4456909486
2576,old_age_65_plus,11085.7859095085
2576,working_age_15_64,111177.0257912556
2576,young_0_14,51396.8265954955
2577,old_age_65_plus,12872.0927001857
2577,working_age_15_64,129418.9684603032
2577,young_0_14,58974.6088635656
2578,old_age_65_plus,16320.8362823814
2578,working_age_15_64,159453.3244664757
2578,young_0_14,66038.2144410003
2579,old_age_65_plus,11192.8801516940
2579,working_age_15_64,128293.9965151503
2579,young_0_14,59079.5023966399
2580,old_age_65_plus,15439.1033454331
2580,working_age_15_64,153721.4416035852
2580,young_0_14,66832.1835675385
2581,old_age_65_plus,9838.9050832014
2581,working_age_15_64,108598.2236432798
2581,young_0_14,53648.6486654183
2582,old_age_65_plus,12578.6078645116
2582,working_age_15_64,122827.7311038744
2582,young_0_14,56928.1059587170
2583,old_age_65_plus,22472.5273862904
2583,working_age_15_64,200487.2105011368
2583,young_0_14,75008.4705928739
2584,old_age_65_plus,15438.7659290056
2584,working_age_15_64,141002.7236961398
2584,young_0_14,58224.1822793841
2585,old_age_65_plus,10618.2248324677
2585,working_age_15_64,107851.9437180627
2585,young_0_14,49934.0098267958
2586,old_age_65_plus,13162.5320980615
2586,working_age_15_64,135119.5094315488
2586,young_0_14,60796.8162753198
2587,old_age_65_plus,12083.9123717472
2587,working_age_15_64,115166.5465123912
2587,young_0_14,51783.4886651902
2588,old_age_65_plus,10496.5474097611
2588,working_age_15_64,113690.0549435587
2588,young_0_14,61293.0492897867
2589,old_age_65_plus,16311.7445542104
2589,working_age_15_64,149779.0872928905
2589,young_0_14,59122.2973452887
2590,old_age_65_plus,10480.0305197888
2590,working_age_15_64,106956.2321996425
2590,young_0_14,47800.7124264219
2591,old_age_65_plus,11859.5730463692
2591,working_age_15_64,107824.5643440412
2591,young_0_14,51124.9783696373
2592,old_age_65_plus,10790.5854332015
2592,working_age_15_64,102762.2633115872
2592,young_0_14,48107.5270341606
2593,old_age_65_plus,13937.1957666435
2593,working_age_15_64,135635.1743077149
2593,young_0_14,64400.6178276895
2594,old_age_65_plus,9203.4833293430
2594,working_age_15_64,100603.2326735698
2594,young_0_14,47849.6144589731
2595,old_age_65_plus,14344.2007484044
2595,working_age_15_64,130200.8888830694
2595,young_0_14,55357.6523359750
2596,old_age_65_plus,13020.9091436430
2596,working_age_15_64,130001.1981584882
2596,young_0_14,56001.7804593420
2597,old_age_65_plus,11017.0057156569
2597,working_age_15_64,109956.7184812004
2597,young_0_14,49929.1714078637
2598,old_age_65_plus,8420.0264405415
2598,working_age_15_64,89124.9627474581
2598,young_0_14,45856.2103540123
2599,old_age_65_plus,10338.4553039827
2599,working_age_15_64,99334.5567595348
2599,young_0_14,45621.6726751231
2600,old_age_65_plus,9151.4110577373
2600,working_age_15_64,94665.4319699040
2600,young_0_14,47500.7105297054
2601,old_age_65_plus,12543.2564363334
2601,working_age_15_64,129372.3111821017
2601,young_0_14,59006.0227081530
2602,old_age_65_plus,7092.1038545725
2602,working_age_15_64,79343.3656024492
2602,young_0_14,44265.2070905848
2603,old_age_65_plus,9362.1550837217
2603,working_age_15_64,88199.6732998577
2603,young_0_14,43131.0496793117
2604,old_age_65_plus,10455.9721202346
2604,working_age_15_64,108392.7054843428
2604,young_0_14,49845.3077652363
2605,old_age_65_plus,10534.0688145566
2605,working_age_15_64,108681.3319638854
2605,young_0_14,51007.0407300237
2606,old_age_65_plus,8743.5864699694
2606,working_age_15_64,98528.8898081246
2606,young_0_14,50260.9384413983
2607,old_age_65_plus,9455.4431279043
2607,working_age_15_64,99116.9230102024
2607,young_0_14,52587.0553114331
2608,old_age_65_plus,12116.8808566988
2608,working_age_15_64,112193.5525006310
2608,young_0_14,48677.7411519988
2609,old_age_65_plus,10560.8029555209
2609,working_age_15_64,104244.0523681678
2609,young_0_14,43417.0505545898
2610,old_age_65_plus,11194.4329186076
2610,working_age_15_64,121159.5291859452
2610,young_0_14,57615.3445960688
2611,old_age_65_plus,11167.4530974076
2611,working_age_15_64,116256.1495982077
2611,young_0_14,52582.6638381748
2612,old_age_65_plus,7361.5389341416
2612,working_age_15_64,88517.5635302810
2612,young_0_14,46075.3458376323
2613,old_age_65_plus,9475.1260036004
2613,working_age_15_64,97688.1327879544
2613,young_0_14,48223.5442032146
2614,old_age_65_plus,17047.2695121806
2614,working_age_15_64,149511.6795372093
2614,young_0_14,61465.0460777938
2615,old_age_65_plus,5845.3525944744
2615,working_age_15_64,65406.5520041994
2615,young_0_14,36072.7350518104
2616,old_age_65_plus,8264.8892215041
2616,working_age_15_64,90284.0216492586
2616,young_0_14,43831.6084068333
2617,old_age_65_plus,9144.0158046701
2617,working_age_15_64,91185.9264582371
2617,young_0_14,47011.3758466856
2618,old_age_65_plus,8501.3536039338
2618,working_age_15_64,81985.1785322645
2618,young_0_14,40788.9379251030
2619,old_age_65_plus,11805.3271286511
2619,working_age_15_64,113092.0088520902
2619,young_0_14,49437.3073472534
2620,old_age_65_plus,10877.0528219846
2620,working_age_15_64,110508.6781909971
2620,young_0_14,50366.4140933342
2621,old_age_65_plus,11102.6849038468
2621,working_age_15_64,111735.1640564000
2621,young_0_14,50552.4353850254
2622,old_age_65_plus,9499.1314834036
2622,working_age_15_64,92335.7054602272
2622,young_0_14,43739.8375992724
2623,old_age_65_plus,7003.7891871692
2623,working_age_15_64,70533.5899265367
2623,young_0_14,38247.0458666106
2624,old_age_65_plus,15245.8143777547
2624,working_age_15_64,150560.9611446121
2624,young_0_14,64660.2739331697
2625,old_age_65_plus,8744.1299981728
2625,working_age_15_64,89449.8000282543
2625,young_0_14,38904.7980251711
2626,old_age_65_plus,5793.6669827180
2626,working_age_15_64,61533.0019811032
2626,young_0_14,35953.5513940750
2627,old_age_65_plus,8968.0964690586
2627,working_age_15_64,100709.3375410726
2627,young_0_14,51091.5217797038
2628,old_age_65_plus,7355.7445407788
2628,working_age_15_64,74849.8230497348
2628,young_0_14,39498.3996245199
2629,old_age_65_plus,6970.1990559481
2629,working_age_15_64,96734.4762277835
2629,young_0_14,53833.2381245901
2630,old_age_65_plus,7245.9105805585
2630,working_age_15_64,70785.5503389528
2630,young_0_14,38497.5345304162
2631,old_age_65_plus,6588.9765336917
2631,working_age_15_64,70598.7544584655
2631,young_0_14,38081.0465248562
2632,old_age_65_plus,7519.7581348638
2632,working_age_15_64,79439.4580813209
2632,young_0_14,42812.1474821199
2633,old_age_65_plus,7594.2611570858
2633,working_age_15_64,76534.1780438168
2633,young_0_14,38519.8945911778
2634,old_age_65_plus,7894.4762806759
2634,working_age_15_64,78359.7487476726
2634,young_0_14,40526.2427633824
2635,old_age_65_plus,7772.4286925653
2635,working_age_15_64,83659.3685764729
2635,young_0_14,43297.4746004435
2636,old_age_65_plus,8442.0799229571
2636,working_age_15_64,84623.7536113319
2636,young_0_14,40831.7456010820
2637,old_age_65_plus,11844.7362510678
2637,working_age_15_64,103168.5481805286
2637,young_0_14,43383.6010716723
2638,old_age_65_plus,10809.6687679340
2638,working_age_15_64,103829.9881150500
2638,young_0_14,42427.5860474983
2639,old_age_65_plus,9134.3119664688
2639,working_age_15_64,86889.7482137543
2639,young_0_14,46576.0990657464
2640,old_age_65_plus,14112.7164187309
2640,working_age_15_64,124059.1789378993
2640,young_0_14,52485.5951369137
2641,old_age_65_plus,4686.6847550717
2641,working_age_15_64,52668.1934129739
2641,young_0_14,30276.0180237620
2642,old_age_65_plus,6375.5038441334
2642,working_age_15_64,64375.2469393411
2642,young_0_14,33231.8714096443
2643,old_age_65_plus,7458.4098540143
2643,working_age_15_64,71376.6761056617
2643,young_0_14,39207.6563413492
2644,old_age_65_plus,9950.7449544125
2644,working_age_15_64,102613.7810599940
2644,young_0_14,54166.7558027784
2645,old_age_65_plus,7236.9298716372
2645,working_age_15_64,72805.4891039907
2645,young_0_14,37495.3593630145
2646,old_age_65_plus,7483.4167557459
2646,working_age_15_64,79267.6329066825
2646,young_0_14,42948.5914965878
2647,old_age_65_plus,9394.7384992017
2647,working_age_15_64,86867.5649469512
2647,young_0_14,41028.6628171764
2648,old_age_65_plus,8586.9633134690
2648,working_age_15_64,88684.1949814950
2648,young_0_14,44942.1835614438
2649,old_age_65_plus,9638.3757034527
2649,working_age_15_64,91954.6101173845
2649,young_0_14,47314.4713123086
2650,old_age_65_plus,7321.7587846317
2650,working_age_15_64,71002.1585469239
2650,young_0_14,35650.8899127960
2651,old_age_65_plus,8724.4113399959
2651,working_age_15_64,77513.6097111130
2651,young_0_14,36093.1411442048
2652,old_age_65_plus,8164.5365030819
2652,working_age_15_64,82182.7535142171
2652,young_0_14,42570.5475105644
2653,old_age_65_plus,6916.4112004374
2653,working_age_15_64,71766.0132048302
2653,young_0_14,35548.8437614754
2654,old_age_65_plus,9209.0025273574
2654,working_age_15_64,94498.3546373584
2654,young_0_14,49071.6634634315
2655,old_age_65_plus,6045.5407887432
2655,working_age_15_64,66996.6655884971
2655,young_0_14,38517.2588887214
2656,old_age_65_plus,8260.1868147554
2656,working_age_15_64,89101.3806803749
2656,young_0_14,43657.2389165010
2657,old_age_65_plus,10860.4744323160
2657,working_age_15_64,105111.6396868742
2657,young_0_14,46609.8074241576
2658,old_age_65_plus,7173.6493604046
2658,working_age_15_64,77445.6253520571
2658,young_0_14,40562.0497790030
2659,old_age_65_plus,14983.4557248910
2659,working_age_15_64,135183.7428116905
2659,young_0_14,52488.1291313208
2660,old_age_65_plus,8701.5297162512
2660,working_age_15_64,82939.1873150693
2660,young_0_14,37015.6731853000
2661,old_age_65_plus,9615.7620283791
2661,working_age_15_64,92115.7611920153
2661,young_0_14,43018.6432610314
2662,old_age_65_plus,8090.3885825091
2662,working_age_15_64,78870.6391797089
2662,young_0_14,36797.0914051802
2663,old_age_65_plus,12119.7181205819
2663,working_age_15_64,110137.5756491195
2663,young_0_14,49366.9804461231
2664,old_age_65_plus,8909.0532178635
2664,working_age_15_64,84882.4203679241
2664,young_0_14,37993.0009187772
2665,old_age_65_plus,8336.2828437226
2665,working_age_15_64,98423.3058239438
2665,young_0_14,49176.0178162848
2666,old_age_65_plus,4666.5549965305
2666,working_age_15_64,50109.3847206424
2666,young_0_14,30347.3014031271
2667,old_age_65_plus,11040.4508394740
2667,working_age_15_64,108935.0809072970
2667,young_0_14,50174.8061731699
2668,old_age_65_plus,9288.3715834100
2668,working_age_15_64,89156.0564878114
2668,young_0_14,45030.7438001409
2669,old_age_65_plus,6920.3072507671
2669,working_age_15_64,67302.8605004905
2669,young_0_14,36427.3213616902
2670,old_age_65_plus,6205.6979704222
2670,working_age_15_64,68387.2539548929
2670,young_0_14,40829.2626918252
2671,old_age_65_plus,7254.6238879332
2671,working_age_15_64,77445.6940176976
2671,young_0_14,42922.1512451384
2672,old_age_65_plus,6941.0963057559
2672,working_age_15_64,68764.5775475915
2672,young_0_14,36088.2628727611
2673,old_age_65_plus,5691.0860108414
2673,working_age_15_64,58052.4353872529
2673,young_0_14,33419.5765155207
2674,old_age_65_plus,5966.7553395139
2674,working_age_15_64,61972.6821228665
2674,young_0_14,33993.9725798076
2675,old_age_65_plus,5827.4869894004
2675,working_age_15_64,61633.5897537980
2675,young_0_14,35155.0157061151
2676,old_age_65_plus,6065.9362481483
2676,working_age_15_64,58016.0904228855
2676,young_0_14,32696.0642812406
2677,old_age_65_plus,6322.2588437170
2677,working_age_15_64,65358.3426624051
2677,young_0_14,36354.4176410016
2678,old_age_65_plus,5668.5994467503
2678,working_age_15_64,57098.2818455413
2678,young_0_14,31215.6968566189
2679,old_age_65_plus,6964.1786904673
2679,working_age_15_64,80051.4940821091
2679,young_0_14,40127.4997376680
2680,old_age_65_plus,7027.2370861529
2680,working_age_15_64,85791.1847707597
2680,young_0_14,46723.5351791125
2681,old_age_65_plus,4420.1806691707
2681,working_age_15_64,46606.1227124082
2681,young_0_14,27434.4671087294
2682,old_age_65_plus,6358.8833708014
2682,working_age_15_64,70347.2760962450
2682,young_0_14,34996.2509173628
2683,old_age_65_plus,5225.3970203645
2683,working_age_15_64,53926.6511854359
2683,young_0_14,30332.7103929198
2684,old_age_65_plus,4133.2561371741
2684,working_age_15_64,45969.8532225501
2684,young_0_14,26215.0112835245
2685,old_age_65_plus,7879.5039371328
2685,working_age_15_64,73732.4343968360
2685,young_0_14,33666.8319156903
2686,old_age_65_plus,6917.2587975107
2686,working_age_15_64,80392.7759134808
2686,young_0_14,40727.5579253888
2687,old_age_65_plus,6204.5926846067
2687,working_age_15_64,61675.9658860446
2687,young_0_14,31707.5861395576
2688,old_age_65_plus,4529.3594633344
2688,working_age_15_64,46535.0695168519
2688,young_0_14,26043.0594205905
2689,old_age_65_plus,5920.7774041026
2689,working_age_15_64,57496.5732568435
2689,young_0_14,28889.1674477852
2690,old_age_65_plus,8954.0057092994
2690,working_age_15_64,78662.9020608284
2690,young_0_14,37074.4947559435
2691,old_age_65_plus,6609.7694137698
2691,working_age_15_64,69236.1186972922
2691,young_0_14,35779.4540926698
2692,old_age_65_plus,5643.3213672467
2692,working_age_15_64,53375.2291982623
2692,young_0_14,26066.8995441645
2693,old_age_65_plus,5801.8948450415
2693,working_age_15_64,55091.8173778614
2693,young_0_14,26603.7573503779
2694,old_age_65_plus,6005.5002514617
2694,working_age_15_64,56806.2663757257
2694,young_0_14,29517.3528716631
2695,old_age_65_plus,6073.8607198441
2695,working_age_15_64,59992.4707485254
2695,young_0_14,30417.3740087979
2696,old_age_65_plus,6163.9632510531
2696,working_age_15_64,59369.4409467073
2696,young_0_14,28020.1253820103
2697,old_age_65_plus,4725.3026228878
2697,working_age_15_64,45943.1879964358
2697,young_0_14,24568.2906942901
2698,old_age_65_plus,7948.4857431583
2698,working_age_15_64,74515.0248630511
2698,young_0_14,36835.9301177128
2699,old_age_65_plus,6322.0758262690
2699,working_age_15_64,61463.9181790154
2699,young_0_14,32205.1648526810
2700,old_age_65_plus,3073.1441590177
2700,working_age_15_64,36176.1112200347
2700,young_0_14,21585.7121542848
2701,old_age_65_plus,5426.7316479211
2701,working_age_15_64,59887.2125810537
2701,young_0_14,36643.0831991056
2702,old_age_65_plus,5412.9620847474
2702,working_age_15_64,57024.8886883740
2702,young_0_14,32017.7750664996
2703,old_age_65_plus,11156.4669970919
2703,working_age_15_64,103890.1902804372
2703,young_0_14,42267.8384242109
2704,old_age_65_plus,6520.5009541552
2704,working_age_15_64,59951.2862559496
2704,young_0_14,30592.5367922655
2705,old_age_65_plus,9417.0490373599
2705,working_age_15_64,82981.8255661803
2705,young_0_14,32784.7895778982
2706,old_age_65_plus,6185.5312301969
2706,working_age_15_64,55413.5088432701
2706,young_0_14,26771.6516171409
2707,old_age_65_plus,7337.6063191606
2707,working_age_15_64,71565.4954384475
2707,young_0_14,33485.4810462689
2708,old_age_65_plus,6981.5089496580
2708,working_age_15_64,71334.3571699062
2708,young_0_14,35070.9980640998
2709,old_age_65_plus,6162.6308029021
2709,working_age_15_64,61670.1448608492
2709,young_0_14,32394.9554350029
2710,old_age_65_plus,11795.9813138029
2710,working_age_15_64,108496.8981506665
2710,young_0_14,48340.2789531054
2711,old_age_65_plus,10860.4631241876
2711,working_age_15_64,90154.2629482969
2711,young_0_14,34296.1282218028
2712,old_age_65_plus,5073.7596563187
2712,working_age_15_64,52140.9779833657
2712,young_0_14,27720.2262190808
2713,old_age_65_plus,5102.6624436437
2713,working_age_15_64,66398.6088936275
2713,young_0_14,41820.3331219585
2714,old_age_65_plus,4730.8283507570
2714,working_age_15_64,47363.4247840385
2714,young_0_14,24738.7234445026
2715,old_age_65_plus,6648.3767655894
2715,working_age_15_64,66437.3791024982
2715,young_0_14,31505.0542691905
2716,old_age_65_plus,5294.9690618505
2716,working_age_15_64,53129.5037280954
2716,young_0_14,26301.7117630089
2717,old_age_65_plus,5782.4505606071
2717,working_age_15_64,54341.0626564230
2717,young_0_14,27239.1748584320
2718,old_age_65_plus,5743.6569702509
2718,working_age_15_64,57327.3244326392
2718,young_0_14,28090.1431881968
2719,old_age_65_plus,6784.4440727320
2719,working_age_15_64,65320.5014696260
2719,young_0_14,30842.8871953883
2720,old_age_65_plus,5810.8877300144
2720,working_age_15_64,62321.4000843055
2720,young_0_14,33463.1157587124
2721,old_age_65_plus,5395.7131171927
2721,working_age_15_64,52919.8746719769
2721,young_0_14,26853.5304162236
2722,old_age_65_plus,8553.9408788214
2722,working_age_15_64,78747.4723837771
2722,young_0_14,36138.9658010280
2723,old_age_65_plus,7590.5548684718
2723,working_age_15_64,69218.1428083375
2723,young_0_14,28856.3862077288
2724,old_age_65_plus,6000.9853974505
2724,working_age_15_64,58036.0188087150
2724,young_0_14,28724.3701406448
2725,old_age_65_plus,6089.8736553063
2725,working_age_15_64,57197.1204009672
2725,young_0_14,26837.6760504108
2726,old_age_65_plus,4676.6514078487
2726,working_age_15_64,48271.9573494161
2726,young_0_14,26271.1846504232
2727,old_age_65_plus,5803.6969555952
2727,working_age_15_64,62132.5711532624
2727,young_0_14,31677.1063137971
2728,old_age_65_plus,6973.6159485679
2728,working_age_15_64,63444.7216065174
2728,young_0_14,27275.2015538050
2729,old_age_65_plus,6449.1526449717
2729,working_age_15_64,64415.4888289656
2729,young_0_14,30294.2211271787
2730,old_age_65_plus,6484.4647110361
2730,working_age_15_64,62539.8561449694
2730,young_0_14,31112.1543575145
2731,old_age_65_plus,4972.8663187308
2731,working_age_15_64,49797.9085247408
2731,young_0_14,26139.1174031043
2732,old_age_65_plus,5155.1988349514
2732,working_age_15_64,50818.4284616129
2732,young_0_14,24154.4859354690
2733,old_age_65_plus,6853.4653584658
2733,working_age_15_64,63468.8692849343
2733,young_0_14,26778.4551532472
2734,old_age_65_plus,5884.3634643123
2734,working_age_15_64,56592.5192934659
2734,young_0_14,28560.1567508966
2735,old_age_65_plus,8013.4146030379
2735,working_age_15_64,72338.3796853093
2735,young_0_14,30781.5694269616
2736,old_age_65_plus,6233.8221764087
2736,working_age_15_64,60773.3932223284
2736,young_0_14,27599.6152392521
2737,old_age_65_plus,5307.7500179149
2737,working_age_15_64,45653.9161013588
2737,young_0_14,24401.5020167593
2738,old_age_65_plus,5495.9151243974
2738,working_age_15_64,53916.8620979880
2738,young_0_14,27121.7780906786
2739,old_age_65_plus,6593.1317342733
2739,working_age_15_64,64682.7511939198
2739,young_0_14,34205.0220323752
2740,old_age_65_plus,4758.7186437302
2740,working_age_15_64,44057.2186472113
2740,young_0_14,22075.9101876520
2741,old_age_65_plus,6411.1519951278
2741,working_age_15_64,57441.8828381192
2741,young_0_14,25880.6741569904
2742,old_age_65_plus,4117.0870748418
2742,working_age_15_64,42834.5105467016
2742,young_0_14,22083.6250138621
2743,old_age_65_plus,5330.8742813102
2743,working_age_15_64,47971.5418388154
2743,young_0_14,24362.6758302873
2744,old_age_65_plus,4847.3279019749
2744,working_age_15_64,46879.2011965594
2744,young_0_14,25379.3140676756
2745,old_age_65_plus,5732.5882205820
2745,working_age_15_64,51422.4253096165
2745,young_0_14,27120.3905555144
2746,old_age_65_plus,4207.4375759426
2746,working_age_15_64,39866.5522952093
2746,young_0_14,20375.8855631507
2747,old_age_65_plus,6043.2456705754
2747,working_age_15_64,54722.9222583324
2747,young_0_14,25586.5048780639
2748,old_age_65_plus,5870.8409891763
2748,working_age_15_64,58593.9866148894
2748,young_0_14,28505.0339248574
2749,old_age_65_plus,4325.2152186970
2749,working_age_15_64,41021.9798513457
2749,young_0_14,20990.4608938402
2750,old_age_65_plus,4850.0402517176
2750,working_age_15_64,48305.8100521402
2750,young_0_14,24113.5139581913
2751,old_age_65_plus,3927.4310727706
2751,working_age_15_64,37602.3085096626
2751,young_0_14,21226.7611421645
2752,old_age_65_plus,3965.4017145922
2752,working_age_15_64,40057.9625444806
2752,young_0_14,21871.4225503651
2753,old_age_65_plus,3722.3530279911
2753,working_age_15_64,39266.8448038518
2753,young_0_14,21611.0763680260
2754,old_age_65_plus,6941.5221091547
2754,working_age_15_64,59540.9103899000
2754,young_0_14,28700.6797143440
2755,old_age_65_plus,4672.1279212524
2755,working_age_15_64,48990.8593486352
2755,young_0_14,25708.9070876931
2756,old_age_65_plus,3501.3649172813
2756,working_age_15_64,35258.3730540783
2756,young_0_14,21377.3413566528
2757,old_age_65_plus,3588.1761760885
2757,working_age_15_64,34576.8421646643
2757,young_0_14,17405.3572865135
2758,old_age_65_plus,4811.4629542362
2758,working_age_15_64,44869.7518469551
2758,young_0_14,24444.5544133193
2759,old_age_65_plus,7334.5198857882
2759,working_age_15_64,68252.1566334209
2759,young_0_14,30847.1117281467
2760,old_age_65_plus,7098.6118394411
2760,working_age_15_64,64956.4373872204
2760,young_0_14,29600.5035078540
2761,old_age_65_plus,5023.4184279721
2761,working_age_15_64,45587.8000053007
2761,young_0_14,23284.0496016360
2762,old_age_65_plus,4395.5220687727
2762,working_age_15_64,38253.4038668858
2762,young_0_14,17725.5850539862
2763,old_age_65_plus,4463.0438732608
2763,working_age_15_64,43687.4566929303
2763,young_0_14,23096.4209351766
2764,old_age_65_plus,5247.2005415490
2764,working_age_15_64,50840.2449627700
2764,young_0_14,26411.5894074041
2765,old_age_65_plus,6781.7032052951
2765,working_age_15_64,62162.3349127727
2765,young_0_14,28231.8713784493
2766,old_age_65_plus,4766.8768688718
2766,working_age_15_64,52131.2533455502
2766,young_0_14,25932.6718350645
2767,old_age_65_plus,3092.1574982617
2767,working_age_15_64,31164.4823397725
2767,young_0_14,18081.8619080245
2768,old_age_65_plus,6830.4287085001
2768,working_age_15_64,58868.7332538341
2768,young_0_14,24586.3736105915
2769,old_age_65_plus,10049.8114327918
2769,working_age_15_64,85476.6379610554
2769,young_0_14,31774.0225705688
2770,old_age_65_plus,7410.6428183828
2770,working_age_15_64,66398.4244956937
2770,young_0_14,30265.3834003489
2771,old_age_65_plus,5407.6748530811
2771,working_age_15_64,51089.4177161863
2771,young_0_14,27401.7660146191
2772,old_age_65_plus,3299.0451417439
2772,working_age_15_64,29774.8589164557
2772,young_0_14,16321.9364900975
2773,old_age_65_plus,4577.7045933035
2773,working_age_15_64,43880.3574752181
2773,young_0_14,20698.3972985289
2774,old_age_65_plus,5392.6002461915
2774,working_age_15_64,47551.6669481130
2774,young_0_14,22786.9408156908
2775,old_age_65_plus,4367.1436889314
2775,working_age_15_64,43544.5490378226
2775,young_0_14,21123.1827800345
2776,old_age_65_plus,3249.2051091178
2776,working_age_15_64,31728.6545049312
2776,young_0_14,17181.5445441755
2777,old_age_65_plus,4157.9186152397
2777,working_age_15_64,46563.0184747827
2777,young_0_14,23640.9365725823
2778,old_age_65_plus,3008.9349650817
2778,working_age_15_64,33305.8890360109
2778,young_0_14,17826.0184890584
2779,old_age_65_plus,4613.9670636153
2779,working_age_15_64,44343.7628070538
2779,young_0_14,21957.9418087088
2780,old_age_65_plus,4967.8529290022
2780,working_age_15_64,59066.2463573698
2780,young_0_14,37753.0579875372
2781,old_age_65_plus,7147.3232317914
2781,working_age_15_64,66145.7770280858
2781,young_0_14,27719.7462672477
2782,old_age_65_plus,2869.0502735603
2782,working_age_15_64,31307.7082201911
2782,young_0_14,17748.4500257657
2783,old_age_65_plus,6971.2931782880
2783,working_age_15_64,59589.6066678473
2783,young_0_14,24949.0237043021
2784,old_age_65_plus,3219.1218418374
2784,working_age_15_64,32201.6819290672
2784,young_0_14,17326.0322047875
2785,old_age_65_plus,4512.8717944154
2785,working_age_15_64,42797.1663485336
2785,young_0_14,20195.5047825064
2786,old_age_65_plus,3270.4466015006
2786,working_age_15_64,34976.4253057629
2786,young_0_14,19517.5427419983
2787,old_age_65_plus,4832.2419355124
2787,working_age_15_64,45150.4606850297
2787,young_0_14,21116.7086510732
2788,old_age_65_plus,5315.1353217819
2788,working_age_15_64,49451.6396396142
2788,young_0_14,22941.7928931743
2789,old_age_65_plus,3534.6947516324
2789,working_age_15_64,35202.6113305999
2789,young_0_14,18509.2651365611
2790,old_age_65_plus,6379.7861992766
2790,working_age_15_64,63257.7069810281
2790,young_0_14,30356.4382948608
2791,old_age_65_plus,4547.8981519043
2791,working_age_15_64,42096.2413136892
2791,young_0_14,19944.4463563849
2792,old_age_65_plus,3596.5541367080
2792,working_age_15_64,36176.4490134399
2792,young_0_14,17633.9274562234
2793,old_age_65_plus,3982.1127662192
2793,working_age_15_64,37339.9036589744
2793,young_0_14,19634.5698338390
2794,old_age_65_plus,4228.5851945987
2794,working_age_15_64,43980.6039698222
2794,young_0_14,22733.4482493315
2795,old_age_65_plus,6426.5856080978
2795,working_age_15_64,60521.3597262200
2795,young_0_14,27014.8506535604
2796,old_age_65_plus,4320.0726233170
2796,working_age_15_64,38578.5739864975
2796,young_0_14,18597.5814987459
2797,old_age_65_plus,5657.9641139927
2797,working_age_15_64,53869.2402925751
2797,young_0_14,22967.3132402529
2798,old_age_65_plus,4697.5231295000
2798,working_age_15_64,47620.6329679769
2798,young_0_14,21267.9455409181
2799,old_age_65_plus,9139.2087435851
2799,working_age_15_64,83590.0261992059
2799,young_0_14,29294.3425305035
2800,old_age_65_plus,4527.1179319700
2800,working_age_15_64,42534.4406607964
2800,young_0_14,18844.7424412787
2801,old_age_65_plus,6079.2001718323
2801,working_age_15_64,60661.3833585285
2801,young_0_14,26763.4479091105
2802,old_age_65_plus,4598.7535219076
2802,working_age_15_64,44685.8784677552
2802,young_0_14,22108.5475674201
2803,old_age_65_plus,4280.6593203668
2803,working_age_15_64,41560.3993598653
2803,young_0_14,22352.4245138468
2804,old_age_65_plus,4556.5696148422
2804,working_age_15_64,39993.8122001223
2804,young_0_14,18692.8636445892
2805,old_age_65_plus,5936.3381362194
2805,working_age_15_64,56503.5676081982
2805,young_0_14,24994.8262572657
2806,old_age_65_plus,7301.0458891946
2806,working_age_15_64,59528.6110186279
2806,young_0_14,24168.2964890692
2807,old_age_65_plus,5161.4958823265
2807,working_age_15_64,53315.4367148571
2807,young_0_14,26134.0007801099
2808,old_age_65_plus,4854.8847781564
2808,working_age_15_64,46455.8939842102
2808,young_0_14,21156.2452736903
2809,old_age_65_plus,5110.2546350158
2809,working_age_15_64,54870.2103611180
2809,young_0_14,23195.7752283291
2810,old_age_65_plus,4645.3188455092
2810,working_age_15_64,46212.1596454585
2810,young_0_14,24277.5744399888
2811,old_age_65_plus,4522.9138371447
2811,working_age_15_64,46137.0008339901
2811,young_0_14,26593.5341989986
2812,old_age_65_plus,5391.1068290944
2812,working_age_15_64,56002.5158210103
2812,young_0_14,25019.6758265392
2813,old_age_65_plus,3596.3595602842
2813,working_age_15_64,38530.3335748657
2813,young_0_14,18217.6944390919
2814,old_age_65_plus,3645.2176194556
2814,working_age_15_64,40641.7851229317
2814,young_0_14,18638.4886443194
2815,old_age_65_plus,5456.0121763996
2815,working_age_15_64,53558.2233160812
2815,young_0_14,23058.1708686610
2816,old_age_65_plus,4784.7007421602
2816,working_age_15_64,45569.3631405491
2816,young_0_14,20041.4127741565
2817,old_age_65_plus,5579.1538207668
2817,working_age_15_64,54814.1113594955
2817,young_0_14,22881.5345404948
2818,old_age_65_plus,7015.1063666362
2818,working_age_15_64,68056.2941725934
2818,young_0_14,27243.9185986426
2819,old_age_65_plus,4215.6898953389
2819,working_age_15_64,45313.1883755551
2819,young_0_14,20789.8159158525
2820,old_age_65_plus,3191.7933886475
2820,working_age_15_64,33242.2268772943
2820,young_0_14,15768.3814882272
2821,old_age_65_plus,5559.5312642518
2821,working_age_15_64,55566.8783880051
2821,young_0_14,25717.3055017113
2822,old_age_65_plus,4246.7735443924
2822,working_age_15_64,42558.4715919972
2822,young_0_14,19622.3153376609
2823,old_age_65_plus,4250.5890292762
2823,working_age_15_64,38433.8843341653
2823,young_0_14,17429.3172570806
2824,old_age_65_plus,6534.2666830774
2824,working_age_15_64,64887.5651622666
2824,young_0_14,29094.3919911994
2825,old_age_65_plus,5591.6319048497
2825,working_age_15_64,55162.2503951759
2825,young_0_14,24276.2943315972
2826,old_age_65_plus,4407.0432992293
2826,working_age_15_64,44048.7747575022
2826,young_0_14,19576.0912366555
2827,old_age_65_plus,3062.7016428596
2827,working_age_15_64,30141.1020105493
2827,young_0_14,16180.2556603255
2828,old_age_65_plus,8037.4843933543
2828,working_age_15_64,73774.4616143426
2828,young_0_14,33967.5434769994
2829,old_age_65_plus,3492.6715873486
2829,working_age_15_64,34837.8870169195
2829,young_0_14,18459.0024619822
2830,old_age_65_plus,4587.3253738560
2830,working_age_15_64,42992.4823094560
2830,young_0_14,17814.5584365966
2831,old_age_65_plus,3626.2348635779
2831,working_age_15_64,34738.8840487221
2831,young_0_14,16981.5259891301
2832,old_age_65_plus,4211.1457905050
2832,working_age_15_64,40579.9671685881
2832,young_0_14,19270.4936477619
2833,old_age_65_plus,3501.6897849293
2833,working_age_15_64,30535.4868326753
2833,young_0_14,15386.6069426181
2834,old_age_65_plus,4172.1844627984
2834,working_age_15_64,38733.4122390019
2834,young_0_14,16998.4118490931
2835,old_age_65_plus,4374.3788417579
2835,working_age_15_64,40705.7847789785
2835,young_0_14,18410.7693341921
2836,old_age_65_plus,4653.9386254777
2836,working_age_15_64,44113.5419745699
2836,young_0_14,20347.8480178374
2837,old_age_65_plus,4403.7256868736
2837,working_age_15_64,41506.7902410816
2837,young_0_14,18954.6032531573
2838,old_age_65_plus,2981.6859622358
2838,working_age_15_64,27971.0104809906
2838,young_0_14,15713.7334923875
2839,old_age_65_plus,3076.1709671509
2839,working_age_15_64,28649.9795966558
2839,young_0_14,14787.4883938794
2840,old_age_65_plus,5558.8717208528
2840,working_age_15_64,50175.9485199610
2840,young_0_14,22585.7777656056
2841,old_age_65_plus,5946.4478014873
2841,working_age_15_64,55436.1827217977
2841,young_0_14,24048.2832163742
2842,old_age_65_plus,9376.8170376428
2842,working_age_15_64,85199.5688958799
2842,young_0_14,32875.2862389498
2843,old_age_65_plus,5550.2824266365
2843,working_age_15_64,48679.8448409931
2843,young_0_14,20232.8170497566
2844,old_age_65_plus,3492.4189482782
2844,working_age_15_64,33655.4848652577
2844,young_0_14,15277.5778093102
2845,old_age_65_plus,2993.8553794944
2845,working_age_15_64,29024.2097753437
2845,young_0_14,17296.8425445381
2846,old_age_65_plus,4469.7706245718
2846,working_age_15_64,37163.7148266497
2846,young_0_14,17575.6132972584
2847,old_age_65_plus,3784.9744382492
2847,working_age_15_64,36455.7567077592
2847,young_0_14,18484.2123041046
2848,old_age_65_plus,3868.8560198101
2848,working_age_15_64,33681.4030537316
2848,young_0_14,15965.3612940730
2849,old_age_65_plus,3735.3439113945
2849,working_age_15_64,34955.3676890040
2849,young_0_14,17071.6314707753
2850,old_age_65_plus,3918.5406163152
2850,working_age_15_64,41563.0842682285
2850,young_0_14,22030.0192906802
2851,old_age_65_plus,4705.2053353742
2851,working_age_15_64,48002.8513912687
2851,young_0_14,25851.2457462208
2852,old_age_65_plus,3661.7727153786
2852,working_age_15_64,33769.6214418263
2852,young_0_14,16475.1019585663
2853,old_age_65_plus,3046.8802402886
2853,working_age_15_64,31363.1636699854
2853,young_0_14,17197.6686435799
2854,old_age_65_plus,6160.7553088274
2854,working_age_15_64,52660.8900798853
2854,young_0_14,23179.2342625752
2855,old_age_65_plus,4293.7423623426
2855,working_age_15_64,39600.8699892528
2855,young_0_14,18443.7341510259
2856,old_age_65_plus,3431.7236121865
2856,working_age_15_64,34159.0707032814
2856,young_0_14,18554.2190364729
2857,old_age_65_plus,3948.5024963733
2857,working_age_15_64,35612.9994744360
2857,young_0_14,17108.0069211551
2858,old_age_65_plus,3240.6194117420
2858,working_age_15_64,30883.7988921540
2858,young_0_14,16083.2721098875
2859,old_age_65_plus,7543.6462964881
2859,working_age_15_64,68153.2956018844
2859,young_0_14,27315.1104664794
2860,old_age_65_plus,2474.6668794172
2860,working_age_15_64,24541.6416453284
2860,young_0_14,15058.9535774884
2861,old_age_65_plus,2722.5300082744
2861,working_age_15_64,26597.3943891419
2861,young_0_14,14782.4990096936
2862,old_age_65_plus,2900.6014135445
2862,working_age_15_64,27709.0252424448
2862,young_0_14,13876.1596077027
2863,old_age_65_plus,3684.2766396440
2863,working_age_15_64,34277.0717088943
2863,young_0_14,16587.5885863964
2864,old_age_65_plus,3191.7374401540
2864,working_age_15_64,31382.9374953708
2864,young_0_14,16849.1911928009
2865,old_age_65_plus,2769.9715062590
2865,working_age_15_64,26623.6512434849
2865,young_0_14,14417.3815138722
2866,old_age_65_plus,4143.3753320177
2866,working_age_15_64,37616.1265487616
2866,young_0_14,17431.1148112444
2867,old_age_65_plus,2317.5450270848
2867,working_age_15_64,22599.4298506786
2867,young_0_14,13232.3784060942
2868,old_age_65_plus,4329.9753829433
2868,working_age_15_64,38278.9285377395
2868,young_0_14,17133.6585425796
2869,old_age_65_plus,3253.1784144313
2869,working_age_15_64,32139.6023725529
2869,young_0_14,15279.8691633455
2870,old_age_65_plus,2703.4734092404
2870,working_age_15_64,25197.6330851810
2870,young_0_14,12885.3835832503
2871,old_age_65_plus,4488.6206091646
2871,working_age_15_64,37986.3482029470
2871,young_0_14,19234.7525362393
2872,old_age_65_plus,4302.9523598792
2872,working_age_15_64,37732.8948730673
2872,young_0_14,16373.9693992541
2873,old_age_65_plus,2955.3759795320
2873,working_age_15_64,28148.9420455009
2873,young_0_14,15161.2019165775
2874,old_age_65_plus,2678.4365618647
2874,working_age_15_64,25527.1665381966
2874,young_0_14,14528.3297016201
2875,old_age_65_plus,2838.3672571650
2875,working_age_15_64,27234.2921186519
2875,young_0_14,13250.0374764312
2876,old_age_65_plus,3589.3176286037
2876,working_age_15_64,32679.9200373118
2876,young_0_14,14292.5349009069
2877,old_age_65_plus,5345.9863843175
2877,working_age_15_64,49744.4897852715
2877,young_0_14,20624.9817139946
2878,old_age_65_plus,3095.9269694672
2878,working_age_15_64,28844.2472193580
2878,young_0_14,14367.0069218379
2879,old_age_65_plus,4023.6372331633
2879,working_age_15_64,36221.6983075786
2879,young_0_14,15671.3199197212
2880,old_age_65_plus,4496.5847002664
2880,working_age_15_64,42131.8896816699
2880,young_0_14,19432.2388378996
2881,old_age_65_plus,3016.8346185744
2881,working_age_15_64,29733.0051739352
2881,young_0_14,16089.1461944712
2882,old_age_65_plus,3574.5738553446
2882,working_age_15_64,32424.7232130268
2882,young_0_14,14445.4283557173
2883,old_age_65_plus,3294.5631828155
2883,working_age_15_64,29587.3577310591
2883,young_0_14,15085.8903624402
2884,old_age_65_plus,2167.0531412212
2884,working_age_15_64,21477.2268585845
2884,young_0_14,11665.2595124200
2885,old_age_65_plus,2717.1220476151
2885,working_age_15_64,27294.0046025534
2885,young_0_14,14562.0862465705
2886,old_age_65_plus,3004.7445244739
2886,working_age_15_64,28481.7899550432
2886,young_0_14,14799.7312294691
2887,old_age_65_plus,4754.4474281217
2887,working_age_15_64,41351.2034503540
2887,young_0_14,18573.4972545144
2888,old_age_65_plus,4858.7541106751
2888,working_age_15_64,39743.8928367740
2888,young_0_14,16996.3602195366
2889,old_age_65_plus,3013.9259016985
2889,working_age_15_64,26672.8618635253
2889,young_0_14,12759.3694734268
2890,old_age_65_plus,4070.6542658648
2890,working_age_15_64,38372.9671617909
2890,young_0_14,16921.4471174787
2891,old_age_65_plus,5529.5304062616
2891,working_age_15_64,49892.7549830326
2891,young_0_14,22384.4201483373
2892,old_age_65_plus,2456.3139946335
2892,working_age_15_64,22048.0097375975
2892,young_0_14,13284.4427903074
2893,old_age_65_plus,5630.2190342730
2893,working_age_15_64,50838.3624798527
2893,young_0_14,20467.9027020861
2894,old_age_65_plus,3102.4250590920
2894,working_age_15_64,27276.8311170119
2894,young_0_14,14279.7035245622
2895,old_age_65_plus,3716.2205829045
2895,working_age_15_64,35518.4011274724
2895,young_0_14,16553.7789128723
2896,old_age_65_plus,3283.3207820930
2896,working_age_15_64,30152.6214579595
2896,young_0_14,14083.2345164078
2897,old_age_65_plus,3641.8592302960
2897,working_age_15_64,34697.0198480385
2897,young_0_14,18503.4465858907
2898,old_age_65_plus,2035.6525757681
2898,working_age_15_64,19251.8926008709
2898,young_0_14,11166.1898893872
2899,old_age_65_plus,2995.3682783529
2899,working_age_15_64,28561.2190993555
2899,young_0_14,15325.9745423020
2900,old_age_65_plus,4095.8587951540
2900,working_age_15_64,35997.9978860546
2900,young_0_14,15523.9258377099
2901,old_age_65_plus,3551.2456956363
2901,working_age_15_64,30950.0976802598
2901,young_0_14,13507.0768224930
2902,old_age_65_plus,3126.4801199491
2902,working_age_15_64,27865.6375135966
2902,young_0_14,13290.9739500376
2903,old_age_65_plus,3495.5689782183
2903,working_age_15_64,31275.2256377676
2903,young_0_14,13085.1480237517
2904,old_age_65_plus,2557.7832232684
2904,working_age_15_64,25294.3172879141
2904,young_0_14,13440.0571696476
2905,old_age_65_plus,2892.2361683022
2905,working_age_15_64,27226.6488802274
2905,young_0_14,12338.5490159574
2906,old_age_65_plus,3440.4875552262
2906,working_age_15_64,30027.0651766066
2906,young_0_14,13995.2726783255
2907,old_age_65_plus,2322.6151974308
2907,working_age_15_64,22437.0217213054
2907,young_0_14,12631.1596412657
2908,old_age_65_plus,7447.9822518481
2908,working_age_15_64,63920.9018703483
2908,young_0_14,23227.6953143321
2909,old_age_65_plus,3788.9861266469
2909,working_age_15_64,32735.9128436497
2909,young_0_14,14661.0909293525
2910,old_age_65_plus,1988.4189275447
2910,working_age_15_64,20069.5512834823
2910,young_0_14,11293.7784104346
2911,old_age_65_plus,2056.5983577385
2911,working_age_15_64,19973.0149416054
2911,young_0_14,9571.8824007766
2912,old_age_65_plus,3948.3790159046
2912,working_age_15_64,35312.3067846964
2912,young_0_14,16926.5730007883
2913,old_age_65_plus,2693.0925626224
2913,working_age_15_64,24421.1674836220
2913,young_0_14,11554.5295211450
2914,old_age_65_plus,3110.9492964726
2914,working_age_15_64,28409.9626995563
2914,young_0_14,13088.9609958208
2915,old_age_65_plus,3446.5277487836
2915,working_age_15_64,28605.6437412384
2915,young_0_14,13164.6962582117
2916,old_age_65_plus,3111.3480205147
2916,working_age_15_64,30938.5614708724
2916,young_0_14,15239.0365937900
2917,old_age_65_plus,3634.9085900910
2917,working_age_15_64,30987.3171156657
2917,young_0_14,13453.7657467330
2918,old_age_65_plus,4290.5590836294
2918,working_age_15_64,36741.4569412986
2918,young_0_14,16752.1058844723
2919,old_age_65_plus,1961.8773085112
2919,working_age_15_64,17038.0154677474
2919,young_0_14,8449.5925895603
2920,old_age_65_plus,2125.6104497778
2920,working_age_15_64,20336.8346385056
2920,young_0_14,10780.9488459830
2921,old_age_65_plus,4327.4993289127
2921,working_age_15_64,39294.8457896453
2921,young_0_14,17801.2251960460
2922,old_age_65_plus,4254.0161495198
2922,working_age_15_64,36501.1247375479
2922,young_0_14,15839.7659920303
2923,old_age_65_plus,3897.4239850293
2923,working_age_15_64,32320.7419797651
2923,young_0_14,14016.1714446910
2924,old_age_65_plus,4678.7035600305
2924,working_age_15_64,35564.8658948313
2924,young_0_14,15148.8963077351
2925,old_age_65_plus,2361.1548168089
2925,working_age_15_64,20664.2134660654
2925,young_0_14,10779.1018382177
2926,old_age_65_plus,2997.2135682435
2926,working_age_15_64,27468.4717237438
2926,young_0_14,13244.3063741158
2927,old_age_65_plus,2767.3569759932
2927,working_age_15_64,25473.2859898854
2927,young_0_14,11854.4082539709
2928,old_age_65_plus,2889.2261024325
2928,working_age_15_64,25166.1827969914
2928,young_0_14,13339.4440263389
2929,old_age_65_plus,2268.3154599197
2929,working_age_15_64,19907.4862314485
2929,young_0_14,9470.6381451142
2930,old_age_65_plus,2728.1885763044
2930,working_age_15_64,23462.3980108100
2930,young_0_14,10430.1863163978
2931,old_age_65_plus,3603.4019337941
2931,working_age_15_64,29976.9048466359
2931,young_0_14,14118.9992623655
2932,old_age_65_plus,1875.8089467585
2932,working_age_15_64,18659.3201679738
2932,young_0_14,10154.4242469009
2933,old_age_65_plus,2173.9550836566
2933,working_age_15_64,21433.9517676108
2933,young_0_14,11445.7358411562
2934,old_age_65_plus,2890.7437384943
2934,working_age_15_64,26388.2968377932
2934,young_0_14,11609.7660565157
2935,old_age_65_plus,2385.7654911807
2935,working_age_15_64,22042.9217729877
2935,young_0_14,12100.7874904772
2936,old_age_65_plus,4293.4656445795
2936,working_age_15_64,36047.4901393739
2936,young_0_14,14427.0579023502
2937,old_age_65_plus,2518.5594583071
2937,working_age_15_64,23229.6715384175
2937,young_0_14,11193.9451712320
2938,old_age_65_plus,3563.8170863704
2938,working_age_15_64,30566.2394923189
2938,young_0_14,13275.7983817993
2939,old_age_65_plus,2686.0263499893
2939,working_age_15_64,24303.5724238736
2939,young_0_14,10911.4870530530
2940,old_age_65_plus,2389.6248022840
2940,working_age_15_64,20981.0568632973
2940,young_0_14,10576.2657987472
2941,old_age_65_plus,2802.0377421178
2941,working_age_15_64,24883.2532700739
2941,young_0_14,12637.1441807701
2942,old_age_65_plus,3723.9529666010
2942,working_age_15_64,33757.5527079749
2942,young_0_14,14772.6446742711
2943,old_age_65_plus,2398.8541905235
2943,working_age_15_64,21958.2793837133
2943,young_0_14,11027.1256971488
2944,old_age_65_plus,1813.7637810942
2944,working_age_15_64,15881.6800468797
2944,young_0_14,8751.4654321621
2945,old_age_65_plus,2529.9214319333
2945,working_age_15_64,23745.2079088730
2945,young_0_14,11840.5529811613
2946,old_age_65_plus,2152.6140644733
2946,working_age_15_64,20971.6543236055
2946,young_0_14,11584.7407440909
2947,old_age_65_plus,2020.9631853079
2947,working_age_15_64,18667.4841323736
2947,young_0_14,9463.4949289325
2948,old_age_65_plus,1879.9971527488
2948,working_age_15_64,18325.0650995554
2948,young_0_14,9840.0873114274
2949,old_age_65_plus,2535.8557108655
2949,working_age_15_64,21801.2612503926
2949,young_0_14,9346.7968092621
2950,old_age_65_plus,4629.8565159556
2950,working_age_15_64,36729.5832576706
2950,young_0_14,15097.3671978372
2951,old_age_65_plus,2175.1535313977
2951,working_age_15_64,22775.5801601628
2951,young_0_14,13280.1479368182
2952,old_age_65_plus,1831.4222874650
2952,working_age_15_64,17319.9203994687
2952,young_0_14,9385.2288500292
2953,old_age_65_plus,3193.8411429671
2953,working_age_15_64,28971.5397213042
2953,young_0_14,12669.9867534205
2954,old_age_65_plus,2894.5971674269
2954,working_age_15_64,26447.3939646383
2954,young_0_14,11957.5675858684
2955,old_age_65_plus,3548.9801960575
2955,working_age_15_64,31128.1715065489
2955,young_0_14,13828.4221373192
2956,old_age_65_plus,2475.6208748140
2956,working_age_15_64,21933.3957756490
2956,young_0_14,10977.1323081472
2957,old_age_65_plus,2629.8243281670
2957,working_age_15_64,25759.9861901413
2957,young_0_14,14774.6298058556
2958,old_age_65_plus,2304.5678624351
2958,working_age_15_64,21709.1461245536
2958,young_0_14,11526.2809900210
2959,old_age_65_plus,4492.0951261130
2959,working_age_15_64,35100.3145779170
2959,young_0_14,14714.5395132821
2960,old_age_65_plus,3019.4734442438
2960,working_age_15_64,26563.0276611508
2960,young_0_14,11222.2806524247
2961,old_age_65_plus,3511.0380069841
2961,working_age_15_64,32931.7822753698
2961,young_0_14,13487.7160305196
2962,old_age_65_plus,2058.5888738469
2962,working_age_15_64,19371.6064687803
2962,young_0_14,9807.4205568418
2963,old_age_65_plus,2384.7815320276
2963,working_age_15_64,21070.1488855430
2963,young_0_14,9673.5867302051
2964,old_age_65_plus,2716.8775091248
2964,working_age_15_64,23440.1041884561
2964,young_0_14,11074.1222344375
2965,old_age_65_plus,2469.8065994520
2965,working_age_15_64,25304.4478276646
2965,young_0_14,13591.7800709224
2966,old_age_65_plus,2128.6226953687
2966,working_age_15_64,18610.6925776650
2966,young_0_14,7767.4178152963
2967,old_age_65_plus,3683.2783610988
2967,working_age_15_64,30192.0825188003
2967,young_0_14,13515.8171749892
2968,old_age_65_plus,2705.8552902232
2968,working_age_15_64,24260.9635182477
2968,young_0_14,11771.7312570531
2969,old_age_65_plus,1580.8417910603
2969,working_age_15_64,13400.1213521357
2969,young_0_14,6997.2336296302
2970,old_age_65_plus,3494.0009166227
2970,working_age_15_64,32372.8699643878
2970,young_0_14,13617.3740863548
2971,old_age_65_plus,3495.2120068808
2971,working_age_15_64,32885.6949371759
2971,young_0_14,15380.3969560400
2972,old_age_65_plus,2644.6562724616
2972,working_age_15_64,26116.5158507337
2972,young_0_14,11629.5001792961
2973,old_age_65_plus,1924.6842364285
2973,working_age_15_64,19162.3095991725
2973,young_0_14,11084.8330119553
2974,old_age_65_plus,2956.9342325420
2974,working_age_15_64,25986.8751342026
2974,young_0_14,12698.2592122062
2975,old_age_65_plus,2918.1952775026
2975,working_age_15_64,27956.7142722021
2975,young_0_14,10815.8375118299
2976,old_age_65_plus,4390.2549744408
2976,working_age_15_64,38603.0127313073
2976,young_0_14,17531.3016967015
2977,old_age_65_plus,2185.0400692614
2977,working_age_15_64,20695.9153824034
2977,young_0_14,9916.9237227426
2978,old_age_65_plus,4319.4331203363
2978,working_age_15_64,35990.8753036464
2978,young_0_14,14376.3059746165
2979,old_age_65_plus,2155.3785892889
2979,working_age_15_64,19892.6202567792
2979,young_0_14,9322.0776236673
2980,old_age_65_plus,2341.5729992923
2980,working_age_15_64,21259.5825077096
2980,young_0_14,9553.9683926158
2981,old_age_65_plus,1798.2700450541
2981,working_age_15_64,17449.5017672107
2981,young_0_14,10081.9223006987
2982,old_age_65_plus,1706.6522688082
2982,working_age_15_64,16576.0361140505
2982,young_0_14,9792.0850920148
2983,old_age_65_plus,1882.0873872258
2983,working_age_15_64,17351.5133282224
2983,young_0_14,9223.8245348926
2984,old_age_65_plus,2490.0811388290
2984,working_age_15_64,21450.8324277120
2984,young_0_14,9107.7632257523
2985,old_age_65_plus,3355.7696079503
2985,working_age_15_64,34806.3437180179
2985,young_0_14,14559.9403741108
2986,old_age_65_plus,3677.8914011057
2986,working_age_15_64,32954.6222373501
2986,young_0_14,12149.2732661673
2987,old_age_65_plus,2211.3222146980
2987,working_age_15_64,18558.8887933427
2987,young_0_14,8641.4507676884
2988,old_age_65_plus,1953.1705499293
2988,working_age_15_64,21010.0398063231
2988,young_0_14,8993.9842323328
2989,old_age_65_plus,2561.6313698532
2989,working_age_15_64,23877.5650264341
2989,young_0_14,10348.8992339247
2990,old_age_65_plus,1954.0051592441
2990,working_age_15_64,20303.3255596455
2990,young_0_14,8740.8318450868
2991,old_age_65_plus,4130.3698823230
2991,working_age_15_64,35942.1335631256
2991,young_0_14,13755.4462478236
2992,old_age_65_plus,1675.3358137965
2992,working_age_15_64,19008.9796874533
2992,young_0_14,9092.1992369544
2993,old_age_65_plus,2546.2994623000
2993,working_age_15_64,22381.2970417331
2993,young_0_14,9800.1579796991
2994,old_age_65_plus,3759.7687096915
2994,working_age_15_64,35008.1639656014
2994,young_0_14,13405.7643916585
2995,old_age_65_plus,1648.1805346024
2995,working_age_15_64,17294.8978166531
2995,young_0_14,9928.1086320146
2996,old_age_65_plus,3574.3340393469
2996,working_age_15_64,30407.1336609479
2996,young_0_14,12870.1527343028
2997,old_age_65_plus,2703.4466720846
2997,working_age_15_64,28614.9404632326
2997,young_0_14,11518.6656019443
2998,old_age_65_plus,2840.8212087613
2998,working_age_15_64,29466.2159953711
2998,young_0_14,12120.7534619664
2999,old_age_65_plus,1677.3090839520
2999,working_age_15_64,17254.8342678844
2999,young_0_14,7197.1028972228
3000,old_age_65_plus,1585.7289075682
3000,working_age_15_64,13313.3172109323
3000,young_0_14,7319.4189054047
3001,old_age_65_plus,2363.8384343917
3001,working_age_15_64,21638.2200578699
3001,young_0_14,10094.1354135838
3002,old_age_65_plus,1662.3221467830
3002,working_age_15_64,16432.6563247018
3002,young_0_14,8938.7551104206
3003,old_age_65_plus,2703.8939271661
3003,working_age_15_64,25555.2428844638
3003,young_0_14,11724.6643985941
3004,old_age_65_plus,2107.0188217104
3004,working_age_15_64,18711.1567141759
3004,young_0_14,8511.5953029536
3005,old_age_65_plus,1812.6307141346
3005,working_age_15_64,16164.7567892151
3005,young_0_14,8138.8334295914
3006,old_age_65_plus,1547.3241800253
3006,working_age_15_64,13214.0205860878
3006,young_0_14,6821.5556062877
3007,old_age_65_plus,2757.7356288470
3007,working_age_15_64,22840.7804597967
3007,young_0_14,8986.3917553189
3008,old_age_65_plus,1557.1648940176
3008,working_age_15_64,14378.3041877915
3008,young_0_14,7887.1584795637
3009,old_age_65_plus,3522.0598634467
3009,working_age_15_64,27490.9776405555
3009,young_0_14,10871.2744859809
3010,old_age_65_plus,2025.8796185595
3010,working_age_15_64,18904.5672131550
3010,young_0_14,9074.4039280288
3011,old_age_65_plus,2140.0377449235
3011,working_age_15_64,19297.3660176669
3011,young_0_14,8026.4423827849
3012,old_age_65_plus,1592.1284651823
3012,working_age_15_64,14281.3800275079
3012,young_0_14,7365.2073002429
3013,old_age_65_plus,1528.4080451303
3013,working_age_15_64,13389.7602497146
3013,young_0_14,6467.6512179882
3014,old_age_65_plus,2413.8571142568
3014,working_age_15_64,21200.7208790157
3014,young_0_14,8974.5213509161
3015,old_age_65_plus,1787.1318114995
3015,working_age_15_64,15352.7251658264
3015,young_0_14,8211.3334269480
3016,old_age_65_plus,1548.8077999614
3016,working_age_15_64,14075.3921174180
3016,young_0_14,7793.8188372053
3017,old_age_65_plus,1143.7845810979
3017,working_age_15_64,11592.6092961838
3017,young_0_14,5821.5507580263
3018,old_age_65_plus,1516.1438388042
3018,working_age_15_64,13035.3313094904
3018,young_0_14,6677.3849077639
3019,old_age_65_plus,2650.1734965120
3019,working_age_15_64,24038.7699533221
3019,young_0_14,10185.3664452373
3020,old_age_65_plus,1795.8822370471
3020,working_age_15_64,14493.1307622921
3020,young_0_14,7241.5781215740
3021,old_age_65_plus,1939.6387889312
3021,working_age_15_64,16812.5062115509
3021,young_0_14,7953.8762741692
3022,old_age_65_plus,2171.0808748288
3022,working_age_15_64,18965.4891170965
3022,young_0_14,8401.2095245553
3023,old_age_65_plus,2163.5861475192
3023,working_age_15_64,19835.4401958050
3023,young_0_14,9925.8235130775
3024,old_age_65_plus,1453.1699126327
3024,working_age_15_64,13323.0971122372
3024,young_0_14,7241.3197379583
3025,old_age_65_plus,1269.0290091224
3025,working_age_15_64,11500.5997147055
3025,young_0_14,6146.0308794338
3026,old_age_65_plus,3764.0611479126
3026,working_age_15_64,30086.7222209518
3026,young_0_14,10954.7156677022
3027,old_age_65_plus,1898.1609012610
3027,working_age_15_64,15925.7313387324
3027,young_0_14,8012.0728620603
3028,old_age_65_plus,1423.1529846056
3028,working_age_15_64,12668.0982528953
3028,young_0_14,7024.9277933970
3029,old_age_65_plus,1523.6278036671
3029,working_age_15_64,15121.5299951538
3029,young_0_14,8369.9772198553
3030,old_age_65_plus,1655.8623141238
3030,working_age_15_64,14374.3122404715
3030,young_0_14,7759.6833128453
3031,old_age_65_plus,1806.4914765571
3031,working_age_15_64,15012.0344329731
3031,young_0_14,8275.0475533761
3032,old_age_65_plus,1936.2185064050
3032,working_age_15_64,14983.9987479094
3032,young_0_14,7379.3631931696
3033,old_age_65_plus,2723.0769214660
3033,working_age_15_64,23707.9814746094
3033,young_0_14,10124.8920320279
3034,old_age_65_plus,2683.7366005308
3034,working_age_15_64,23387.6301741926
3034,young_0_14,9713.1352092266
3035,old_age_65_plus,2046.4568101384
3035,working_age_15_64,17507.5706431476
3035,young_0_14,7817.2953234939
3036,old_age_65_plus,2269.6369161351
3036,working_age_15_64,21362.1549593068
3036,young_0_14,10528.1303486783
3037,old_age_65_plus,2756.7348072791
3037,working_age_15_64,24092.0697222511
3037,young_0_14,10444.8615718287
3038,old_age_65_plus,1951.1536258415
3038,working_age_15_64,16057.5655674754
3038,young_0_14,7478.7165587055
3039,old_age_65_plus,1396.6360554311
3039,working_age_15_64,12635.3442093162
3039,young_0_14,7232.0968337801
3040,old_age_65_plus,1868.2397313478
3040,working_age_15_64,17692.9540255689
3040,young_0_14,8873.4941406997
3041,old_age_65_plus,2455.2478667490
3041,working_age_15_64,21349.9462172957
3041,young_0_14,9384.9059978064
3042,old_age_65_plus,1829.9812656477
3042,working_age_15_64,15992.2995600020
3042,young_0_14,7148.4274720745
3043,old_age_65_plus,1552.9048734257
3043,working_age_15_64,12938.2671504863
3043,young_0_14,6877.7111902154
3044,old_age_65_plus,2228.5767786710
3044,working_age_15_64,19807.6261364275
3044,young_0_14,10635.8756816114
3045,old_age_65_plus,2450.2843295454
3045,working_age_15_64,20718.2967463763
3045,young_0_14,8983.5162935722
3046,old_age_65_plus,1810.0364290863
3046,working_age_15_64,16710.9416599221
3046,young_0_14,8609.0817269438
3047,old_age_65_plus,1833.7272005655
3047,working_age_15_64,14631.0031834138
3047,young_0_14,7057.1193179707
3048,old_age_65_plus,3047.6355065858
3048,working_age_15_64,25108.6496715847
3048,young_0_14,10581.8818935277
3049,old_age_65_plus,1031.4142885212
3049,working_age_15_64,9955.4749917187
3049,young_0_14,5691.3792308791
3050,old_age_65_plus,2609.8810580066
3050,working_age_15_64,22935.0132940984
3050,young_0_14,9627.1836670202
3051,old_age_65_plus,1889.0584135006
3051,working_age_15_64,16942.7414655315
3051,young_0_14,8982.8869198482
3052,old_age_65_plus,1190.4128263248
3052,working_age_15_64,11898.3181221791
3052,young_0_14,6613.8251385046
3053,old_age_65_plus,3563.5156566158
3053,working_age_15_64,28664.7189240651
3053,young_0_14,12055.9328189422
3054,old_age_65_plus,1978.0069891636
3054,working_age_15_64,15810.3114110273
3054,young_0_14,7145.3049590699
3055,old_age_65_plus,2020.3447397355
3055,working_age_15_64,17482.4142936308
3055,young_0_14,7786.5964113363
3056,old_age_65_plus,3442.2869334256
3056,working_age_15_64,25654.7023966009
3056,young_0_14,11537.5268040815
3057,old_age_65_plus,2380.9925855034
3057,working_age_15_64,19921.5077180581
3057,young_0_14,9723.0263753352
3058,old_age_65_plus,2874.7604028855
3058,working_age_15_64,22799.3486007887
3058,young_0_14,10343.4809172893
3059,old_age_65_plus,1613.2396007681
3059,working_age_15_64,15361.6660840194
3059,young_0_14,8007.2258962421
3060,old_age_65_plus,2045.4901625211
3060,working_age_15_64,18681.4001154209
3060,young_0_14,8784.3771663049
3061,old_age_65_plus,1714.8062748607
3061,working_age_15_64,14799.1994605127
3061,young_0_14,7137.8839618982
3062,old_age_65_plus,1618.2754212727
3062,working_age_15_64,13100.3672671181
3062,young_0_14,5943.6519979262
3063,old_age_65_plus,1535.6088429644
3063,working_age_15_64,13478.2545190010
3063,young_0_14,7007.5443698974
3064,old_age_65_plus,1471.8279775874
3064,working_age_15_64,12748.0772827650
3064,young_0_14,6632.7250064001
3065,old_age_65_plus,1523.3863606554
3065,working_age_15_64,13534.1635193426
3065,young_0_14,6739.2990442091
3066,old_age_65_plus,1767.9844752058
3066,working_age_15_64,13085.8878886129
3066,young_0_14,6740.5524407095
3067,old_age_65_plus,1592.7328966129
3067,working_age_15_64,14482.7504120720
3067,young_0_14,7427.4247653844
3068,old_age_65_plus,1748.5822651633
3068,working_age_15_64,16620.1217339727
3068,young_0_14,8210.8007324983
3069,old_age_65_plus,1523.3742278608
3069,working_age_15_64,13395.8030112587
3069,young_0_14,7461.6216944926
3070,old_age_65_plus,1218.3324520757
3070,working_age_15_64,10303.3274156631
3070,young_0_14,5573.1802093302
3071,old_age_65_plus,2903.9880455709
3071,working_age_15_64,22920.0901806586
3071,young_0_14,9995.9056920789
3072,old_age_65_plus,1988.3779112674
3072,working_age_15_64,16720.3049374824
3072,young_0_14,7176.7422260099
3073,old_age_65_plus,1228.3056858715
3073,working_age_15_64,10281.8055947598
3073,young_0_14,5568.3688684789
3074,old_age_65_plus,2144.4569150422
3074,working_age_15_64,17806.2008616230
3074,young_0_14,8468.2257499230
3075,old_age_65_plus,1165.4719085494
3075,working_age_15_64,11467.2864596512
3075,young_0_14,6558.9296557568
3076,old_age_65_plus,1973.2573868289
3076,working_age_15_64,18844.2478310104
3076,young_0_14,10355.2068949004
3077,old_age_65_plus,1742.4711478240
3077,working_age_15_64,15415.1392016128
3077,young_0_14,7080.5235948377
3078,old_age_65_plus,3037.6731895387
3078,working_age_15_64,25081.6910585781
3078,young_0_14,8830.5987867518
3079,old_age_65_plus,1467.8238343249
3079,working_age_15_64,13906.6748979970
3079,young_0_14,7271.6461321014
3080,old_age_65_plus,1680.9834405366
3080,working_age_15_64,14117.0190015722
3080,young_0_14,6520.9324714253
3081,old_age_65_plus,2181.7584010260
3081,working_age_15_64,20581.9862731035
3081,young_0_14,10590.1456149627
3082,old_age_65_plus,1894.1334369893
3082,working_age_15_64,16718.6333310602
3082,young_0_14,7764.6939557796
3083,old_age_65_plus,1471.2845260540
3083,working_age_15_64,13460.9897130480
3083,young_0_14,7157.0775077654
3084,old_age_65_plus,1622.5856953309
3084,working_age_15_64,13856.3643856034
3084,young_0_14,6085.8713643076
3085,old_age_65_plus,1717.9002621159
3085,working_age_15_64,14429.3519102957
3085,young_0_14,7370.0096404396
3086,old_age_65_plus,1893.5820911485
3086,working_age_15_64,17581.5317404468
3086,young_0_14,8544.0031924368
3087,old_age_65_plus,2102.7109340950
3087,working_age_15_64,19810.3064921551
3087,young_0_14,9596.7123564977
3088,old_age_65_plus,1337.2034972124
3088,working_age_15_64,12138.6111368126
3088,young_0_14,5835.5471101628
3089,old_age_65_plus,1715.3749859638
3089,working_age_15_64,14271.4412178424
3089,young_0_14,7088.7684524995
3090,old_age_65_plus,3010.1753414434
3090,working_age_15_64,26519.1280545565
3090,young_0_14,10442.7026911234
3091,old_age_65_plus,1072.2639516248
3091,working_age_15_64,9983.5358697018
3091,young_0_14,5324.7062303282
3092,old_age_65_plus,1229.5220200448
3092,working_age_15_64,10302.0336371602
3092,young_0_14,4896.6922878988
3093,old_age_65_plus,1436.8788327542
3093,working_age_15_64,12769.6058091877
3093,young_0_14,6970.1806881701
3094,old_age_65_plus,2089.9759963712
3094,working_age_15_64,19992.1181231782
3094,young_0_14,9552.3106682738
3095,old_age_65_plus,2189.1761610630
3095,working_age_15_64,18236.6393604820
3095,young_0_14,8064.8975639311
3096,old_age_65_plus,970.7106826620
3096,working_age_15_64,9377.5879913237
3096,young_0_14,5253.3045375392
3097,old_age_65_plus,2348.1516643798
3097,working_age_15_64,17916.8171265884
3097,young_0_14,7565.9928967153
3098,old_age_65_plus,1835.4693423331
3098,working_age_15_64,17323.6124380876
3098,young_0_14,6679.4478772107
3099,old_age_65_plus,3445.5109306339
3099,working_age_15_64,25780.8283871810
3099,young_0_14,11112.3676982014
3100,old_age_65_plus,1624.5501936979
3100,working_age_15_64,14188.0762462552
3100,young_0_14,7148.7320180398
3101,old_age_65_plus,2349.3669076643
3101,working_age_15_64,22797.8264404029
3101,young_0_14,9445.3315225579
3102,old_age_65_plus,1710.2292888694
3102,working_age_15_64,16471.5628661141
3102,young_0_14,7738.8383655361
3103,old_age_65_plus,1415.0408529018
3103,working_age_15_64,12630.5607818745
3103,young_0_14,6012.0588110723
3104,old_age_65_plus,1847.2371433379
3104,working_age_15_64,14828.6105906053
3104,young_0_14,6997.7163042435
3105,old_age_65_plus,1884.8188205597
3105,working_age_15_64,16888.6338978952
3105,young_0_14,7992.0326032217
3106,old_age_65_plus,1772.8177802722
3106,working_age_15_64,15414.0286172522
3106,young_0_14,7721.0724784446
3107,old_age_65_plus,1568.5802605535
3107,working_age_15_64,12315.4130615360
3107,young_0_14,5301.7862301505
3108,old_age_65_plus,1726.7897613695
3108,working_age_15_64,14878.7352328245
3108,young_0_14,7389.8710528835
3109,old_age_65_plus,1653.3892590348
3109,working_age_15_64,13895.1866657178
3109,young_0_14,7053.5920097788
3110,old_age_65_plus,1553.9631488795
3110,working_age_15_64,13306.4802319363
3110,young_0_14,6047.7564092582
3111,old_age_65_plus,1592.7563264225
3111,working_age_15_64,13789.2360349212
3111,young_0_14,6180.8634911700
3112,old_age_65_plus,4926.9671850187
3112,working_age_15_64,39206.0178655221
3112,young_0_14,15098.3592378001
3113,old_age_65_plus,1768.0242478139
3113,working_age_15_64,14108.3317343556
3113,young_0_14,6743.2184360919
3114,old_age_65_plus,1425.3471506508
3114,working_age_15_64,12921.6353052509
3114,young_0_14,5883.3735916223
3115,old_age_65_plus,1941.0134418436
3115,working_age_15_64,18882.2235414163
3115,young_0_14,8316.4005624754
3116,old_age_65_plus,1743.4870933056
3116,working_age_15_64,13543.9384843373
3116,young_0_14,6282.2027375791
3117,old_age_65_plus,1225.2967958112
3117,working_age_15_64,11725.0854585232
3117,young_0_14,6545.1146245799
3118,old_age_65_plus,1566.8868300267
3118,working_age_15_64,13324.9754522517
3118,young_0_14,5978.6598704881
3119,old_age_65_plus,2083.0413412372
3119,working_age_15_64,17788.1375281741
3119,young_0_14,7584.5934995401
3120,old_age_65_plus,1350.9704778856
3120,working_age_15_64,12344.9426531298
3120,young_0_14,5769.7717940573
3121,old_age_65_plus,1668.8853153731
3121,working_age_15_64,15523.2705842988
3121,young_0_14,8047.8122224764
3122,old_age_65_plus,2166.3442332581
3122,working_age_15_64,18060.9489432808
3122,young_0_14,7664.6106281977
3123,old_age_65_plus,2608.5448863137
3123,working_age_15_64,22603.9171692303
3123,young_0_14,9701.6298985527
3124,old_age_65_plus,1410.9293611056
3124,working_age_15_64,12626.1699418622
3124,young_0_14,6053.1038654729
3125,old_age_65_plus,1281.8471056162
3125,working_age_15_64,11158.8169770100
3125,young_0_14,5830.9466694552
3126,old_age_65_plus,834.9801064688
3126,working_age_15_64,6665.4927595933
3126,young_0_14,3454.4046270883
3127,old_age_65_plus,1507.4544655981
3127,working_age_15_64,12539.4732476381
3127,young_0_14,6097.9318780284
3128,old_age_65_plus,1558.0515380888
3128,working_age_15_64,12846.0544696489
3128,young_0_14,6081.3660875647
3129,old_age_65_plus,1930.0664626097
3129,working_age_15_64,16336.2893785607
3129,young_0_14,7470.7171513615
3130,old_age_65_plus,976.7831786564
3130,working_age_15_64,8861.0544651431
3130,young_0_14,4860.4170407697
3131,old_age_65_plus,1548.5382783132
3131,working_age_15_64,11868.2238924574
3131,young_0_14,5485.6451356280
3132,old_age_65_plus,825.4900682286
3132,working_age_15_64,6713.6170915471
3132,young_0_14,3421.6667247107
3133,old_age_65_plus,1358.8881975703
3133,working_age_15_64,11681.6584815804
3133,young_0_14,5941.6742406677
3134,old_age_65_plus,1006.3656039291
3134,working_age_15_64,8800.5559101748
3134,young_0_14,4768.7064410928
3135,old_age_65_plus,2288.6165647057
3135,working_age_15_64,17235.6581161973
3135,young_0_14,8284.1494351518
3136,old_age_65_plus,1760.2805082720
3136,working_age_15_64,15534.7245383810
3136,young_0_14,6515.4723957534
3137,old_age_65_plus,1485.2295497122
3137,working_age_15_64,12854.8119143388
3137,young_0_14,6260.3827226627
3138,old_age_65_plus,2323.8808618042
3138,working_age_15_64,19585.8433427817
3138,young_0_14,8004.2487224787
3139,old_age_65_plus,1526.3204384990
3139,working_age_15_64,13305.0328789297
3139,young_0_14,5971.4641086502
3140,old_age_65_plus,1115.9744528201
3140,working_age_15_64,9768.8365407158
3140,young_0_14,4748.5632860864
3141,old_age_65_plus,1759.5194579667
3141,working_age_15_64,14874.8442893627
3141,young_0_14,6916.9542313592
3142,old_age_65_plus,2131.4029033154
3142,working_age_15_64,16689.6247219020
3142,young_0_14,7504.6376057436
3143,old_age_65_plus,1642.3404367335
3143,working_age_15_64,13239.1287685463
3143,young_0_14,6386.2653305731
3144,old_age_65_plus,1546.9637282629
3144,working_age_15_64,12668.4375980416
3144,young_0_14,6252.7630571558
3145,old_age_65_plus,1841.1473003207
3145,working_age_15_64,14952.6790882576
3145,young_0_14,7028.4248948129
3146,old_age_65_plus,1391.3853206110
3146,working_age_15_64,10129.2619738377
3146,young_0_14,5534.3120247678
3147,old_age_65_plus,1521.9051533930
3147,working_age_15_64,12709.0517550106
3147,young_0_14,5605.9238036293
3148,old_age_65_plus,1227.9575750420
3148,working_age_15_64,10976.2882330929
3148,young_0_14,5570.8362213752
3149,old_age_65_plus,1110.0618702992
3149,working_age_15_64,9579.3396414590
3149,young_0_14,4970.5690202960
3150,old_age_65_plus,908.5136593342
3150,working_age_15_64,8353.1649805591
3150,young_0_14,4267.0995623472
3151,old_age_65_plus,1832.2653239600
3151,working_age_15_64,15777.0179804597
3151,young_0_14,6542.5993813675
3152,old_age_65_plus,1327.2095462293
3152,working_age_15_64,11518.4217224774
3152,young_0_14,5626.0317268410
3153,old_age_65_plus,1074.9416904002
3153,working_age_15_64,9290.1269536202
3153,young_0_14,5034.8080678833
3154,old_age_65_plus,1394.6230991987
3154,working_age_15_64,11783.8336383742
3154,young_0_14,4918.3057322658
3155,old_age_65_plus,1171.5514691676
3155,working_age_15_64,10095.3678717670
3155,young_0_14,5017.7870885017
3156,old_age_65_plus,1311.8752811895
3156,working_age_15_64,10454.1001127984
3156,young_0_14,4769.1395770639
3157,old_age_65_plus,1580.5169353359
3157,working_age_15_64,13869.2632235080
3157,young_0_14,6276.0492225900
3158,old_age_65_plus,866.2662736623
3158,working_age_15_64,7352.3101628540
3158,young_0_14,3996.7852482278
3159,old_age_65_plus,1188.8629347452
3159,working_age_15_64,9537.8845093499
3159,young_0_14,4832.6414730783
3160,old_age_65_plus,2269.0337128105
3160,working_age_15_64,18129.2495408132
3160,young_0_14,8224.9817464783
3161,old_age_65_plus,997.1662045784
3161,working_age_15_64,8862.2253816863
3161,young_0_14,4890.2474368856
3162,old_age_65_plus,1401.4678983523
3162,working_age_15_64,12724.9347198720
3162,young_0_14,5711.0117817406
3163,old_age_65_plus,1526.7065058722
3163,working_age_15_64,11276.3896502639
3163,young_0_14,5555.2920270115
3164,old_age_65_plus,1518.8117254010
3164,working_age_15_64,12693.7953646912
3164,young_0_14,6049.7353166947
3165,old_age_65_plus,1163.5585185524
3165,working_age_15_64,10566.0368376854
3165,young_0_14,5425.2245147023
3166,old_age_65_plus,1154.4248989275
3166,working_age_15_64,9422.7720571236
3166,young_0_14,4980.0451820216
3167,old_age_65_plus,1525.8476460473
3167,working_age_15_64,12477.3596203337
3167,young_0_14,6305.2786897187
3168,old_age_65_plus,1121.9476274190
3168,working_age_15_64,8923.7584115648
3168,young_0_14,4133.4942807268
3169,old_age_65_plus,1031.8845580421
3169,working_age_15_64,9661.5302634815
3169,young_0_14,5061.2964842680
3170,old_age_65_plus,1431.5274478429
3170,working_age_15_64,11743.0959033640
3170,young_0_14,6339.4280194594
3171,old_age_65_plus,1018.2131318147
3171,working_age_15_64,8673.6554796614
3171,young_0_14,4618.1597256226
3172,old_age_65_plus,1753.7824767891
3172,working_age_15_64,13734.1825977905
3172,young_0_14,6989.8325447310
3173,old_age_65_plus,2036.7457060725
3173,working_age_15_64,17642.0129752584
3173,young_0_14,7971.1872116123
3174,old_age_65_plus,3194.4219641544
3174,working_age_15_64,27794.9728554606
3174,young_0_14,12027.9816193462
3175,old_age_65_plus,1481.3638693213
3175,working_age_15_64,11943.7239617485
3175,young_0_14,5302.6123707064
3176,old_age_65_plus,1342.0541817960
3176,working_age_15_64,11173.9187129107
3176,young_0_14,4957.7043324388
3177,old_age_65_plus,1141.6336235155
3177,working_age_15_64,10032.7183862814
3177,young_0_14,5408.1643228859
3178,old_age_65_plus,1287.6983727866
3178,working_age_15_64,11743.3709535483
3178,young_0_14,6251.8344524232
3179,old_age_65_plus,1916.5141772857
3179,working_age_15_64,17160.5754232093
3179,young_0_14,8374.0042104521
3180,old_age_65_plus,1175.9316922665
3180,working_age_15_64,10244.4219237666
3180,young_0_14,5072.9394690793
3181,old_age_65_plus,1148.4222528395
3181,working_age_15_64,11420.8566573905
3181,young_0_14,4872.1519698639
3182,old_age_65_plus,1448.9145860891
3182,working_age_15_64,12192.0442701830
3182,young_0_14,5731.9710848872
3183,old_age_65_plus,1437.5019468453
3183,working_age_15_64,12335.2476774074
3183,young_0_14,5280.5716276711
3184,old_age_65_plus,1511.5497766491
3184,working_age_15_64,13149.5914517421
3184,young_0_14,5665.6205417165
3185,old_age_65_plus,1202.4613949921
3185,working_age_15_64,10726.0402338577
3185,young_0_14,5155.0925468927
3186,old_age_65_plus,1634.0880152405
3186,working_age_15_64,15286.5160131735
3186,young_0_14,7462.7705334383
3187,old_age_65_plus,1437.8345716604
3187,working_age_15_64,11937.5392215713
3187,young_0_14,5252.8091027589
3188,old_age_65_plus,1062.7108469419
3188,working_age_15_64,9396.2008651186
3188,young_0_14,4926.0735405730
3189,old_age_65_plus,1055.7034875837
3189,working_age_15_64,9468.7599502065
3189,young_0_14,4748.8789555537
3190,old_age_65_plus,1186.1747464636
3190,working_age_15_64,10471.4865301026
3190,young_0_14,5467.4319001829
3191,old_age_65_plus,3826.8905574568
3191,working_age_15_64,29512.4381261345
3191,young_0_14,11418.4206330122
3192,old_age_65_plus,1437.1904330216
3192,working_age_15_64,11959.1994801852
3192,young_0_14,6211.1835974990
3193,old_age_65_plus,1439.5635868822
3193,working_age_15_64,13406.4837385470
3193,young_0_14,5123.1276454558
3194,old_age_65_plus,1573.5065534768
3194,working_age_15_64,13435.2596523958
3194,young_0_14,5928.1091673273
3195,old_age_65_plus,1688.3830763659
3195,working_age_15_64,13860.6508604499
3195,young_0_14,6412.5366036797
3196,old_age_65_plus,955.2848251327
3196,working_age_15_64,8310.1062911048
3196,young_0_14,4338.9528730219
3197,old_age_65_plus,912.3870804573
3197,working_age_15_64,8143.8659868165
3197,young_0_14,4449.6654641947
3198,old_age_65_plus,1907.5176274507
3198,working_age_15_64,16106.3925007387
3198,young_0_14,7005.0462575418
3199,old_age_65_plus,1056.3470841641
3199,working_age_15_64,9186.6001304882
3199,young_0_14,4911.6964704213
3200,old_age_65_plus,1705.3794740117
3200,working_age_15_64,15006.3896953860
3200,young_0_14,7107.9767146136
3201,old_age_65_plus,1173.8350155282
3201,working_age_15_64,8417.8180814205
3201,young_0_14,3866.0080922096
3202,old_age_65_plus,1856.8814461959
3202,working_age_15_64,14588.3187943806
3202,young_0_14,7088.5720163785
3203,old_age_65_plus,1869.3483308515
3203,working_age_15_64,14667.0032851706
3203,young_0_14,6001.1428156975
3204,old_age_65_plus,1736.9366217846
3204,working_age_15_64,12417.0796005676
3204,young_0_14,5974.5256200996
3205,old_age_65_plus,1057.8692673629
3205,working_age_15_64,8781.8219564666
3205,young_0_14,4232.8535451589
3206,old_age_65_plus,2422.7711406736
3206,working_age_15_64,18595.4489754355
3206,young_0_14,7624.5656871239
3207,old_age_65_plus,1131.1103271729
3207,working_age_15_64,9731.5253748685
3207,young_0_14,5012.0763527710
3208,old_age_65_plus,1073.2125281531
3208,working_age_15_64,8727.7833423125
3208,young_0_14,4490.5113710641
3209,old_age_65_plus,1140.9970987766
3209,working_age_15_64,8252.8371732653
3209,young_0_14,4001.4184341744
3210,old_age_65_plus,1512.2065444533
3210,working_age_15_64,12821.8459035581
3210,young_0_14,6325.4042691203
3211,old_age_65_plus,1215.0623824006
3211,working_age_15_64,9329.5777290900
3211,young_0_14,4397.6545824748
3212,old_age_65_plus,1210.2785809900
3212,working_age_15_64,10049.4082353882
3212,young_0_14,4515.4757844311
3213,old_age_65_plus,922.0833961224
3213,working_age_15_64,7738.7396844877
3213,young_0_14,3676.3862363717
3214,old_age_65_plus,914.3986527008
3214,working_age_15_64,7760.1129390261
3214,young_0_14,3662.9538366751
3215,old_age_65_plus,1590.0172075640
3215,working_age_15_64,12885.7056477761
3215,young_0_14,5823.8766194400
3216,old_age_65_plus,1676.7341867714
3216,working_age_15_64,13079.2120857555
3216,young_0_14,6942.9169185815
3217,old_age_65_plus,1697.9660374239
3217,working_age_15_64,16265.2855589521
3217,young_0_14,9185.0004876997
3218,old_age_65_plus,976.2400761036
3218,working_age_15_64,8219.0109487822
3218,young_0_14,4665.3420492892
3219,old_age_65_plus,946.7068233705
3219,working_age_15_64,7955.7951471757
3219,young_0_14,4159.4764625366
3220,old_age_65_plus,2350.2351706307
3220,working_age_15_64,20207.5347256920
3220,young_0_14,9148.3641001628
3221,old_age_65_plus,1779.3497824631
3221,working_age_15_64,14138.5962073700
3221,young_0_14,5806.0245526695
3222,old_age_65_plus,1099.6315735010
3222,working_age_15_64,7581.5459945449
3222,young_0_14,3425.9161801399
3223,old_age_65_plus,2082.7266602197
3223,working_age_15_64,15452.3895602675
3223,young_0_14,6601.2699216817
3224,old_age_65_plus,1066.3513869610
3224,working_age_15_64,9132.1148074225
3224,young_0_14,4893.6408444121
3225,old_age_65_plus,1098.9886245357
3225,working_age_15_64,9783.6412567959
3225,young_0_14,4649.9041079637
3226,old_age_65_plus,2632.0812320799
3226,working_age_15_64,20371.6768189899
3226,young_0_14,8255.8772875493
3227,old_age_65_plus,2647.3517509797
3227,working_age_15_64,22186.0472260018
3227,young_0_14,10155.8424502745
3228,old_age_65_plus,867.9771333767
3228,working_age_15_64,7890.2204259756
3228,young_0_14,4418.7569822690
3229,old_age_65_plus,1150.5673242675
3229,working_age_15_64,9311.3746823479
3229,young_0_14,4836.6505648471
3230,old_age_65_plus,2132.8698075834
3230,working_age_15_64,16317.1817452573
3230,young_0_14,7413.9356528564
3231,old_age_65_plus,2508.8196009441
3231,working_age_15_64,20395.5749060635
3231,young_0_14,8141.1751278880
3232,old_age_65_plus,2464.2595723389
3232,working_age_15_64,21409.5961465876
3232,young_0_14,8814.4603080923
3233,old_age_65_plus,1789.6955533204
3233,working_age_15_64,12535.6075043609
3233,young_0_14,5874.2039805774
3234,old_age_65_plus,2029.2464889410
3234,working_age_15_64,15792.2889275997
3234,young_0_14,6234.7115976469
3235,old_age_65_plus,1512.0414771659
3235,working_age_15_64,12818.5053192884
3235,young_0_14,5186.1520001968
3236,old_age_65_plus,3248.1189459688
3236,working_age_15_64,27485.1032066556
3236,young_0_14,11714.1730578479
3237,old_age_65_plus,1416.6047865178
3237,working_age_15_64,11385.4381589183
3237,young_0_14,5271.7953268296
3238,old_age_65_plus,1560.8982899132
3238,working_age_15_64,12215.6826020257
3238,young_0_14,4971.7164988673
3239,old_age_65_plus,1653.3847279124
3239,working_age_15_64,12551.1157440743
3239,young_0_14,5619.9712439452
3240,old_age_65_plus,1499.1964304414
3240,working_age_15_64,14408.0117818648
3240,young_0_14,6090.1740859379
3241,old_age_65_plus,1690.2973726003
3241,working_age_15_64,12566.0884555373
3241,young_0_14,5588.9862053458
3242,old_age_65_plus,1097.6959050835
3242,working_age_15_64,9024.2590760131
3242,young_0_14,3980.4583055808
3243,old_age_65_plus,1428.7135658807
3243,working_age_15_64,12428.5046132132
3243,young_0_14,5423.1012999457
3244,old_age_65_plus,1958.1989574943
3244,working_age_15_64,16816.8116473246
3244,young_0_14,7828.5231730942
3245,old_age_65_plus,4172.6588986791
3245,working_age_15_64,36908.6778414507
3245,young_0_14,12630.7175832057
3246,old_age_65_plus,3511.7228362657
3246,working_age_15_64,28269.2032037160
3246,young_0_14,11227.9036284053
3247,old_age_65_plus,2567.0587582822
3247,working_age_15_64,18749.2024039339
3247,young_0_14,7823.5222064437
3248,old_age_65_plus,2710.1842240557
3248,working_age_15_64,20932.4524120301
3248,young_0_14,8051.0504409153
3249,old_age_65_plus,1291.1308854731
3249,working_age_15_64,11076.5747816369
3249,young_0_14,5034.2818369120
3250,old_age_65_plus,1120.0268314345
3250,working_age_15_64,10243.8609745913
3250,young_0_14,5291.7761712966
3251,old_age_65_plus,1138.7262475888
3251,working_age_15_64,9616.3058697250
3251,young_0_14,4771.0946934750
3252,old_age_65_plus,1378.4718862647
3252,working_age_15_64,10689.2922555115
3252,young_0_14,5043.1820999459
3253,old_age_65_plus,1887.3242545611
3253,working_age_15_64,17231.8842167374
3253,young_0_14,7139.5840518052
3254,old_age_65_plus,3775.5691068992
3254,working_age_15_64,33818.8752990111
3254,young_0_14,12346.9740696730
3255,old_age_65_plus,1686.8232214052
3255,working_age_15_64,14128.0334129143
3255,young_0_14,6013.1232376216
3256,old_age_65_plus,973.4021586139
3256,working_age_15_64,9201.7560700588
3256,young_0_14,4330.5181310003
3257,old_age_65_plus,3222.5088168793
3257,working_age_15_64,24643.4188424159
3257,young_0_14,9956.4140810327
3258,old_age_65_plus,2991.3205787506
3258,working_age_15_64,24817.3614010169
3258,young_0_14,9450.4645132126
3259,old_age_65_plus,1039.1102605586
3259,working_age_15_64,8241.4845869916
3259,young_0_14,3975.3349703545
3260,old_age_65_plus,1924.1354969223
3260,working_age_15_64,14249.9600447035
3260,young_0_14,6386.9431768213
3261,old_age_65_plus,3016.2771466798
3261,working_age_15_64,23418.6431122901
3261,young_0_14,9311.5105272290
3262,old_age_65_plus,2877.3409162727
3262,working_age_15_64,25433.4658562846
3262,young_0_14,9943.1142611815
3263,old_age_65_plus,2328.8866823813
3263,working_age_15_64,17663.9069128630
3263,young_0_14,6956.9532866469
3264,old_age_65_plus,1929.8409513669
3264,working_age_15_64,16893.7135995225
3264,young_0_14,7535.2446195905
3265,old_age_65_plus,1159.0621295101
3265,working_age_15_64,9039.2198297286
3265,young_0_14,4382.3072837659
3266,old_age_65_plus,1105.1403626233
3266,working_age_15_64,9490.0257563677
3266,young_0_14,4470.5038985551
3267,old_age_65_plus,1333.3910184843
3267,working_age_15_64,11224.6799255038
3267,young_0_14,4994.7578917562
3268,old_age_65_plus,1378.3856283449
3268,working_age_15_64,10538.7915357835
3268,young_0_14,4845.5781598845
3269,old_age_65_plus,2165.0225740491
3269,working_age_15_64,16571.9028432921
3269,young_0_14,6755.4160592740
3270,old_age_65_plus,1499.3828911356
3270,working_age_15_64,12910.0154637858
3270,young_0_14,5221.2532079594
3271,old_age_65_plus,1530.6023556886
3271,working_age_15_64,12483.8571493050
3271,young_0_14,5165.3225706626
3272,old_age_65_plus,1985.7497775626
3272,working_age_15_64,14937.2909931398
3272,young_0_14,6788.2293298743
3273,old_age_65_plus,2645.6898252002
3273,working_age_15_64,23248.3582564547
3273,young_0_14,8153.9500304112
3274,old_age_65_plus,1597.3488118683
3274,working_age_15_64,11944.0550563304
3274,young_0_14,5254.9521050982
3275,old_age_65_plus,3243.3621329092
3275,working_age_15_64,24554.8724109432
3275,young_0_14,9170.9356299558
3276,old_age_65_plus,1436.3300796367
3276,working_age_15_64,11959.2451144041
3276,young_0_14,5402.6889507258
3277,old_age_65_plus,3763.3638075009
3277,working_age_15_64,29093.3773720627
3277,young_0_14,10001.5411198350
3278,old_age_65_plus,2159.8464363173
3278,working_age_15_64,16217.8193227514
3278,young_0_14,6612.6748917556
3279,old_age_65_plus,5717.9226106391
3279,working_age_15_64,42973.4496021288
3279,young_0_14,14764.7288970057
3280,old_age_65_plus,4028.4904627077
3280,working_age_15_64,32899.7367696252
3280,young_0_14,12027.1523554403
3281,old_age_65_plus,1642.6787497695
3281,working_age_15_64,12786.3491526741
3281,young_0_14,4781.4691201562
3282,old_age_65_plus,2088.6787949874
3282,working_age_15_64,16655.5575246549
3282,young_0_14,6165.1370865483
3283,old_age_65_plus,4419.7387620427
3283,working_age_15_64,36964.1269210150
3283,young_0_14,9291.5174384594
3284,old_age_65_plus,2000.5334715584
3284,working_age_15_64,15783.7815572853
3284,young_0_14,6530.3842668569
3285,old_age_65_plus,1217.7227863769
3285,working_age_15_64,10076.7721069561
3285,young_0_14,5065.9971421403
3286,old_age_65_plus,2052.9000963232
3286,working_age_15_64,17599.8910734443
3286,young_0_14,7352.2069608079
3287,old_age_65_plus,1595.8031782439
3287,working_age_15_64,12862.8593215387
3287,young_0_14,5498.9183669405
3288,old_age_65_plus,2019.0715302521
3288,working_age_15_64,18548.3917905222
3288,young_0_14,6391.9418880591
3289,old_age_65_plus,2225.3216660357
3289,working_age_15_64,19295.5126231110
3289,young_0_14,6265.1571128638
3290,old_age_65_plus,1712.4153030428
3290,working_age_15_64,12606.6699447688
3290,young_0_14,4685.5105308667
3291,old_age_65_plus,987.1538575266
3291,working_age_15_64,6925.7990283805
3291,young_0_14,3112.4414636546
3292,old_age_65_plus,2641.6168074078
3292,working_age_15_64,20422.6870041581
3292,young_0_14,7674.2506134152
3293,old_age_65_plus,2892.8829897462
3293,working_age_15_64,24625.8126457041
3293,young_0_14,8473.4085633337
3294,old_age_65_plus,1693.8321270764
3294,working_age_15_64,13681.8370358358
3294,young_0_14,4714.6231970372
3295,old_age_65_plus,1339.1818301429
3295,working_age_15_64,11266.7539531751
3295,young_0_14,4822.9928525105
3296,old_age_65_plus,798.3455144693
3296,working_age_15_64,6550.1233269694
3296,young_0_14,3184.7914287148
3297,old_age_65_plus,2131.8440240621
3297,working_age_15_64,17628.5283964325
3297,young_0_14,6759.5987576613
3298,old_age_65_plus,2588.2478674762
3298,working_age_15_64,20988.1392987062
3298,young_0_14,8509.4453484406
3299,old_age_65_plus,1619.2698525316
3299,working_age_15_64,12113.5896920062
3299,young_0_14,4693.5351217661
3300,old_age_65_plus,2593.3358536123
3300,working_age_15_64,20473.7649692961
3300,young_0_14,7039.6451770146
3301,old_age_65_plus,2067.1012681519
3301,working_age_15_64,21708.9039851007
3301,young_0_14,8087.2885192800
3302,old_age_65_plus,1929.0922802214
3302,working_age_15_64,15430.4373021834
3302,young_0_14,6075.5279490361
3303,old_age_65_plus,1090.5590387246
3303,working_age_15_64,9224.9659353606
3303,young_0_14,4059.5625571482
3304,old_age_65_plus,2173.0733023450
3304,working_age_15_64,17151.6774092521
3304,young_0_14,7030.6325377017
3305,old_age_65_plus,2332.4714048486
3305,working_age_15_64,20110.8573285404
3305,young_0_14,8372.7731569342
3306,old_age_65_plus,858.7244018161
3306,working_age_15_64,6015.9719060067
3306,young_0_14,2729.1036345497
3307,old_age_65_plus,3183.6954669134
3307,working_age_15_64,26689.5231862972
3307,young_0_14,9898.1019731647
3308,old_age_65_plus,1271.5464530685
3308,working_age_15_64,10981.5005089262
3308,young_0_14,4442.8280144328
3309,old_age_65_plus,1686.7402795780
3309,working_age_15_64,13453.4697026813
3309,young_0_14,5111.6509195540
3310,old_age_65_plus,1309.0624504923
3310,working_age_15_64,10715.3989129067
3310,young_0_14,4423.5355362963
3311,old_age_65_plus,1283.5953160448
3311,working_age_15_64,10919.3501068030
3311,young_0_14,4522.6172040005
3312,old_age_65_plus,987.4410828803
3312,working_age_15_64,7183.7757115279
3312,young_0_14,3441.7854670983
3313,old_age_65_plus,1994.0391009065
3313,working_age_15_64,15728.0523600307
3313,young_0_14,5890.3482377688
3314,old_age_65_plus,1199.5827965404
3314,working_age_15_64,7624.7487535241
3314,young_0_14,3371.5057587328
3315,old_age_65_plus,2076.7450322153
3315,working_age_15_64,16779.3148151003
3315,young_0_14,6088.3392064725
3316,old_age_65_plus,1013.4012285897
3316,working_age_15_64,7254.7524600300
3316,young_0_14,3070.0492104791
3317,old_age_65_plus,1184.1235782535
3317,working_age_15_64,11116.4026266000
3317,young_0_14,4938.7631373617
3318,old_age_65_plus,1926.4995882941
3318,working_age_15_64,15229.8633192139
3318,young_0_14,6284.5615406782
3319,old_age_65_plus,810.2250328231
3319,working_age_15_64,6240.0367599474
3319,young_0_14,3082.5337413600
3320,old_age_65_plus,1714.7075389275
3320,working_age_15_64,14462.4724335655
3320,young_0_14,5478.8669907383
3321,old_age_65_plus,942.4177635348
3321,working_age_15_64,7228.1795302861
3321,young_0_14,3352.7551697503
3322,old_age_65_plus,1265.8214607426
3322,working_age_15_64,10471.6277396447
3322,young_0_14,4507.0822647860
3323,old_age_65_plus,1814.7060772749
3323,working_age_15_64,15033.0916255721
3323,young_0_14,5505.0119753967
3324,old_age_65_plus,1501.8728568701
3324,working_age_15_64,12397.1237067126
3324,young_0_14,5393.0750312158
3325,old_age_65_plus,978.5655946637
3325,working_age_15_64,6994.1973629705
3325,young_0_14,2854.7712827762
3326,old_age_65_plus,1898.2562810343
3326,working_age_15_64,15637.6944399691
3326,young_0_14,5807.9625172674
3327,old_age_65_plus,989.0659569422
3327,working_age_15_64,7461.7792548141
3327,young_0_14,3286.9476493472
3328,old_age_65_plus,1963.1801133167
3328,working_age_15_64,16577.6024199396
3328,young_0_14,6552.9371570534
3329,old_age_65_plus,1463.6346824056
3329,working_age_15_64,11105.2907313501
3329,young_0_14,4909.1648756653
3330,old_age_65_plus,865.1470827464
3330,working_age_15_64,6690.2996409704
3330,young_0_14,3497.0425368594
3331,old_age_65_plus,955.2222688940
3331,working_age_15_64,7467.7756907031
3331,young_0_14,3727.0909620307
3332,old_age_65_plus,861.4933264205
3332,working_age_15_64,6886.0463574573
3332,young_0_14,3282.4816898762
3333,old_age_65_plus,857.1838858398
3333,working_age_15_64,6827.6028141108
3333,young_0_14,3293.8596098041
3334,old_age_65_plus,1743.8571083433
3334,working_age_15_64,15531.9376903978
3334,young_0_14,6590.8968519513
3335,old_age_65_plus,1935.9233131553
3335,working_age_15_64,15292.9860002570
3335,young_0_14,5701.9073269850
3336,old_age_65_plus,2019.1885761962
3336,working_age_15_64,16727.8460306260
3336,young_0_14,6233.9501254190
3337,old_age_65_plus,1724.6552968330
3337,working_age_15_64,13823.9988750901
3337,young_0_14,5642.0576391071
3338,old_age_65_plus,1620.9043578278
3338,working_age_15_64,12350.5229048676
3338,young_0_14,4750.3401506701
3339,old_age_65_plus,1397.8107871207
3339,working_age_15_64,11676.2436271725
3339,young_0_14,5186.9360348531
3340,old_age_65_plus,939.1620241384
3340,working_age_15_64,6727.6637344882
3340,young_0_14,3157.1106976281
3341,old_age_65_plus,1009.8875059319
3341,working_age_15_64,6730.6565442191
3341,young_0_14,3029.8918519093
3342,old_age_65_plus,1906.3491766713
3342,working_age_15_64,14625.4235093451
3342,young_0_14,6131.6703717244
3343,old_age_65_plus,1234.0646554246
3343,working_age_15_64,10468.1445758454
3343,young_0_14,4271.0605348686
3344,old_age_65_plus,926.3369877251
3344,working_age_15_64,6611.1823881328
3344,young_0_14,3022.9301730786
3345,old_age_65_plus,1730.8867758352
3345,working_age_15_64,12533.3067872736
3345,young_0_14,5210.6488542506
3346,old_age_65_plus,1113.7905585053
3346,working_age_15_64,8119.4234741576
3346,young_0_14,3515.1277762541
3347,old_age_65_plus,1076.6399879591
3347,working_age_15_64,8377.7169374393
3347,young_0_14,3604.8959801069
3348,old_age_65_plus,1493.6940076715
3348,working_age_15_64,11830.6992764182
3348,young_0_14,4805.4418219784
3349,old_age_65_plus,1045.1232164624
3349,working_age_15_64,7916.8077261391
3349,young_0_14,3654.0535800198
3350,old_age_65_plus,850.6854188353
3350,working_age_15_64,6289.9228981290
3350,young_0_14,2877.2076756955
3351,old_age_65_plus,1228.6421024474
3351,working_age_15_64,9254.2891255454
3351,young_0_14,3526.2063980452
3352,old_age_65_plus,1049.3523279502
3352,working_age_15_64,8217.5010599585
3352,young_0_14,3870.0977802909
3353,old_age_65_plus,2110.1688453133
3353,working_age_15_64,18010.8551011264
3353,young_0_14,6694.6097641057
3354,old_age_65_plus,954.6266038121
3354,working_age_15_64,7298.9156753486
3354,young_0_14,3133.3201658576
3355,old_age_65_plus,2179.5055117748
3355,working_age_15_64,18057.0602055028
3355,young_0_14,6914.0064180155
3356,old_age_65_plus,1231.4536478562
3356,working_age_15_64,8620.6323692197
3356,young_0_14,3836.3574178404
3357,old_age_65_plus,829.5524986280
3357,working_age_15_64,6134.5146633425
3357,young_0_14,2967.1145319864
3358,old_age_65_plus,1050.2931758357
3358,working_age_15_64,6498.9601194142
3358,young_0_14,3134.6991610258
3359,old_age_65_plus,833.3384031534
3359,working_age_15_64,6234.5637781424
3359,young_0_14,2875.8134655055
3360,old_age_65_plus,1460.3075792640
3360,working_age_15_64,11235.3116635056
3360,young_0_14,4855.1099528592
3361,old_age_65_plus,1623.5491442387
3361,working_age_15_64,11751.7959698205
3361,young_0_14,5033.6042192109
3362,old_age_65_plus,1083.4293170716
3362,working_age_15_64,7159.2164899571
3362,young_0_14,3187.5721040385
3363,old_age_65_plus,781.2900618536
3363,working_age_15_64,5574.9374029341
3363,young_0_14,2656.0626824772
3364,old_age_65_plus,1632.5110091861
3364,working_age_15_64,12764.5287704199
3364,young_0_14,5326.5677227338
3365,old_age_65_plus,1056.0670375414
3365,working_age_15_64,7775.2065144404
3365,young_0_14,3550.7517496013
3366,old_age_65_plus,1634.5524384793
3366,working_age_15_64,13646.8465629375
3366,young_0_14,5968.5269332002
3367,old_age_65_plus,1030.4604044210
3367,working_age_15_64,7379.3347082873
3367,young_0_14,3341.6232036813
3368,old_age_65_plus,1461.0868136763
3368,working_age_15_64,11358.1767056956
3368,young_0_14,4593.4262234029
3369,old_age_65_plus,1122.3718311971
3369,working_age_15_64,7181.9357674109
3369,young_0_14,3106.3168522652
3370,old_age_65_plus,1067.7759353587
3370,working_age_15_64,7837.5171950037
3370,young_0_14,3314.6822953223
3371,old_age_65_plus,1672.1260759087
3371,working_age_15_64,12480.3420218975
3371,young_0_14,4300.8364485832
3372,old_age_65_plus,3064.6416474713
3372,working_age_15_64,25372.6294815372
3372,young_0_14,8356.8994920975
3373,old_age_65_plus,746.7761374179
3373,working_age_15_64,5357.1899175840
3373,young_0_14,2432.8917809653
3374,old_age_65_plus,1661.4798373578
3374,working_age_15_64,12210.5254638042
3374,young_0_14,4556.1313964196
3375,old_age_65_plus,2225.4252915766
3375,working_age_15_64,16436.1861549927
3375,young_0_14,6272.0349870662
3376,old_age_65_plus,968.2861863960
3376,working_age_15_64,7895.9303808401
3376,young_0_14,3954.9806642727
3377,old_age_65_plus,2173.6495554459
3377,working_age_15_64,17282.2116926397
3377,young_0_14,6044.1830983489
3378,old_age_65_plus,1377.7434134814
3378,working_age_15_64,9902.5438470562
3378,young_0_14,4451.6491143393
3379,old_age_65_plus,2877.3089764765
3379,working_age_15_64,20191.9272669405
3379,young_0_14,7075.9140534356
3380,old_age_65_plus,625.3742158520
3380,working_age_15_64,4458.6354725888
3380,young_0_14,2025.6590389884
3381,old_age_65_plus,1632.0354799402
3381,working_age_15_64,13329.8816209570
3381,young_0_14,5471.0314144565
3382,old_age_65_plus,745.3403409052
3382,working_age_15_64,5866.2882261356
3382,young_0_14,2828.7310107287
3383,old_age_65_plus,1324.4695003532
3383,working_age_15_64,10544.1477782747
3383,young_0_14,4717.4025346283
3384,old_age_65_plus,709.1352330077
3384,working_age_15_64,5212.3936980234
3384,young_0_14,2456.2068419816
3385,old_age_65_plus,716.7642331985
3385,working_age_15_64,4949.4490576865
3385,young_0_14,2336.0366717609
3386,old_age_65_plus,567.5524887175
3386,working_age_15_64,4212.0598189819
3386,young_0_14,2061.6249840980
3387,old_age_65_plus,650.8938803759
3387,working_age_15_64,4368.7611136749
3387,young_0_14,2025.8555017787
3388,old_age_65_plus,774.0498644936
3388,working_age_15_64,6070.0748040778
3388,young_0_14,2742.8866620692
3389,old_age_65_plus,873.6873517276
3389,working_age_15_64,6265.1691872293
3389,young_0_14,2810.5648248401
3390,old_age_65_plus,1012.9575577466
3390,working_age_15_64,8670.7431329617
3390,young_0_14,3825.1213809564
3391,old_age_65_plus,2181.7580099549
3391,working_age_15_64,19187.7271405160
3391,young_0_14,7369.3833107341
3392,old_age_65_plus,907.1168431324
3392,working_age_15_64,5360.9568178953
3392,young_0_14,2523.4797695653
3393,old_age_65_plus,778.4384014719
3393,working_age_15_64,6167.2809136894
3393,young_0_14,3018.6946800823
3394,old_age_65_plus,813.9654965794
3394,working_age_15_64,6246.6579599334
3394,young_0_14,2880.3360057866
3395,old_age_65_plus,645.4918670786
3395,working_age_15_64,5184.1067035164
3395,young_0_14,2559.4324206109
3396,old_age_65_plus,735.0236653004
3396,working_age_15_64,5340.5117270702
3396,young_0_14,2491.0048268503
3397,old_age_65_plus,1252.3326392654
3397,working_age_15_64,9990.9692715431
3397,young_0_14,3980.0573212412
3398,old_age_65_plus,2799.7064889845
3398,working_age_15_64,22552.1426306603
3398,young_0_14,7455.8470512442
3399,old_age_65_plus,970.1188376804
3399,working_age_15_64,7845.0618604806
3399,young_0_14,4059.5327877561
3400,old_age_65_plus,1005.2330374167
3400,working_age_15_64,8119.2694448068
3400,young_0_14,2876.5844775251
3401,old_age_65_plus,693.5719113501
3401,working_age_15_64,5007.2945118041
3401,young_0_14,2513.3710261613
3402,old_age_65_plus,821.6759890140
3402,working_age_15_64,6247.2944794806
3402,young_0_14,2721.4296988128
3403,old_age_65_plus,619.5947404696
3403,working_age_15_64,5257.7545245021
3403,young_0_14,2853.2144147562
3404,old_age_65_plus,1163.8338735723
3404,working_age_15_64,10089.8132720595
3404,young_0_14,4311.1497478153
3405,old_age_65_plus,665.0866234015
3405,working_age_15_64,5477.5350419217
3405,young_0_14,2477.3590590651
3406,old_age_65_plus,987.2382154951
3406,working_age_15_64,6395.4082915604
3406,young_0_14,2676.5794805481
3407,old_age_65_plus,886.3009052439
3407,working_age_15_64,6488.6535746630
3407,young_0_14,2887.1905398008
3408,old_age_65_plus,1130.9421106308
3408,working_age_15_64,7615.0684820490
3408,young_0_14,2984.5623599214
3409,old_age_65_plus,920.6027514976
3409,working_age_15_64,6962.9548356297
3409,young_0_14,3297.0995099629
3410,old_age_65_plus,915.4885687021
3410,working_age_15_64,6346.9478835907
3410,young_0_14,3155.8416571712
3411,old_age_65_plus,1363.6105099967
3411,working_age_15_64,8957.7044044895
3411,young_0_14,3938.2528237100
3412,old_age_65_plus,767.1959881061
3412,working_age_15_64,6974.7432389296
3412,young_0_14,3594.3485927761
3413,old_age_65_plus,1817.1635650032
3413,working_age_15_64,13998.9693016132
3413,young_0_14,4942.6667715981
3414,old_age_65_plus,1418.2198408026
3414,working_age_15_64,10506.6329507102
3414,young_0_14,4384.7041811949
3415,old_age_65_plus,605.1286161146
3415,working_age_15_64,4262.5893494774
3415,young_0_14,2145.2596229175
3416,old_age_65_plus,706.0113095811
3416,working_age_15_64,4821.4401730743
3416,young_0_14,2306.7413522086
3417,old_age_65_plus,825.8196683242
3417,working_age_15_64,6412.5125489530
3417,young_0_14,2486.0958234992
3418,old_age_65_plus,1187.7856307696
3418,working_age_15_64,9086.5242975709
3418,young_0_14,3751.9383713294
3419,old_age_65_plus,1366.4430567548
3419,working_age_15_64,11095.6110699591
3419,young_0_14,4393.4581613737
3420,old_age_65_plus,2014.5540501152
3420,working_age_15_64,14679.6954090007
3420,young_0_14,5497.8022734365
3421,old_age_65_plus,1694.1003885215
3421,working_age_15_64,12696.6244060315
3421,young_0_14,5481.8461314999
3422,old_age_65_plus,796.9606716494
3422,working_age_15_64,5649.3370519872
3422,young_0_14,2673.3317606865
3423,old_age_65_plus,1291.8144451222
3423,working_age_15_64,11237.0016761622
3423,young_0_14,4826.7694586833
3424,old_age_65_plus,931.7088128408
3424,working_age_15_64,7307.6375855192
3424,young_0_14,3302.4454629557
3425,old_age_65_plus,926.5237524857
3425,working_age_15_64,6616.4439402843
3425,young_0_14,2941.3431747886
3426,old_age_65_plus,807.2904444190
3426,working_age_15_64,6786.6444726105
3426,young_0_14,2908.4722790719
3427,old_age_65_plus,858.3327236983
3427,working_age_15_64,7009.7588807168
3427,young_0_14,3129.3014663460
3428,old_age_65_plus,613.2156082761
3428,working_age_15_64,4652.8401805034
3428,young_0_14,2313.9240251051
3429,old_age_65_plus,966.7358711994
3429,working_age_15_64,8142.0355120506
3429,young_0_14,4038.4341167369
3430,old_age_65_plus,941.6587019143
3430,working_age_15_64,6916.4539466463
3430,young_0_14,2879.4083263552
3431,old_age_65_plus,876.3015947589
3431,working_age_15_64,6453.9630074881
3431,young_0_14,3060.6027109061
3432,old_age_65_plus,862.3340729835
3432,working_age_15_64,6880.4793034492
3432,young_0_14,3102.4775391167
3433,old_age_65_plus,1243.1021938922
3433,working_age_15_64,9019.7555070390
3433,young_0_14,4003.2088133952
3434,old_age_65_plus,957.0879964982
3434,working_age_15_64,7152.9943874589
3434,young_0_14,3202.7820267266
3435,old_age_65_plus,1499.1263590953
3435,working_age_15_64,13206.1657883505
3435,young_0_14,5443.7944127287
3436,old_age_65_plus,919.2375144845
3436,working_age_15_64,6928.1593996957
3436,young_0_14,2864.5033240915
3437,old_age_65_plus,852.4789497808
3437,working_age_15_64,5571.2958382610
3437,young_0_14,2465.8682807030
3438,old_age_65_plus,1143.8729530136
3438,working_age_15_64,8045.5081329591
3438,young_0_14,3239.5259239626
3439,old_age_65_plus,739.1610690448
3439,working_age_15_64,5878.5542652490
3439,young_0_14,2862.5096847735
3440,old_age_65_plus,825.0654988920
3440,working_age_15_64,6126.2101733725
3440,young_0_14,2680.1781920028
3441,old_age_65_plus,1542.6414280513
3441,working_age_15_64,12674.4450763339
3441,young_0_14,5216.2415568144
3442,old_age_65_plus,649.5159964721
3442,working_age_15_64,4627.6585636640
3442,young_0_14,2099.2324787241
3443,old_age_65_plus,662.8604538354
3443,working_age_15_64,5121.2246243565
3443,young_0_14,2356.1233731968
3444,old_age_65_plus,2680.1607243669
3444,working_age_15_64,20484.9155068638
3444,young_0_14,7374.5839382812
3445,old_age_65_plus,860.4751639285
3445,working_age_15_64,5427.8681968768
3445,young_0_14,2332.2454865823
3446,old_age_65_plus,1149.3985919953
3446,working_age_15_64,8498.1336984034
3446,young_0_14,3816.0243225717
3447,old_age_65_plus,805.6720152106
3447,working_age_15_64,6153.8161170199
3447,young_0_14,2791.4603870095
3448,old_age_65_plus,1265.7006904656
3448,working_age_15_64,10540.0249562761
3448,young_0_14,4983.7469941626
3449,old_age_65_plus,1045.4719414725
3449,working_age_15_64,8362.2625772174
3449,young_0_14,3771.3405150146
3450,old_age_65_plus,1697.3067536560
3450,working_age_15_64,14299.0493900790
3450,young_0_14,5277.9708441985
3451,old_age_65_plus,2179.0981187619
3451,working_age_15_64,17548.8860710850
3451,young_0_14,7281.2414361134
3452,old_age_65_plus,804.4578103176
3452,working_age_15_64,5981.9928466459
3452,young_0_14,2547.3905917813
3453,old_age_65_plus,694.4129157673
3453,working_age_15_64,5242.0935063907
3453,young_0_14,2371.6530220264
3454,old_age_65_plus,1660.8148352925
3454,working_age_15_64,15444.9045525945
3454,young_0_14,6716.5590869713
3455,old_age_65_plus,1295.3062850268
3455,working_age_15_64,10075.2969580795
3455,young_0_14,4274.2821207431
3456,old_age_65_plus,793.9635687632
3456,working_age_15_64,5364.2969658672
3456,young_0_14,2499.9295996460
3457,old_age_65_plus,652.8405187938
3457,working_age_15_64,5041.1781024362
3457,young_0_14,2213.1308177896
3458,old_age_65_plus,1186.2579288294
3458,working_age_15_64,8892.9445712336
3458,young_0_14,3528.7241055610
3459,old_age_65_plus,860.6876631080
3459,working_age_15_64,6565.3429442568
3459,young_0_14,2750.4813843015
3460,old_age_65_plus,2170.2482157558
3460,working_age_15_64,16774.8045172280
3460,young_0_14,5843.0774446627
3461,old_age_65_plus,1072.4040007119
3461,working_age_15_64,10234.9464616834
3461,young_0_14,4642.1903835624
3462,old_age_65_plus,2333.4012578681
3462,working_age_15_64,20996.0768421335
3462,young_0_14,8015.0465786300
3463,old_age_65_plus,799.5361970714
3463,working_age_15_64,6507.2128460870
3463,young_0_14,3044.3679570931
3464,old_age_65_plus,1462.0440389644
3464,working_age_15_64,9715.2370480470
3464,young_0_14,4112.4791321222
3465,old_age_65_plus,975.3752826364
3465,working_age_15_64,8082.4530638551
3465,young_0_14,3826.3291006529
3466,old_age_65_plus,616.2314144997
3466,working_age_15_64,4652.6562115736
3466,young_0_14,2139.2629538086
3467,old_age_65_plus,868.6339606886
3467,working_age_15_64,5362.2057702146
3467,young_0_14,2399.8311250999
3468,old_age_65_plus,1055.2040692251
3468,working_age_15_64,7770.1561923178
3468,young_0_14,3279.3565124355
3469,old_age_65_plus,1101.2763475913
3469,working_age_15_64,7542.8888260529
3469,young_0_14,3438.5794067598
3470,old_age_65_plus,1351.1834655559
3470,working_age_15_64,9407.6534389796
3470,young_0_14,3928.7823439314
3471,old_age_65_plus,498.0941180703
3471,working_age_15_64,3381.6684460608
3471,young_0_14,1386.7533694803
3472,old_age_65_plus,1631.8915426282
3472,working_age_15_64,15940.1892998608
3472,young_0_14,6219.4384908014
3473,old_age_65_plus,862.3890523076
3473,working_age_15_64,6254.7214226004
3473,young_0_14,2575.7897576838
3474,old_age_65_plus,1836.7302669959
3474,working_age_15_64,16284.2778112333
3474,young_0_14,6590.7499001168
3475,old_age_65_plus,653.3351387031
3475,working_age_15_64,5196.8493113649
3475,young_0_14,2398.4347858375
3476,old_age_65_plus,1399.8876416527
3476,working_age_15_64,11521.3444368237
3476,young_0_14,3591.4442140365
3477,old_age_65_plus,583.2727625893
3477,working_age_15_64,4141.1350609668
3477,young_0_14,2001.2710514697
3478,old_age_65_plus,1287.0182493285
3478,working_age_15_64,9902.1194947700
3478,young_0_14,4271.5203105139
3479,old_age_65_plus,1179.7677022695
3479,working_age_15_64,8279.9966957754
3479,young_0_14,3862.9642977333
3480,old_age_65_plus,1073.5196702463
3480,working_age_15_64,8500.7937082758
3480,young_0_14,3275.2785365982
3481,old_age_65_plus,1111.8362935881
3481,working_age_15_64,7719.8424085802
3481,young_0_14,3128.8020465454
3482,old_age_65_plus,758.2759076566
3482,working_age_15_64,4964.7282153815
3482,young_0_14,2222.3106487307
3483,old_age_65_plus,877.6774953331
3483,working_age_15_64,6392.9804601507
3483,young_0_14,2825.7892100606
3484,old_age_65_plus,1896.3268486206
3484,working_age_15_64,15382.4007392472
3484,young_0_14,5716.0482066859
3485,old_age_65_plus,1124.4177259128
3485,working_age_15_64,8296.7863577453
3485,young_0_14,3409.6054867794
3486,old_age_65_plus,1378.7153216931
3486,working_age_15_64,11653.6109557415
3486,young_0_14,4609.2141482598
3487,old_age_65_plus,2207.2417721632
3487,working_age_15_64,15004.1643327678
3487,young_0_14,6418.0930549507
3488,old_age_65_plus,640.0173397678
3488,working_age_15_64,4510.8943989087
3488,young_0_14,1902.4786760446
3489,old_age_65_plus,753.3371456422
3489,working_age_15_64,5555.4804326239
3489,young_0_14,2518.4606102054
3490,old_age_65_plus,995.8362140082
3490,working_age_15_64,6244.9640497558
3490,young_0_14,2762.2574048080
3491,old_age_65_plus,728.7316907388
3491,working_age_15_64,5105.2194441300
3491,young_0_14,2219.3576248264
3492,old_age_65_plus,2038.3535780016
3492,working_age_15_64,16507.5954804413
3492,young_0_14,6157.4889547944
3493,old_age_65_plus,627.3974294126
3493,working_age_15_64,4628.0503709555
3493,young_0_14,2097.1508152352
3494,old_age_65_plus,660.9626170724
3494,working_age_15_64,5255.1193026374
3494,young_0_14,2352.4199152761
3495,old_age_65_plus,497.0918069604
3495,working_age_15_64,3406.0849719861
3495,young_0_14,1544.9729615267
3496,old_age_65_plus,715.9219350551
3496,working_age_15_64,4995.7820155731
3496,young_0_14,2399.8922711690
3497,old_age_65_plus,734.1809342355
3497,working_age_15_64,5571.3917603220
3497,young_0_14,2416.0485353127
3498,old_age_65_plus,883.1346028421
3498,working_age_15_64,6094.7029499816
3498,young_0_14,2767.5569474500
3499,old_age_65_plus,1406.6461918921
3499,working_age_15_64,10831.1373048224
3499,young_0_14,3336.4899137921
3500,old_age_65_plus,711.6387098179
3500,working_age_15_64,4675.9058492548
3500,young_0_14,1932.5700621503
3501,old_age_65_plus,574.0561102930
3501,working_age_15_64,4185.2563545705
3501,young_0_14,1904.1860694118
3502,old_age_65_plus,695.0231481426
3502,working_age_15_64,5647.0490623074
3502,young_0_14,2521.8811549576
3503,old_age_65_plus,622.9485907727
3503,working_age_15_64,3989.7020040049
3503,young_0_14,1776.5890438040
3504,old_age_65_plus,667.2929647020
3504,working_age_15_64,4784.9169163193
3504,young_0_14,2054.0051171555
3505,old_age_65_plus,2332.3241317871
3505,working_age_15_64,19494.5828993331
3505,young_0_14,6859.7375944585
3506,old_age_65_plus,924.2833608515
3506,working_age_15_64,7094.9636208002
3506,young_0_14,3101.8178421226
3507,old_age_65_plus,1225.6679984355
3507,working_age_15_64,10885.1702556106
3507,young_0_14,4330.3031417124
3508,old_age_65_plus,1028.6878485986
3508,working_age_15_64,8822.8720549644
3508,young_0_14,3589.1795634768
3509,old_age_65_plus,1038.2050266679
3509,working_age_15_64,8613.2246039569
3509,young_0_14,3463.0256560798
3510,old_age_65_plus,876.9543633353
3510,working_age_15_64,6597.1778435325
3510,young_0_14,2750.9406646469
3511,old_age_65_plus,638.2998003241
3511,working_age_15_64,4211.8309572103
3511,young_0_14,1881.5116461670
3512,old_age_65_plus,1380.5597084864
3512,working_age_15_64,11124.9973860685
3512,young_0_14,4721.3589450595
3513,old_age_65_plus,653.3355413271
3513,working_age_15_64,4720.7450270481
3513,young_0_14,1991.0188384278
3514,old_age_65_plus,446.1151368933
3514,working_age_15_64,3446.8443365354
3514,young_0_14,1620.8634782662
3515,old_age_65_plus,1082.9271403437
3515,working_age_15_64,9140.0035869232
3515,young_0_14,3730.9752304260
3516,old_age_65_plus,663.4820244776
3516,working_age_15_64,5841.5842750716
3516,young_0_14,2657.4082145765
3517,old_age_65_plus,933.4498621894
3517,working_age_15_64,7522.9903115272
3517,young_0_14,3209.0238293633
3518,old_age_65_plus,703.4470169648
3518,working_age_15_64,5495.4395016764
3518,young_0_14,2381.5515426549
3519,old_age_65_plus,733.9220651691
3519,working_age_15_64,5821.8123493265
3519,young_0_14,2696.5013420567
3520,old_age_65_plus,470.8751567702
3520,working_age_15_64,3653.3259964945
3520,young_0_14,1717.5699734257
3521,old_age_65_plus,1858.0871260640
3521,working_age_15_64,15700.1265015988
3521,young_0_14,6586.1755176105
3522,old_age_65_plus,807.9571201446
3522,working_age_15_64,6921.3083534260
3522,young_0_14,2860.0279308234
3523,old_age_65_plus,476.2745637773
3523,working_age_15_64,3229.3945526020
3523,young_0_14,1436.9838081336
3524,old_age_65_plus,1055.4384779910
3524,working_age_15_64,8733.9926725020
3524,young_0_14,3445.4097161816
3525,old_age_65_plus,1262.7633676018
3525,working_age_15_64,9821.7377419477
3525,young_0_14,4279.6988109896
3526,old_age_65_plus,1009.5925744187
3526,working_age_15_64,8629.8660962964
3526,young_0_14,3748.6513418107
3527,old_age_65_plus,585.7532990136
3527,working_age_15_64,3512.3549540436
3527,young_0_14,1583.2472379407
3528,old_age_65_plus,403.8093972066
3528,working_age_15_64,2640.6298646105
3528,young_0_14,1199.7633479621
3529,old_age_65_plus,551.8100843008
3529,working_age_15_64,3860.9900777101
3529,young_0_14,1758.3485684140
3530,old_age_65_plus,886.8655886115
3530,working_age_15_64,6750.2224617381
3530,young_0_14,2991.5365734899
3531,old_age_65_plus,597.3867594551
3531,working_age_15_64,4793.1846582153
3531,young_0_14,2258.3815843506
3532,old_age_65_plus,1144.6128456886
3532,working_age_15_64,10477.0717741653
3532,young_0_14,4016.4472533466
3533,old_age_65_plus,552.7803387611
3533,working_age_15_64,4106.9875346514
3533,young_0_14,1931.5077361651
3534,old_age_65_plus,416.8034081589
3534,working_age_15_64,3023.6302535086
3534,young_0_14,1388.9216380283
3535,old_age_65_plus,550.0131956256
3535,working_age_15_64,3590.1642205069
3535,young_0_14,1739.3095585587
3536,old_age_65_plus,877.9356877747
3536,working_age_15_64,6041.9826955653
3536,young_0_14,2879.5602907531
3537,old_age_65_plus,434.9515162044
3537,working_age_15_64,3251.1627390628
3537,young_0_14,1443.3945048429
3538,old_age_65_plus,1150.7961019308
3538,working_age_15_64,10326.1946575985
3538,young_0_14,3605.2030676227
3539,old_age_65_plus,694.2630755640
3539,working_age_15_64,4604.2725353499
3539,young_0_14,2112.5810298807
3540,old_age_65_plus,850.0220736652
3540,working_age_15_64,6546.1894419977
3540,young_0_14,3019.2053589775
3541,old_age_65_plus,723.0010065917
3541,working_age_15_64,5239.4472225498
3541,young_0_14,2431.1743395841
3542,old_age_65_plus,1547.6817633081
3542,working_age_15_64,13497.1742471078
3542,young_0_14,5145.1760722528
3543,old_age_65_plus,634.0901608183
3543,working_age_15_64,5098.7322100508
3543,young_0_14,2394.7793143159
3544,old_age_65_plus,452.2443323287
3544,working_age_15_64,3301.1865135464
3544,young_0_14,1364.3663001341
3545,old_age_65_plus,1062.1055945669
3545,working_age_15_64,8202.5869911475
3545,young_0_14,3391.8179410346
3546,old_age_65_plus,1493.7997656254
3546,working_age_15_64,11660.8268882963
3546,young_0_14,4889.5481688406
3547,old_age_65_plus,573.5047118103
3547,working_age_15_64,3939.8671335090
3547,young_0_14,1833.5966869010
3548,old_age_65_plus,479.9036955629
3548,working_age_15_64,3693.6518896662
3548,young_0_14,1604.9603078698
3549,old_age_65_plus,435.7541578267
3549,working_age_15_64,3656.1643575509
3549,young_0_14,1633.1537976589
3550,old_age_65_plus,517.7790588872
3550,working_age_15_64,3342.2324373772
3550,young_0_14,1390.3391504175
3551,old_age_65_plus,1224.0260711026
3551,working_age_15_64,8987.2649918067
3551,young_0_14,3538.9532937909
3552,old_age_65_plus,643.7162920246
3552,working_age_15_64,3892.1221984958
3552,young_0_14,1775.3848206063
3553,old_age_65_plus,575.0934598628
3553,working_age_15_64,4490.2575119916
3553,young_0_14,2139.4795009749
3554,old_age_65_plus,1138.6458510156
3554,working_age_15_64,8620.4037120256
3554,young_0_14,3417.1197509986
3555,old_age_65_plus,1280.9290836994
3555,working_age_15_64,9720.5788097522
3555,young_0_14,3872.1732584105
3556,old_age_65_plus,823.2044455053
3556,working_age_15_64,6053.9266678731
3556,young_0_14,2680.9211030234
3557,old_age_65_plus,1573.6080178109
3557,working_age_15_64,13688.1573514554
3557,young_0_14,4004.5423603725
3558,old_age_65_plus,510.8553507671
3558,working_age_15_64,3502.5675781239
3558,young_0_14,1582.0440950651
3559,old_age_65_plus,1166.2152406953
3559,working_age_15_64,10307.2969500784
3559,young_0_14,3236.6344958141
3560,old_age_65_plus,1104.4375694687
3560,working_age_15_64,9898.5403675680
3560,young_0_14,2708.2029306529
3561,old_age_65_plus,1614.8266003121
3561,working_age_15_64,16127.5795073574
3561,young_0_14,3511.1065083160
3562,old_age_65_plus,1800.8726492926
3562,working_age_15_64,16282.9086583029
3562,young_0_14,5210.6315676705
3563,old_age_65_plus,2131.1185445269
3563,working_age_15_64,17294.6097388373
3563,young_0_14,6271.3710383008
3564,old_age_65_plus,596.2876334410
3564,working_age_15_64,3789.9354200423
3564,young_0_14,1624.8339010676
3565,old_age_65_plus,650.3866500564
3565,working_age_15_64,5014.7223210585
3565,young_0_14,2246.3551845361
3566,old_age_65_plus,480.8796585202
3566,working_age_15_64,3718.6526386171
3566,young_0_14,1669.9656192722
3567,old_age_65_plus,1110.8169386755
3567,working_age_15_64,10431.5953024445
3567,young_0_14,2883.8494140114
3568,old_age_65_plus,777.3934073195
3568,working_age_15_64,4909.8266439579
3568,young_0_14,1827.5655030798
3569,old_age_65_plus,2076.1847350666
3569,working_age_15_64,15882.3816363954
3569,young_0_14,4885.2990371137
3570,old_age_65_plus,723.2198467920
3570,working_age_15_64,4714.5730142707
3570,young_0_14,1894.0276837747
3571,old_age_65_plus,904.9487648795
3571,working_age_15_64,7533.4829445815
3571,young_0_14,3163.8438125519
3572,old_age_65_plus,1171.3026851855
3572,working_age_15_64,10526.5062097598
3572,young_0_14,2947.1718810776
3573,old_age_65_plus,737.7429344827
3573,working_age_15_64,5575.2463623118
3573,young_0_14,2354.1744357688
3574,old_age_65_plus,666.4691071567
3574,working_age_15_64,4902.7075706353
3574,young_0_14,1887.3705890762
3575,old_age_65_plus,938.2942525089
3575,working_age_15_64,6823.6081756708
3575,young_0_14,2469.5621114900
3576,old_age_65_plus,546.6174624455
3576,working_age_15_64,3699.5915628033
3576,young_0_14,1508.6153979936
3577,old_age_65_plus,769.8769703393
3577,working_age_15_64,6143.7010220136
3577,young_0_14,2908.8526545793
3578,old_age_65_plus,1444.0397686854
3578,working_age_15_64,11608.6554112939
3578,young_0_14,3334.5971948863
3579,old_age_65_plus,851.3000544910
3579,working_age_15_64,6081.8274231320
3579,young_0_14,2313.5167703557
3580,old_age_65_plus,716.9136416962
3580,working_age_15_64,5109.3050636731
3580,young_0_14,2124.2671245845
3581,old_age_65_plus,604.5382645506
3581,working_age_15_64,4111.3949618554
3581,young_0_14,1588.2004566014
3582,old_age_65_plus,621.6858278727
3582,working_age_15_64,4362.3906249621
3582,young_0_14,1707.6441131983
3583,old_age_65_plus,488.5707535853
3583,working_age_15_64,3622.6534186340
3583,young_0_14,1381.5610518065
3584,old_age_65_plus,1216.6558720174
3584,working_age_15_64,11411.4930283880
3584,young_0_14,4824.3438461573
3585,old_age_65_plus,1123.0429937916
3585,working_age_15_64,8609.4562964613
3585,young_0_14,3428.3444967205
3586,old_age_65_plus,463.4173749704
3586,working_age_15_64,3534.4663706937
3586,young_0_14,1408.3842925311
3587,old_age_65_plus,515.3126075449
3587,working_age_15_64,3890.7378332980
3587,young_0_14,1558.3986067416
3588,old_age_65_plus,543.2949087713
3588,working_age_15_64,3507.5051853981
3588,young_0_14,1552.3711203093
3589,old_age_65_plus,1457.7680709193
3589,working_age_15_64,12425.0742576934
3589,young_0_14,4530.2453153254
3590,old_age_65_plus,638.3163250384
3590,working_age_15_64,5299.6987423977
3590,young_0_14,2213.3040134458
3591,old_age_65_plus,1109.5745746210
3591,working_age_15_64,10274.6302118504
3591,young_0_14,2840.4455590050
3592,old_age_65_plus,987.7715083153
3592,working_age_15_64,8586.0497691719
3592,young_0_14,3630.8726264934
3593,old_age_65_plus,1095.2598899305
3593,working_age_15_64,8268.3237915655
3593,young_0_14,3099.4610487392
3594,old_age_65_plus,1049.3996657069
3594,working_age_15_64,9065.2284837221
3594,young_0_14,3828.7704264943
3595,old_age_65_plus,762.8015093322
3595,working_age_15_64,5750.1447727514
3595,young_0_14,2290.5804367943
3596,old_age_65_plus,1135.4542579924
3596,working_age_15_64,8580.9923102732
3596,young_0_14,2968.4572364351
3597,old_age_65_plus,1203.8553404109
3597,working_age_15_64,9237.2067053665
3597,young_0_14,3223.5853160140
3598,old_age_65_plus,533.6081208814
3598,working_age_15_64,4031.9882553228
3598,young_0_14,1594.8900472930
3599,old_age_65_plus,568.9744111268
3599,working_age_15_64,3911.7771752656
3599,young_0_14,1744.7452102301
3600,old_age_65_plus,1439.9854763105
3600,working_age_15_64,12184.1036263183
3600,young_0_14,4653.7815087004
3601,old_age_65_plus,1227.3293366706
3601,working_age_15_64,10896.0482437122
3601,young_0_14,4405.8949944730
3602,old_age_65_plus,942.0808258472
3602,working_age_15_64,7144.2082152467
3602,young_0_14,2905.4619618276
3603,old_age_65_plus,689.8248914717
3603,working_age_15_64,4606.6348895584
3603,young_0_14,1870.4434603863
3604,old_age_65_plus,814.1431344417
3604,working_age_15_64,6166.1600718010
3604,young_0_14,2540.9121337901
3605,old_age_65_plus,983.8133395034
3605,working_age_15_64,8676.3810064225
3605,young_0_14,3402.5267019124
3606,old_age_65_plus,785.3802356955
3606,working_age_15_64,7070.9068238896
3606,young_0_14,2884.0702368484
3607,old_age_65_plus,1065.3541842362
3607,working_age_15_64,8003.0492720140
3607,young_0_14,2874.8421913922
3608,old_age_65_plus,1126.4164134916
3608,working_age_15_64,9804.0217275540
3608,young_0_14,3848.5954295910
3609,old_age_65_plus,928.8058091036
3609,working_age_15_64,7683.2228827994
3609,young_0_14,3172.2481630395
3610,old_age_65_plus,691.1543176730
3610,working_age_15_64,5231.0117347236
3610,young_0_14,2106.3884778071
3611,old_age_65_plus,665.6676615404
3611,working_age_15_64,4848.8389449208
3611,young_0_14,1901.0219599136
3612,old_age_65_plus,582.4215318367
3612,working_age_15_64,4511.0141281222
3612,young_0_14,1776.3627388316
3613,old_age_65_plus,1181.7583327245
3613,working_age_15_64,9650.6419138074
3613,young_0_14,3585.6854017766
3614,old_age_65_plus,465.3236310702
3614,working_age_15_64,3655.5385355259
3614,young_0_14,1508.0857228591
3615,old_age_65_plus,885.0540957148
3615,working_age_15_64,6640.4055037404
3615,young_0_14,2486.3811902171
3616,old_age_65_plus,575.3517532296
3616,working_age_15_64,4376.2007705552
3616,young_0_14,2040.7806079694
3617,old_age_65_plus,835.6937734460
3617,working_age_15_64,5962.4893938160
3617,young_0_14,2295.2876037320
3618,old_age_65_plus,2268.6974528485
3618,working_age_15_64,19933.2419382471
3618,young_0_14,7298.1888289031
3619,old_age_65_plus,1712.4318055222
3619,working_age_15_64,15514.8540839007
3619,young_0_14,5823.4564487648
3620,old_age_65_plus,858.9118620046
3620,working_age_15_64,6328.5568833490
3620,young_0_14,2464.4061902115
3621,old_age_65_plus,528.7843873920
3621,working_age_15_64,4313.6971918887
3621,young_0_14,1674.1110224625
3622,old_age_65_plus,1041.7329988086
3622,working_age_15_64,8940.1007416865
3622,young_0_14,3131.2847818286
3623,old_age_65_plus,583.0478329321
3623,working_age_15_64,4293.0720875509
3623,young_0_14,1859.6282192799
3624,old_age_65_plus,902.2082049651
3624,working_age_15_64,6097.0708163333
3624,young_0_14,2522.6619602828
3625,old_age_65_plus,2223.5018510309
3625,working_age_15_64,20797.4290769440
3625,young_0_14,7999.9746335877
3626,old_age_65_plus,555.7131832734
3626,working_age_15_64,3980.5779145231
3626,young_0_14,1576.3173807215
3627,old_age_65_plus,716.0820551356
3627,working_age_15_64,5107.5914448713
3627,young_0_14,2262.6274198498
3628,old_age_65_plus,561.3681118716
3628,working_age_15_64,4793.6110313074
3628,young_0_14,2156.0951626782
3629,old_age_65_plus,1152.1330322038
3629,working_age_15_64,8868.3520958573
3629,young_0_14,4317.1357104462
3630,old_age_65_plus,442.2503861788
3630,working_age_15_64,4234.6580861842
3630,young_0_14,1456.6971373758
3631,old_age_65_plus,588.5499917477
3631,working_age_15_64,4184.5449197042
3631,young_0_14,1542.7166230132
3632,old_age_65_plus,525.5410716053
3632,working_age_15_64,3474.3456439888
3632,young_0_14,1527.8169730737
3633,old_age_65_plus,1452.3980078736
3633,working_age_15_64,13058.2989667327
3633,young_0_14,4927.4973111700
3634,old_age_65_plus,915.6544184822
3634,working_age_15_64,7384.5519371074
3634,young_0_14,3235.9695811138
3635,old_age_65_plus,904.4745590991
3635,working_age_15_64,7419.0114119907
3635,young_0_14,2771.6738470310
3636,old_age_65_plus,490.4480132049
3636,working_age_15_64,4085.9981607329
3636,young_0_14,1785.3363383516
3637,old_age_65_plus,1040.0170358752
3637,working_age_15_64,10926.7445676664
3637,young_0_14,2909.6435680617
3638,old_age_65_plus,1086.4410131182
3638,working_age_15_64,11279.0738692812
3638,young_0_14,3766.0479584015
3639,old_age_65_plus,827.5448356608
3639,working_age_15_64,7441.0312246742
3639,young_0_14,2078.8739576402
3640,old_age_65_plus,1199.5375725430
3640,working_age_15_64,14069.1660131741
3640,young_0_14,3329.2482029705
3641,old_age_65_plus,1245.7557662925
3641,working_age_15_64,14785.6057256971
3641,young_0_14,3466.3949198231
3642,old_age_65_plus,1148.5191894298
3642,working_age_15_64,13602.4417998762
3642,young_0_14,3161.7923733619
3643,old_age_65_plus,856.8229243219
3643,working_age_15_64,9460.3290916042
3643,young_0_14,2210.9771353374
3644,old_age_65_plus,1723.3024768215
3644,working_age_15_64,22295.4380472947
3644,young_0_14,4128.8305657526
3645,old_age_65_plus,1184.9136017510
3645,working_age_15_64,14987.8814159372
3645,young_0_14,3058.9579805603
3646,old_age_65_plus,1718.3170765020
3646,working_age_15_64,18985.1189428202
3646,young_0_14,4764.4787049062
3647,old_age_65_plus,1026.8804286324
3647,working_age_15_64,10902.6820625051
3647,young_0_14,3033.6512446244
3648,old_age_65_plus,3226.2420325630
3648,working_age_15_64,30696.4280902140
3648,young_0_14,10624.9133615775
3649,old_age_65_plus,2564.8571802752
3649,working_age_15_64,32851.3892247478
3649,young_0_14,6556.9814976529
3650,old_age_65_plus,1776.8962526841
3650,working_age_15_64,20001.2977529966
3650,young_0_14,4176.9729452243
3651,old_age_65_plus,1102.6166552447
3651,working_age_15_64,11296.9832706201
3651,young_0_14,3310.7419733737
3652,old_age_65_plus,2042.1062514602
3652,working_age_15_64,26233.8584723833
3652,young_0_14,4598.6572158724
3653,old_age_65_plus,2427.5268770871
3653,working_age_15_64,21656.9139804890
3653,young_0_14,7867.7568031482
3654,old_age_65_plus,1602.4771672023
3654,working_age_15_64,19516.9490772622
3654,young_0_14,3755.0067359964
3655,old_age_65_plus,4102.3214984015
3655,working_age_15_64,51361.2108746203
3655,young_0_14,8109.2802641938
3656,old_age_65_plus,3355.0262085174
3656,working_age_15_64,40865.1728970634
3656,young_0_14,7233.6462608596
3657,old_age_65_plus,4173.8301646694
3657,working_age_15_64,49161.1660585841
3657,young_0_14,9874.3228082388
3658,old_age_65_plus,2689.1092553828
3658,working_age_15_64,32801.6357909125
3658,young_0_14,6533.2864650489
3659,old_age_65_plus,2593.4514331222
3659,working_age_15_64,30359.6749533239
3659,young_0_14,7000.1985263958
3660,old_age_65_plus,1241.7770047591
3660,working_age_15_64,13872.1842264740
3660,young_0_14,4376.6227627565
3661,old_age_65_plus,4037.0955796749
3661,working_age_15_64,49763.0822602717
3661,young_0_14,14081.1958473603
3662,old_age_65_plus,440.1910443144
3662,working_age_15_64,3273.1624699561
3662,young_0_14,1277.0981854148
3663,old_age_65_plus,779.0815765025
3663,working_age_15_64,8899.2226211438
3663,young_0_14,2227.2663702880
3664,old_age_65_plus,2171.4791229962
3664,working_age_15_64,24480.7450507028
3664,young_0_14,6614.7043389873
3665,old_age_65_plus,1492.7317007281
3665,working_age_15_64,12407.0065633581
3665,young_0_14,3739.6618504806
3666,old_age_65_plus,976.9977301394
3666,working_age_15_64,5971.6312322175
3666,young_0_14,2745.0821795080
3667,old_age_65_plus,914.6706753957
3667,working_age_15_64,8689.7338070505
3667,young_0_14,2171.0660248543
3668,old_age_65_plus,876.9317047463
3668,working_age_15_64,9907.2312778280
3668,young_0_14,2369.3312828731
3669,old_age_65_plus,1913.8997164014
3669,working_age_15_64,18012.0526724635
3669,young_0_14,6357.6983823866
3670,old_age_65_plus,2254.3797891017
3670,working_age_15_64,21478.2609074124
3670,young_0_14,8335.9089509028
3671,old_age_65_plus,1735.7063595354
3671,working_age_15_64,18977.4375950745
3671,young_0_14,6358.4217155126
3672,old_age_65_plus,2415.1773628601
3672,working_age_15_64,25741.5618836816
3672,young_0_14,9629.4774112655
3673,old_age_65_plus,1265.6962946060
3673,working_age_15_64,12465.9564634641
3673,young_0_14,4379.0831526262
3674,old_age_65_plus,637.9286074957
3674,working_age_15_64,4840.1808203630
3674,young_0_14,1876.6215984942
3675,old_age_65_plus,468.1545559269
3675,working_age_15_64,4170.7491261909
3675,young_0_14,1534.4938074119
3676,old_age_65_plus,818.3912141099
3676,working_age_15_64,8054.9389732397
3676,young_0_14,2462.6617165837
3677,old_age_65_plus,1102.1740915843
3677,working_age_15_64,9334.6585067859
3677,young_0_14,3786.0311262827
3678,old_age_65_plus,1131.1128807210
3678,working_age_15_64,10754.7726199804
3678,young_0_14,4042.2551277205
3679,old_age_65_plus,823.7299999464
3679,working_age_15_64,5692.7947263386
3679,young_0_14,2658.3268093154
3680,old_age_65_plus,778.6807810107
3680,working_age_15_64,6187.6839668938
3680,young_0_14,2390.0664410645
3681,old_age_65_plus,753.6742397295
3681,working_age_15_64,7631.6345579664
3681,young_0_14,2558.8599909729
3682,old_age_65_plus,646.5000418036
3682,working_age_15_64,4787.3065863994
3682,young_0_14,1928.1004462846
3683,old_age_65_plus,1083.5888020445
3683,working_age_15_64,7483.7850762170
3683,young_0_14,2888.8804842097
3684,old_age_65_plus,594.8329323610
3684,working_age_15_64,5426.2940371159
3684,young_0_14,2104.5368185314
3685,old_age_65_plus,565.9382518723
3685,working_age_15_64,4951.2942149820
3685,young_0_14,1916.9906313541
3686,old_age_65_plus,593.5031742964
3686,working_age_15_64,5284.5832077918
3686,young_0_14,1725.5810389950
3687,old_age_65_plus,601.3270810297
3687,working_age_15_64,5206.7596680623
3687,young_0_14,2211.3025273580
3688,old_age_65_plus,1282.4346871982
3688,working_age_15_64,11077.1390276994
3688,young_0_14,3929.1659025576
3689,old_age_65_plus,1216.1833503474
3689,working_age_15_64,10973.5631904789
3689,young_0_14,4521.1921507138
3690,old_age_65_plus,1138.1995433466
3690,working_age_15_64,7389.8008928832
3690,young_0_14,3014.8085276373
3691,old_age_65_plus,1152.0010028783
3691,working_age_15_64,10723.9483709465
3691,young_0_14,3940.6583758383
3692,old_age_65_plus,926.5794058857
3692,working_age_15_64,6720.1963550211
3692,young_0_14,2925.8087714738
3693,old_age_65_plus,534.3271464802
3693,working_age_15_64,4815.7181645103
3693,young_0_14,1425.8962624827
3694,old_age_65_plus,617.1905099723
3694,working_age_15_64,4529.8014223853
3694,young_0_14,1821.2109705241
3695,old_age_65_plus,1533.3491554188
3695,working_age_15_64,13659.4142543977
3695,young_0_14,5121.3248768591
3696,old_age_65_plus,1008.2968969997
3696,working_age_15_64,10148.9330325329
3696,young_0_14,3702.4002331291
3697,old_age_65_plus,373.1710903061
3697,working_age_15_64,2961.9446423582
3697,young_0_14,1058.7612732341
3698,old_age_65_plus,1932.4345539400
3698,working_age_15_64,16940.6115671055
3698,young_0_14,6521.8016137554
3699,old_age_65_plus,610.1886576743
3699,working_age_15_64,4710.0828731221
3699,young_0_14,1899.8903253315
3700,old_age_65_plus,1106.7393007440
3700,working_age_15_64,9476.7601216221
3700,young_0_14,3772.1976381877
3701,old_age_65_plus,658.6986181642
3701,working_age_15_64,7055.5031198107
3701,young_0_14,1962.3757374467
3702,old_age_65_plus,554.7881359191
3702,working_age_15_64,4914.6554033095
3702,young_0_14,1763.7389852631
3703,old_age_65_plus,639.6447982548
3703,working_age_15_64,5609.6127041892
3703,young_0_14,2283.1499364465
3704,old_age_65_plus,643.5055248438
3704,working_age_15_64,4892.4356267773
3704,young_0_14,2115.9956883101
3705,old_age_65_plus,814.5718100890
3705,working_age_15_64,7476.0276729106
3705,young_0_14,2549.9998442535
3706,old_age_65_plus,860.2761251260
3706,working_age_15_64,7879.4969193918
3706,young_0_14,2799.9539802203
3707,old_age_65_plus,632.9104467722
3707,working_age_15_64,5295.5567251339
3707,young_0_14,2258.2522898246
3708,old_age_65_plus,735.6857771377
3708,working_age_15_64,6656.1649268396
3708,young_0_14,2589.2928695737
3709,old_age_65_plus,1130.4052226396
3709,working_age_15_64,10311.6986757224
3709,young_0_14,3564.9383436777
3710,old_age_65_plus,473.4942519989
3710,working_age_15_64,3683.8511715147
3710,young_0_14,1573.5561057589
3711,old_age_65_plus,1010.0860810627
3711,working_age_15_64,8966.6613300684
3711,young_0_14,3723.8762429472
3712,old_age_65_plus,999.4560543721
3712,working_age_15_64,8566.2981807725
3712,young_0_14,3750.4290552349
3713,old_age_65_plus,3150.7687823678
3713,working_age_15_64,30496.5385968485
3713,young_0_14,12383.6399246460
3714,old_age_65_plus,1481.9826274849
3714,working_age_15_64,14283.1151634955
3714,young_0_14,5822.8925898747
3715,old_age_65_plus,3224.0697815237
3715,working_age_15_64,33087.7781687806
3715,young_0_14,13257.4077163102
3716,old_age_65_plus,2032.2374293421
3716,working_age_15_64,19760.3890289237
3716,young_0_14,8310.0556338796
3717,old_age_65_plus,1810.7543992580
3717,working_age_15_64,17080.0072728275
3717,young_0_14,6970.4134834982
3718,old_age_65_plus,1525.6278780695
3718,working_age_15_64,14200.5150549961
3718,young_0_14,5087.7207430483
3719,old_age_65_plus,1313.9545842808
3719,working_age_15_64,12176.0766619753
3719,young_0_14,4483.5891144823
3720,old_age_65_plus,2000.9111119263
3720,working_age_15_64,18139.1296053988
3720,young_0_14,7122.8666899832
3721,old_age_65_plus,1104.5814056773
3721,working_age_15_64,10289.8133142607
3721,young_0_14,4018.0420704357
3722,old_age_65_plus,2674.8322702837
3722,working_age_15_64,28021.2242946170
3722,young_0_14,9152.6472639117
3723,old_age_65_plus,684.8354496173
3723,working_age_15_64,5987.2425410742
3723,young_0_14,1942.6566815922
3724,old_age_65_plus,1243.9288208072
3724,working_age_15_64,10805.8517089855
3724,young_0_14,4294.8063789555
3725,old_age_65_plus,749.1336588302
3725,working_age_15_64,6739.6218533195
3725,young_0_14,2819.7746760924
3726,old_age_65_plus,589.1717421110
3726,working_age_15_64,5039.1428729828
3726,young_0_14,1898.6003197637
3727,old_age_65_plus,1469.7746054305
3727,working_age_15_64,13575.0761221058
3727,young_0_14,5317.9264032884
3728,old_age_65_plus,555.1087263804
3728,working_age_15_64,4281.4722165266
3728,young_0_14,1887.5563017940
3729,old_age_65_plus,685.8537815809
3729,working_age_15_64,5766.7989634652
3729,young_0_14,2479.5831203424
3730,old_age_65_plus,2050.1559513921
3730,working_age_15_64,21809.4024601979
3730,young_0_14,7721.1723579573
3731,old_age_65_plus,1290.7599460208
3731,working_age_15_64,10092.0448911830
3731,young_0_14,4174.6573989394
3732,old_age_65_plus,1008.7491643220
3732,working_age_15_64,8689.6716805766
3732,young_0_14,3548.6010402941
3733,old_age_65_plus,1544.7803141642
3733,working_age_15_64,14602.1358762444
3733,young_0_14,5596.5180532630
3734,old_age_65_plus,1114.4735358463
3734,working_age_15_64,9924.3492404214
3734,young_0_14,4245.1532942848
3735,old_age_65_plus,1265.4246437799
3735,working_age_15_64,11570.4032154916
3735,young_0_14,4791.6002851024
3736,old_age_65_plus,370.4735475395
3736,working_age_15_64,3185.0994179966
3736,young_0_14,1275.6350025765
3737,old_age_65_plus,1094.0136329189
3737,working_age_15_64,9949.7227566543
3737,young_0_14,4124.2599346857
3738,old_age_65_plus,987.8805059573
3738,working_age_15_64,9444.3727970052
3738,young_0_14,3237.2110586569
3739,old_age_65_plus,630.0756577899
3739,working_age_15_64,5422.3614791669
3739,young_0_14,2123.3743519288
3740,old_age_65_plus,957.1004366827
3740,working_age_15_64,8314.3962021012
3740,young_0_14,3242.8230676959
3741,old_age_65_plus,819.2678810212
3741,working_age_15_64,6602.4281735516
3741,young_0_14,2695.6245704822
3742,old_age_65_plus,1839.7442063718
3742,working_age_15_64,17383.7134799351
3742,young_0_14,7589.0856145453
3743,old_age_65_plus,1603.2536832280
3743,working_age_15_64,15581.2324737794
3743,young_0_14,4757.2063005735
3744,old_age_65_plus,1663.0625941898
3744,working_age_15_64,14387.0628837619
3744,young_0_14,5284.3381314906
3745,old_age_65_plus,750.9042564670
3745,working_age_15_64,6193.8502823609
3745,young_0_14,2602.2218037013
3746,old_age_65_plus,1008.0231156571
3746,working_age_15_64,8366.3166332713
3746,young_0_14,3828.4910847537
3747,old_age_65_plus,1316.7934513845
3747,working_age_15_64,11708.2317463122
3747,young_0_14,4441.1455553257
3748,old_age_65_plus,625.3045315824
3748,working_age_15_64,5210.5488313879
3748,young_0_14,1989.8386301984
3749,old_age_65_plus,668.5228969064
3749,working_age_15_64,4575.9672408026
3749,young_0_14,1931.7422630370
3750,old_age_65_plus,645.8666581703
3750,working_age_15_64,4999.9356657168
3750,young_0_14,2230.6127173245
3751,old_age_65_plus,1065.4526433205
3751,working_age_15_64,10062.1518893639
3751,young_0_14,3536.3007948029
3752,old_age_65_plus,1060.5546786865
3752,working_age_15_64,9800.8861265795
3752,young_0_14,3653.2586050285
3753,old_age_65_plus,1034.1698395019
3753,working_age_15_64,9202.8475906029
3753,young_0_14,3862.9228501888
3754,old_age_65_plus,1558.9554060448
3754,working_age_15_64,14483.5683981714
3754,young_0_14,6204.9565296870
3755,old_age_65_plus,1031.2550876620
3755,working_age_15_64,8084.3377608678
3755,young_0_14,3002.4264947638
3756,old_age_65_plus,751.2344916707
3756,working_age_15_64,6369.2026343942
3756,young_0_14,2410.8007445847
3757,old_age_65_plus,917.7946221569
3757,working_age_15_64,7434.8344798127
3757,young_0_14,3245.5565868902
3758,old_age_65_plus,1541.9036516546
3758,working_age_15_64,11909.3590065405
3758,young_0_14,4197.9770415532
3759,old_age_65_plus,917.6168622569
3759,working_age_15_64,8225.9816103995
3759,young_0_14,3369.1217539299
3760,old_age_65_plus,1578.4043177142
3760,working_age_15_64,13322.7959877143
3760,young_0_14,5684.6358989444
3761,old_age_65_plus,976.1166864912
3761,working_age_15_64,7610.1341372004
3761,young_0_14,2844.1190866184
3762,old_age_65_plus,802.4438072368
3762,working_age_15_64,7503.4007930211
3762,young_0_14,3281.2361104779
3763,old_age_65_plus,639.9005796511
3763,working_age_15_64,4785.1105957371
3763,young_0_14,1946.6264971566
3764,old_age_65_plus,550.1328508217
3764,working_age_15_64,4493.5772620306
3764,young_0_14,1758.4506989439
3765,old_age_65_plus,1554.8719191725
3765,working_age_15_64,12781.9875585725
3765,young_0_14,3639.2085545758
3766,old_age_65_plus,719.6028754950
3766,working_age_15_64,6261.3700144034
3766,young_0_14,2466.0897576806
3767,old_age_65_plus,575.6484415511
3767,working_age_15_64,4316.0121421815
3767,young_0_14,1806.7707719496
3768,old_age_65_plus,840.0080117372
3768,working_age_15_64,6964.0363482047
3768,young_0_14,2870.4622273821
3769,old_age_65_plus,574.8609053996
3769,working_age_15_64,4968.1756515212
3769,young_0_14,2275.3678526971
3770,old_age_65_plus,634.8007220542
3770,working_age_15_64,4964.2133999664
3770,young_0_14,2032.8638884499
3771,old_age_65_plus,625.3920669283
3771,working_age_15_64,5185.7162430480
3771,young_0_14,2083.7119343463
3772,old_age_65_plus,773.9865606797
3772,working_age_15_64,6628.2204302481
3772,young_0_14,2078.7921142476
3773,old_age_65_plus,1296.9347905825
3773,working_age_15_64,12323.6880723318
3773,young_0_14,5231.8854279210
3774,old_age_65_plus,1428.8329191818
3774,working_age_15_64,13512.5840999627
3774,young_0_14,5906.4958765546
3775,old_age_65_plus,688.3507039475
3775,working_age_15_64,6039.7162952988
3775,young_0_14,2360.8423446752
3776,old_age_65_plus,442.8927094201
3776,working_age_15_64,3717.7593444072
3776,young_0_14,1609.5912188930
3777,old_age_65_plus,599.2792334722
3777,working_age_15_64,4886.9031421773
3777,young_0_14,1948.9228041607
3778,old_age_65_plus,372.8870968991
3778,working_age_15_64,2982.7964782059
3778,young_0_14,1285.0553210827
3779,old_age_65_plus,505.2531342778
3779,working_age_15_64,4228.6844410620
3779,young_0_14,1627.5269107595
3780,old_age_65_plus,979.2697781594
3780,working_age_15_64,8360.0384713586
3780,young_0_14,3827.6993630056
3781,old_age_65_plus,654.1739020847
3781,working_age_15_64,5372.4893771877
3781,young_0_14,2090.5606814494
3782,old_age_65_plus,483.3756974541
3782,working_age_15_64,5328.0589479213
3782,young_0_14,2159.2619662055
3783,old_age_65_plus,389.6737052693
3783,working_age_15_64,3418.1556997083
3783,young_0_14,1363.1967879423
3784,old_age_65_plus,1232.3097466014
3784,working_age_15_64,10672.2917254805
3784,young_0_14,3588.2281102885
3785,old_age_65_plus,1350.8942751593
3785,working_age_15_64,8944.3397764050
3785,young_0_14,3930.6700792364
3786,old_age_65_plus,600.6825868805
3786,working_age_15_64,5502.3463172237
3786,young_0_14,2319.8517592490
3787,old_age_65_plus,626.9085745845
3787,working_age_15_64,5470.3864435843
3787,young_0_14,2380.3855923918
3788,old_age_65_plus,507.1556650203
3788,working_age_15_64,3871.3316282874
3788,young_0_14,1673.1089753391
3789,old_age_65_plus,926.8551325036
3789,working_age_15_64,8212.2560995084
3789,young_0_14,3015.6882743600
3790,old_age_65_plus,520.0846893283
3790,working_age_15_64,4016.5671377025
3790,young_0_14,1673.0674478152
3791,old_age_65_plus,986.9340704953
3791,working_age_15_64,8595.1554061454
3791,young_0_14,3992.8245661779
3792,old_age_65_plus,1375.1682208920
3792,working_age_15_64,11564.8294876748
3792,young_0_14,5178.4734180332
3793,old_age_65_plus,921.8871729644
3793,working_age_15_64,8458.8955854390
3793,young_0_14,3249.9392129658
3794,old_age_65_plus,1023.7991171696
3794,working_age_15_64,9179.3728809123
3794,young_0_14,3965.2294743136
3795,old_age_65_plus,437.3400317228
3795,working_age_15_64,3953.2682339560
3795,young_0_14,1451.2452254702
3796,old_age_65_plus,874.6560509268
3796,working_age_15_64,7580.7589867838
3796,young_0_14,3264.7751371998
3797,old_age_65_plus,1203.5663113396
3797,working_age_15_64,11218.0318814721
3797,young_0_14,4528.1488977476
3798,old_age_65_plus,536.3754092933
3798,working_age_15_64,4608.8456694207
3798,young_0_14,1960.0438832394
3799,old_age_65_plus,939.6718907184
3799,working_age_15_64,8039.3533442676
3799,young_0_14,3211.0466190187
3800,old_age_65_plus,623.6349250343
3800,working_age_15_64,5507.3980409583
3800,young_0_14,2326.5802545423
3801,old_age_65_plus,921.6585767466
3801,working_age_15_64,8227.9750819523
3801,young_0_14,3092.8879114642
3802,old_age_65_plus,539.8064086346
3802,working_age_15_64,4839.2157351669
3802,young_0_14,1993.7147664558
3803,old_age_65_plus,864.0896651610
3803,working_age_15_64,7907.0113670479
3803,young_0_14,3210.4620674056
3804,old_age_65_plus,447.5430044712
3804,working_age_15_64,3893.5567846899
3804,young_0_14,1518.6909336285
3805,old_age_65_plus,1603.1103530589
3805,working_age_15_64,14686.7366322297
3805,young_0_14,6792.6748260772
3806,old_age_65_plus,1347.1354269932
3806,working_age_15_64,12087.2246928489
3806,young_0_14,5101.9235512372
3807,old_age_65_plus,468.1597885082
3807,working_age_15_64,3705.1987098578
3807,young_0_14,1594.3841657482
3808,old_age_65_plus,436.9495684687
3808,working_age_15_64,3815.7306268113
3808,young_0_14,1664.2991197647
3809,old_age_65_plus,498.0035644885
3809,working_age_15_64,3795.4996668334
3809,young_0_14,1636.2545228666
3810,old_age_65_plus,855.2540836274
3810,working_age_15_64,7638.3806825305
3810,young_0_14,3037.5754013633
3811,old_age_65_plus,507.2946649221
3811,working_age_15_64,3704.6703896013
3811,young_0_14,1547.6067778028
3812,old_age_65_plus,1357.9576248161
3812,working_age_15_64,12728.4059899547
3812,young_0_14,5313.6548274077
3813,old_age_65_plus,1873.2835339617
3813,working_age_15_64,18233.5357262129
3813,young_0_14,7370.0017276127
3814,old_age_65_plus,1107.1284373292
3814,working_age_15_64,9652.9311888823
3814,young_0_14,3786.4217186394
3815,old_age_65_plus,746.6058162972
3815,working_age_15_64,6574.2736156221
3815,young_0_14,2684.9586320227
3816,old_age_65_plus,1441.4813250729
3816,working_age_15_64,12977.5883905701
3816,young_0_14,5136.9505408991
3817,old_age_65_plus,795.3140723509
3817,working_age_15_64,6750.1029775182
3817,young_0_14,2695.3893524527
3818,old_age_65_plus,1143.5420881441
3818,working_age_15_64,8193.8587693212
3818,young_0_14,3377.3227646596
3819,old_age_65_plus,1491.0930840314
3819,working_age_15_64,8932.8861988121
3819,young_0_14,3406.4687174194
3820,old_age_65_plus,2031.2664090535
3820,working_age_15_64,11826.0458538867
3820,young_0_14,4440.3497457225
3821,old_age_65_plus,2008.1881684717
3821,working_age_15_64,11284.7007423324
3821,young_0_14,3917.9422772500
3822,old_age_65_plus,2017.8792255416
3822,working_age_15_64,10125.3122706257
3822,young_0_14,3621.4066253275
3823,old_age_65_plus,2509.5972604005
3823,working_age_15_64,12724.6270107095
3823,young_0_14,4903.3008843992
3824,old_age_65_plus,3242.1198160247
3824,working_age_15_64,21120.3338400493
3824,young_0_14,7323.3241287919
3825,old_age_65_plus,2831.0892694223
3825,working_age_15_64,17601.0399467404
3825,young_0_14,6001.9740801817
3826,old_age_65_plus,2229.7308496007
3826,working_age_15_64,16089.3915989802
3826,young_0_14,5694.6396953784
3827,old_age_65_plus,3777.9331965777
3827,working_age_15_64,35578.1996425861
3827,young_0_14,12701.2621141601
3828,old_age_65_plus,3307.1903582820
3828,working_age_15_64,29656.0177136399
3828,young_0_14,10600.4200377329
3829,old_age_65_plus,4561.3211160217
3829,working_age_15_64,41717.1524611655
3829,young_0_14,15290.5830322936
3830,old_age_65_plus,4646.5102966834
3830,working_age_15_64,53614.1595556580
3830,young_0_14,18958.2027157564
3831,old_age_65_plus,5208.3056326346
3831,working_age_15_64,62435.3645155192
3831,young_0_14,21699.2862944336
3832,old_age_65_plus,6045.8717587582
3832,working_age_15_64,68683.2155997961
3832,young_0_14,24050.7518898684
3833,old_age_65_plus,2779.3909323530
3833,working_age_15_64,18650.2821019025
3833,young_0_14,6562.9245267055
3834,old_age_65_plus,2331.5411471643
3834,working_age_15_64,19102.0855069436
3834,young_0_14,7579.1292589297
3835,old_age_65_plus,2267.9162261731
3835,working_age_15_64,19414.6731305041
3835,young_0_14,6292.7200323002
3836,old_age_65_plus,2209.3123294110
3836,working_age_15_64,17632.5846383094
3836,young_0_14,6607.1104605971
3837,old_age_65_plus,2645.6463199501
3837,working_age_15_64,20972.1280369891
3837,young_0_14,7003.0111131065
3838,old_age_65_plus,3278.0029731374
3838,working_age_15_64,30865.8651801422
3838,young_0_14,9737.4798006907
3839,old_age_65_plus,2819.6648234797
3839,working_age_15_64,23123.5953142313
3839,young_0_14,7571.6995151514
3840,old_age_65_plus,4366.3931405512
3840,working_age_15_64,32322.3798671517
3840,young_0_14,11028.2709269599
3841,old_age_65_plus,3125.6425595784
3841,working_age_15_64,28467.8749011720
3841,young_0_14,9648.5150630243
3842,old_age_65_plus,2387.9762404287
3842,working_age_15_64,18483.0510375087
3842,young_0_14,7306.6874954519
3843,old_age_65_plus,2826.2333631449
3843,working_age_15_64,16717.3632353193
3843,young_0_14,5685.3174625278
3844,old_age_65_plus,2238.0501517202
3844,working_age_15_64,17046.9213748124
3844,young_0_14,5509.5065853794
3845,old_age_65_plus,1900.3921983319
3845,working_age_15_64,11965.3077513162
3845,young_0_14,4447.1807610363
3846,old_age_65_plus,2700.3994237966
3846,working_age_15_64,24144.6119830118
3846,young_0_14,8014.8538334152
3847,old_age_65_plus,2285.0892316705
3847,working_age_15_64,18435.5977781846
3847,young_0_14,6425.9752463938
3848,old_age_65_plus,3682.6011938357
3848,working_age_15_64,32588.6088239149
3848,young_0_14,12028.4252854385
3849,old_age_65_plus,1113.8536953402
3849,working_age_15_64,7868.6713504016
3849,young_0_14,3098.9647951249
3850,old_age_65_plus,1929.8136336063
3850,working_age_15_64,13294.8178012114
3850,young_0_14,4385.3150648292
3851,old_age_65_plus,1301.2849994534
3851,working_age_15_64,9722.5666435003
3851,young_0_14,3791.0438591415
3852,old_age_65_plus,3003.7755737086
3852,working_age_15_64,23344.4016922934
3852,young_0_14,10056.2840127145
3853,old_age_65_plus,2034.5690659219
3853,working_age_15_64,16869.6901316645
3853,young_0_14,6083.4378342262
3854,old_age_65_plus,1840.7545744043
3854,working_age_15_64,11492.2073239419
3854,young_0_14,3948.0642900536
3855,old_age_65_plus,2171.3277740661
3855,working_age_15_64,17206.5885504611
3855,young_0_14,5699.3190227671
3856,old_age_65_plus,1539.1707846068
3856,working_age_15_64,13195.2904158979
3856,young_0_14,4645.8452223756
3857,old_age_65_plus,2215.6355504178
3857,working_age_15_64,17914.4016536136
3857,young_0_14,7092.0675018169
3858,old_age_65_plus,1876.8376516224
3858,working_age_15_64,12457.2414222712
3858,young_0_14,4305.7887652222
3859,old_age_65_plus,1804.0580258898
3859,working_age_15_64,12148.5106853615
3859,young_0_14,4582.4993335398
3860,old_age_65_plus,3386.7653109726
3860,working_age_15_64,25021.7652006736
3860,young_0_14,8798.9079576820
3861,old_age_65_plus,2040.2164633939
3861,working_age_15_64,17809.8438511637
3861,young_0_14,5700.8382626003
3862,old_age_65_plus,2087.9015159483
3862,working_age_15_64,15422.7718592777
3862,young_0_14,6029.2526368394
3863,old_age_65_plus,2661.6570662221
3863,working_age_15_64,25710.1235982023
3863,young_0_14,12182.3337621229
3864,old_age_65_plus,3746.9964278732
3864,working_age_15_64,29083.7081873616
3864,young_0_14,10624.4311447523
3865,old_age_65_plus,2025.1262926705
3865,working_age_15_64,16285.9540544753
3865,young_0_14,7024.8727809812
3866,old_age_65_plus,1397.2003497215
3866,working_age_15_64,11544.6578810471
3866,young_0_14,4016.3880764142
3867,old_age_65_plus,2074.9624143812
3867,working_age_15_64,16942.5549075590
3867,young_0_14,6658.2056054154
3868,old_age_65_plus,1362.5095013290
3868,working_age_15_64,9085.4641831646
3868,young_0_14,3477.9966977890
3869,old_age_65_plus,1745.5436896528
3869,working_age_15_64,12635.2093764178
3869,young_0_14,4998.0075327600
3870,old_age_65_plus,1630.5818052904
3870,working_age_15_64,11465.6442376461
3870,young_0_14,4056.7639038524
3871,old_age_65_plus,3385.1188164337
3871,working_age_15_64,28636.4176660271
3871,young_0_14,11583.8369437021
3872,old_age_65_plus,1144.4399188484
3872,working_age_15_64,8594.1591447095
3872,young_0_14,3355.0944645037
3873,old_age_65_plus,1174.4633669342
3873,working_age_15_64,8433.2864930014
3873,young_0_14,3339.6557900518
3874,old_age_65_plus,1666.8989943599
3874,working_age_15_64,11894.3127383634
3874,young_0_14,4523.2359374084
3875,old_age_65_plus,1429.6839548541
3875,working_age_15_64,10082.1275048182
3875,young_0_14,3688.9860321252
3876,old_age_65_plus,938.1019928841
3876,working_age_15_64,7400.0531064750
3876,young_0_14,3139.9141656000
3877,old_age_65_plus,1712.6350775528
3877,working_age_15_64,14300.3951615500
3877,young_0_14,5584.3932351447
3878,old_age_65_plus,1576.0226888843
3878,working_age_15_64,10688.5324788671
3878,young_0_14,3681.4612362128
3879,old_age_65_plus,1536.4094370544
3879,working_age_15_64,11001.7063374613
3879,young_0_14,4138.9282918029
3880,old_age_65_plus,2786.2377366754
3880,working_age_15_64,23061.5539573069
3880,young_0_14,8660.2676133513
3881,old_age_65_plus,1274.0247524766
3881,working_age_15_64,8632.3808051552
3881,young_0_14,3208.7288910047
3882,old_age_65_plus,1805.7271105472
3882,working_age_15_64,15983.1973514410
3882,young_0_14,5955.5663171391
3883,old_age_65_plus,2897.6451976304
3883,working_age_15_64,22806.0138406925
3883,young_0_14,8066.1379535256
3884,old_age_65_plus,1145.4508753529
3884,working_age_15_64,8070.5222695186
3884,young_0_14,3066.9930860030
3885,old_age_65_plus,4045.9484470108
3885,working_age_15_64,32653.3044007048
3885,young_0_14,12399.8676215946
3886,old_age_65_plus,3349.0285440336
3886,working_age_15_64,27376.4964044225
3886,young_0_14,11286.6685348413
3887,old_age_65_plus,1672.5618156093
3887,working_age_15_64,13277.8270556786
3887,young_0_14,5125.2957941680
3888,old_age_65_plus,1797.0992433277
3888,working_age_15_64,10814.7534813105
3888,young_0_14,4151.2938542488
3889,old_age_65_plus,877.5221412018
3889,working_age_15_64,5872.3955391885
3889,young_0_14,2321.4096547890
3890,old_age_65_plus,1477.4737374583
3890,working_age_15_64,11480.1265045149
3890,young_0_14,4254.1867178781
3891,old_age_65_plus,2175.8443867335
3891,working_age_15_64,17944.4570229375
3891,young_0_14,8045.2788462116
3892,old_age_65_plus,2481.8349609883
3892,working_age_15_64,18834.1813624897
3892,young_0_14,6790.8400598369
3893,old_age_65_plus,909.4388278489
3893,working_age_15_64,6842.5262694466
3893,young_0_14,2648.5906590048
3894,old_age_65_plus,1501.5638164087
3894,working_age_15_64,8262.9853643350
3894,young_0_14,3136.0266044997
3895,old_age_65_plus,894.7515344992
3895,working_age_15_64,7332.5075140460
3895,young_0_14,2884.4810574806
3896,old_age_65_plus,3023.1757424977
3896,working_age_15_64,24728.5675046610
3896,young_0_14,8806.8821913236
3897,old_age_65_plus,2771.2113580376
3897,working_age_15_64,21451.0506137965
3897,young_0_14,8943.7675126452
3898,old_age_65_plus,825.4581072214
3898,working_age_15_64,6494.4243532332
3898,young_0_14,2596.8189912714
3899,old_age_65_plus,757.0539194850
3899,working_age_15_64,5342.9436014969
3899,young_0_14,1926.6154957674
3900,old_age_65_plus,1388.4170099630
3900,working_age_15_64,9342.4658271223
3900,young_0_14,3789.5055258381
3901,old_age_65_plus,1368.1853927766
3901,working_age_15_64,9415.7110288445
3901,young_0_14,3594.1077298566
3902,old_age_65_plus,1831.6349130536
3902,working_age_15_64,13083.9336877923
3902,young_0_14,4531.2293005166
3903,old_age_65_plus,1075.7285910310
3903,working_age_15_64,8259.5468145831
3903,young_0_14,3183.4722592129
3904,old_age_65_plus,1139.2138288344
3904,working_age_15_64,8798.2967521669
3904,young_0_14,3448.0095228422
3905,old_age_65_plus,1423.4217359746
3905,working_age_15_64,9488.5647762370
3905,young_0_14,3922.8482907089
3906,old_age_65_plus,1421.7253745501
3906,working_age_15_64,11485.3330596387
3906,young_0_14,4190.6220185098
3907,old_age_65_plus,859.0014862625
3907,working_age_15_64,6663.2766523773
3907,young_0_14,2539.0915184012
3908,old_age_65_plus,1572.7468470110
3908,working_age_15_64,13208.9551117742
3908,young_0_14,4912.9771681478
3909,old_age_65_plus,1035.5928771854
3909,working_age_15_64,6642.1125322240
3909,young_0_14,2544.5833864206
3910,old_age_65_plus,873.1896911907
3910,working_age_15_64,5418.0461302154
3910,young_0_14,2198.9293612207
3911,old_age_65_plus,734.3773033960
3911,working_age_15_64,5115.6910914443
3911,young_0_14,2055.6166452577
3912,old_age_65_plus,760.5802256690
3912,working_age_15_64,5368.7787266091
3912,young_0_14,2101.2185823667
3913,old_age_65_plus,1696.2984523506
3913,working_age_15_64,15221.7738665644
3913,young_0_14,5698.5469629783
3914,old_age_65_plus,864.4951630478
3914,working_age_15_64,6353.6764555711
3914,young_0_14,2573.7600733571
3915,old_age_65_plus,1484.4600054146
3915,working_age_15_64,9905.5843715696
3915,young_0_14,3907.7233776273
3916,old_age_65_plus,902.5126079789
3916,working_age_15_64,6120.7913309775
3916,young_0_14,2568.6718849616
3917,old_age_65_plus,879.9193172839
3917,working_age_15_64,6929.6433295323
3917,young_0_14,2672.2374712006
3918,old_age_65_plus,1393.5071913202
3918,working_age_15_64,10067.7662106010
3918,young_0_14,3862.3776614503
3919,old_age_65_plus,1659.4558602865
3919,working_age_15_64,12845.3100891908
3919,young_0_14,5042.5667099327
3920,old_age_65_plus,1609.8287291741
3920,working_age_15_64,13280.7026471286
3920,young_0_14,6791.6505246504
3921,old_age_65_plus,1098.6885181149
3921,working_age_15_64,7710.1558516739
3921,young_0_14,3077.3477393537
3922,old_age_65_plus,1473.1322054515
3922,working_age_15_64,10956.9868960840
3922,young_0_14,4219.5054917578
3923,old_age_65_plus,935.6159848645
3923,working_age_15_64,7263.5269139594
3923,young_0_14,2934.1440913027
3924,old_age_65_plus,933.5990901144
3924,working_age_15_64,7321.8983054169
3924,young_0_14,2902.2608532250
3925,old_age_65_plus,667.8077216105
3925,working_age_15_64,4608.6416462822
3925,young_0_14,1831.9732506053
3926,old_age_65_plus,1259.0832155784
3926,working_age_15_64,9520.8227705375
3926,young_0_14,3567.2917402145
3927,old_age_65_plus,972.0371667417
3927,working_age_15_64,7368.0088385404
3927,young_0_14,2678.4296820705
3928,old_age_65_plus,1013.5505637800
3928,working_age_15_64,7564.1578441213
3928,young_0_14,3064.0734261068
3929,old_age_65_plus,1900.8742154729
3929,working_age_15_64,15426.2450369258
3929,young_0_14,5772.5399435086
3930,old_age_65_plus,1234.5919665118
3930,working_age_15_64,7720.9090385677
3930,young_0_14,3061.0086122561
3931,old_age_65_plus,2109.8171805674
3931,working_age_15_64,18573.2159766843
3931,young_0_14,7164.9401271120
3932,old_age_65_plus,1656.9147254214
3932,working_age_15_64,13467.8803253061
3932,young_0_14,5170.4637876591
3933,old_age_65_plus,1918.2905959047
3933,working_age_15_64,17138.8927192132
3933,young_0_14,6598.2576041496
3934,old_age_65_plus,1222.4771030158
3934,working_age_15_64,10312.8923876169
3934,young_0_14,4079.0611398826
3935,old_age_65_plus,1753.5257916612
3935,working_age_15_64,14825.5509167999
3935,young_0_14,6644.8707979920
3936,old_age_65_plus,1086.9547974132
3936,working_age_15_64,8695.0217396687
3936,young_0_14,4089.7706474568
3937,old_age_65_plus,644.6692618662
3937,working_age_15_64,5156.1076764296
3937,young_0_14,2082.6173217163
3938,old_age_65_plus,2942.3891668390
3938,working_age_15_64,26974.3816063238
3938,young_0_14,11822.1033083143
3939,old_age_65_plus,988.9171655819
3939,working_age_15_64,8301.6257991289
3939,young_0_14,3240.6753376504
3940,old_age_65_plus,1290.2438379651
3940,working_age_15_64,10429.0296363806
3940,young_0_14,3959.2125585244
3941,old_age_65_plus,854.2367906208
3941,working_age_15_64,7125.9064101302
3941,young_0_14,2811.0788735353
3942,old_age_65_plus,1166.2658372395
3942,working_age_15_64,10100.8899653772
3942,young_0_14,4031.3296112522
3943,old_age_65_plus,1284.7513871950
3943,working_age_15_64,10420.3946857066
3943,young_0_14,3836.2048817547
3944,old_age_65_plus,1170.5787285296
3944,working_age_15_64,10067.8081495368
3944,young_0_14,3798.0074355059
3945,old_age_65_plus,1896.2299992414
3945,working_age_15_64,17573.4083410204
3945,young_0_14,6942.6797134319
3946,old_age_65_plus,1081.9619695257
3946,working_age_15_64,9557.2191961830
3946,young_0_14,3733.6343708457
3947,old_age_65_plus,867.6455208791
3947,working_age_15_64,7042.4069968578
3947,young_0_14,2831.1949151510
3948,old_age_65_plus,1225.1064600436
3948,working_age_15_64,10405.3869979652
3948,young_0_14,4146.0896026814
3949,old_age_65_plus,1207.7471888087
3949,working_age_15_64,10083.8243466662
3949,young_0_14,4049.8548008290
3950,old_age_65_plus,1944.5909302383
3950,working_age_15_64,17778.6627734877
3950,young_0_14,6840.5988123854
3951,old_age_65_plus,1544.4945346686
3951,working_age_15_64,13648.4277767104
3951,young_0_14,5493.1389111486
3952,old_age_65_plus,1616.9765421342
3952,working_age_15_64,12262.0064132945
3952,young_0_14,4733.6375270553
3953,old_age_65_plus,1000.4402329672
3953,working_age_15_64,7416.8308935280
3953,young_0_14,2822.5664804572
3954,old_age_65_plus,1187.3055529523
3954,working_age_15_64,10856.4092420312
3954,young_0_14,4269.8505643074
3955,old_age_65_plus,1411.8379498876
3955,working_age_15_64,13243.8222242135
3955,young_0_14,5707.2217175546
3956,old_age_65_plus,1089.8111232448
3956,working_age_15_64,9103.8349567766
3956,young_0_14,3557.3763270340
3957,old_age_65_plus,2276.0260493286
3957,working_age_15_64,20886.1537583026
3957,young_0_14,8503.8721443223
3958,old_age_65_plus,2623.8632314573
3958,working_age_15_64,24805.9230108932
3958,young_0_14,9743.3328362187
3959,old_age_65_plus,2379.4650294902
3959,working_age_15_64,22898.5263374825
3959,young_0_14,9463.1845345639
3960,old_age_65_plus,2120.9771378070
3960,working_age_15_64,19736.9550748037
3960,young_0_14,8361.1152800406
3961,old_age_65_plus,1110.6226298683
3961,working_age_15_64,9262.8787367587
3961,young_0_14,3285.7472443905
3962,old_age_65_plus,2226.0442347167
3962,working_age_15_64,20420.6233287725
3962,young_0_14,8200.2690259803
3963,old_age_65_plus,945.8188164596
3963,working_age_15_64,8009.8888941975
3963,young_0_14,3242.6454836851
3964,old_age_65_plus,1402.0608710322
3964,working_age_15_64,12896.8914591365
3964,young_0_14,5239.7929252712
3965,old_age_65_plus,850.1173407427
3965,working_age_15_64,6334.2044146009
3965,young_0_14,2261.7802185356
3966,old_age_65_plus,1977.1221026812
3966,working_age_15_64,18917.0696640475
3966,young_0_14,7770.3986048202
3967,old_age_65_plus,953.0018663597
3967,working_age_15_64,7521.1100135339
3967,young_0_14,2766.9391986776
3968,old_age_65_plus,1936.3142006494
3968,working_age_15_64,17625.7434899525
3968,young_0_14,6833.4596984629
3969,old_age_65_plus,2653.7124592220
3969,working_age_15_64,23518.5298615625
3969,young_0_14,9475.5857316487
3970,old_age_65_plus,2228.8184527470
3970,working_age_15_64,21355.2373278197
3970,young_0_14,8434.6294370876
3971,old_age_65_plus,1265.1739642787
3971,working_age_15_64,11500.5882482639
3971,young_0_14,4654.5073909279
3972,old_age_65_plus,2246.7751126603
3972,working_age_15_64,21461.9957603618
3972,young_0_14,8784.5605526167
3973,old_age_65_plus,1880.7021850098
3973,working_age_15_64,17005.6466653091
3973,young_0_14,6895.2028173843
3974,old_age_65_plus,1521.6219214546
3974,working_age_15_64,14117.6665458241
3974,young_0_14,5736.5904550899
3975,old_age_65_plus,1917.9489774514
3975,working_age_15_64,18194.7094335266
3975,young_0_14,7430.1860309226
3976,old_age_65_plus,1219.1540594217
3976,working_age_15_64,10290.6154155521
3976,young_0_14,4087.3060169096
3977,old_age_65_plus,2157.3131365668
3977,working_age_15_64,19638.6180322877
3977,young_0_14,8969.4500698797
3978,old_age_65_plus,1210.6976796132
3978,working_age_15_64,10411.7237610508
3978,young_0_14,4112.8683571318
3979,old_age_65_plus,763.5838367742
3979,working_age_15_64,6810.3664789996
3979,young_0_14,2743.7126154661
3980,old_age_65_plus,2096.2800625573
3980,working_age_15_64,20711.7016491367
3980,young_0_14,8889.8918350458
3981,old_age_65_plus,2726.4343057443
3981,working_age_15_64,26194.0595691934
3981,young_0_14,10510.3596620262
3982,old_age_65_plus,1083.7841251759
3982,working_age_15_64,9762.7744696343
3982,young_0_14,4463.9156030799
3983,old_age_65_plus,1085.5572166017
3983,working_age_15_64,9521.6749889122
3983,young_0_14,3974.5079948496
3984,old_age_65_plus,1026.5845982141
3984,working_age_15_64,8966.8717487170
3984,young_0_14,3673.2452205175
3985,old_age_65_plus,1103.8817947132
3985,working_age_15_64,10247.2972897399
3985,young_0_14,4145.3078756387
3986,old_age_65_plus,1718.9848001952
3986,working_age_15_64,16309.9968981850
3986,young_0_14,6718.2257201470
3987,old_age_65_plus,1007.0427650426
3987,working_age_15_64,8885.9110351380
3987,young_0_14,3630.8734634882
3988,old_age_65_plus,977.1607358482
3988,working_age_15_64,8545.6107817681
3988,young_0_14,3214.1162177619
3989,old_age_65_plus,1609.3890411759
3989,working_age_15_64,14701.5354033059
3989,young_0_14,6553.6892716880
3990,old_age_65_plus,888.1833422808
3990,working_age_15_64,7479.6343811567
3990,young_0_14,3199.5319648550
3991,old_age_65_plus,2987.1974471147
3991,working_age_15_64,29368.0841928120
3991,young_0_14,13805.6693327698
3992,old_age_65_plus,482.5156578728
3992,working_age_15_64,3445.4182051279
3992,young_0_14,1445.7323583907
3993,old_age_65_plus,2417.8123793071
3993,working_age_15_64,23097.6588417752
3993,young_0_14,9058.3694904192
3994,old_age_65_plus,554.6324087277
3994,working_age_15_64,4438.4116443896
3994,young_0_14,1799.7439068290
3995,old_age_65_plus,965.6086007024
3995,working_age_15_64,8381.8449312559
3995,young_0_14,3324.5997581362
3996,old_age_65_plus,584.4850626992
3996,working_age_15_64,4677.0461416594
3996,young_0_14,1839.7712780051
3997,old_age_65_plus,713.5606569681
3997,working_age_15_64,5832.1321173590
3997,young_0_14,2359.0969703209
3998,old_age_65_plus,2403.1774527929
3998,working_age_15_64,23884.2872356340
3998,young_0_14,11262.3193181625
3999,old_age_65_plus,705.5475062883
3999,working_age_15_64,6525.5595533780
3999,young_0_14,2853.8954360029
4000,old_age_65_plus,2601.6429994554
4000,working_age_15_64,25133.9431963667
4000,young_0_14,9689.4494338123
4001,old_age_65_plus,2064.6215391148
4001,working_age_15_64,20040.9890860021
4001,young_0_14,8165.8619646747
4002,old_age_65_plus,1216.7582787181
4002,working_age_15_64,10578.7261031210
4002,young_0_14,4302.8956737115
4003,old_age_65_plus,469.2925579519
4003,working_age_15_64,3539.9375094772
4003,young_0_14,1489.6997096850
4004,old_age_65_plus,1619.1518642014
4004,working_age_15_64,15304.5665125168
4004,young_0_14,6120.4156133520
4005,old_age_65_plus,885.8841805345
4005,working_age_15_64,7524.8427759125
4005,young_0_14,2941.3677664379
4006,old_age_65_plus,370.9367607293
4006,working_age_15_64,3159.0701876846
4006,young_0_14,1278.0767800677
4007,old_age_65_plus,1822.7396165791
4007,working_age_15_64,18362.6334865207
4007,young_0_14,7963.3661061349
4008,old_age_65_plus,2132.1946241109
4008,working_age_15_64,19581.7775829707
4008,young_0_14,9023.2161228683
4009,old_age_65_plus,1732.3228759806
4009,working_age_15_64,16372.4133171914
4009,young_0_14,6427.8309286695
4010,old_age_65_plus,1140.2724145841
4010,working_age_15_64,10873.1829789992
4010,young_0_14,4663.8928788582
4011,old_age_65_plus,702.8098548495
4011,working_age_15_64,6194.3617394414
4011,young_0_14,2521.0246867219
4012,old_age_65_plus,1978.0402510041
4012,working_age_15_64,17879.1081852087
4012,young_0_14,7268.5046288601
4013,old_age_65_plus,1163.0563378752
4013,working_age_15_64,10768.8650892881
4013,young_0_14,4228.0939865281
4014,old_age_65_plus,1369.1751124015
4014,working_age_15_64,11462.5162650308
4014,young_0_14,4056.5062324566
4015,old_age_65_plus,1567.5442775961
4015,working_age_15_64,14018.5670997383
4015,young_0_14,6507.1423777522
4016,old_age_65_plus,629.3309228631
4016,working_age_15_64,4926.7223337283
4016,young_0_14,2046.7350818938
4017,old_age_65_plus,1583.4368428039
4017,working_age_15_64,15811.2335710060
4017,young_0_14,6117.6955869907
4018,old_age_65_plus,506.3583181244
4018,working_age_15_64,4283.2623101121
4018,young_0_14,1587.7314717157
4019,old_age_65_plus,3376.8440846597
4019,working_age_15_64,34669.8031868172
4019,young_0_14,13080.8902921871
4020,old_age_65_plus,1377.1676294505
4020,working_age_15_64,12903.9792645251
4020,young_0_14,4850.0135987859
4021,old_age_65_plus,2190.2813396867
4021,working_age_15_64,21664.6204706197
4021,young_0_14,8981.2085022281
4022,old_age_65_plus,348.4919180031
4022,working_age_15_64,2802.9355528745
4022,young_0_14,1139.7752239176
4023,old_age_65_plus,669.0480585051
4023,working_age_15_64,4247.5131695356
4023,young_0_14,1664.5274958139
4024,old_age_65_plus,768.3316092910
4024,working_age_15_64,6586.3861710830
4024,young_0_14,2445.5684935332
4025,old_age_65_plus,1555.1645311371
4025,working_age_15_64,13986.3767926122
4025,young_0_14,4840.8886470055
4026,old_age_65_plus,1038.1630292187
4026,working_age_15_64,9624.4846685331
4026,young_0_14,3841.2503461422
4027,old_age_65_plus,946.4197657110
4027,working_age_15_64,8522.3350669711
4027,young_0_14,3430.9224013678
4028,old_age_65_plus,1599.8208919655
4028,working_age_15_64,15526.7319471821
4028,young_0_14,6472.4015422508
4029,old_age_65_plus,1061.3789299084
4029,working_age_15_64,6887.1015956291
4029,young_0_14,2637.1575086325
4030,old_age_65_plus,2311.8740263476
4030,working_age_15_64,21924.9022480890
4030,young_0_14,8127.3583013546
4031,old_age_65_plus,663.6874154946
4031,working_age_15_64,5872.6189614338
4031,young_0_14,2309.0683247315
4032,old_age_65_plus,1759.9016399531
4032,working_age_15_64,17514.2224626020
4032,young_0_14,7326.3535638175
4033,old_age_65_plus,889.1554586842
4033,working_age_15_64,8149.0705133384
4033,young_0_14,3332.7078351577
4034,old_age_65_plus,1685.6697378694
4034,working_age_15_64,14912.2720470842
4034,young_0_14,5069.2687148336
4035,old_age_65_plus,548.0167310670
4035,working_age_15_64,4375.0490973752
4035,young_0_14,1736.7857077823
4036,old_age_65_plus,1161.4703699474
4036,working_age_15_64,11082.5007238236
4036,young_0_14,4417.3728948818
4037,old_age_65_plus,999.6283104580
4037,working_age_15_64,9161.3523090720
4037,young_0_14,4189.6932118457
4038,old_age_65_plus,935.8907948303
4038,working_age_15_64,8596.1635995720
4038,young_0_14,3511.2227729254
4039,old_age_65_plus,304.7146982333
4039,working_age_15_64,2179.7922291631
4039,young_0_14,900.8416718912
4040,old_age_65_plus,321.8340118698
4040,working_age_15_64,2324.0163530942
4040,young_0_14,940.4837568132
4041,old_age_65_plus,1880.4827543123
4041,working_age_15_64,18429.0295111408
4041,young_0_14,8079.7818028013
4042,old_age_65_plus,345.5263968274
4042,working_age_15_64,2244.8586315468
4042,young_0_14,941.6609425312
4043,old_age_65_plus,1657.7966671834
4043,working_age_15_64,16228.4148943014
4043,young_0_14,6686.8715961154
4044,old_age_65_plus,677.4872121945
4044,working_age_15_64,6172.0751572791
4044,young_0_14,2771.0862155869
4045,old_age_65_plus,371.6148792394
4045,working_age_15_64,2937.8175446383
4045,young_0_14,1164.2267600719
4046,old_age_65_plus,1791.3801536270
4046,working_age_15_64,15295.7456343997
4046,young_0_14,7197.8729001015
4047,old_age_65_plus,424.6774549033
4047,working_age_15_64,3701.1999160723
4047,young_0_14,1524.7953363529
4048,old_age_65_plus,1212.7449650589
4048,working_age_15_64,11695.3082479876
4048,young_0_14,4760.4498477548
4049,old_age_65_plus,348.0992243599
4049,working_age_15_64,2970.2761307081
4049,young_0_14,1256.3620638349
4050,old_age_65_plus,1000.0300926631
4050,working_age_15_64,9483.7910935641
4050,young_0_14,3895.1506461269
4051,old_age_65_plus,340.6086387173
4051,working_age_15_64,2774.7963339885
4051,young_0_14,1077.0343405803
4052,old_age_65_plus,1080.4886127825
4052,working_age_15_64,10412.2682993457
4052,young_0_14,4266.3653667515
4053,old_age_65_plus,777.9251010770
4053,working_age_15_64,6982.9988827622
4053,young_0_14,2861.9688177403
4054,old_age_65_plus,386.1054935482
4054,working_age_15_64,2818.7549596496
4054,young_0_14,1110.4005427533
4055,old_age_65_plus,1110.4392505135
4055,working_age_15_64,10548.7560627050
4055,young_0_14,4237.4024159153
4056,old_age_65_plus,319.9819837724
4056,working_age_15_64,2837.8855370911
4056,young_0_14,1139.1306745867
4057,old_age_65_plus,1809.4653077359
4057,working_age_15_64,17171.9249718557
4057,young_0_14,6999.3977432098
4058,old_age_65_plus,903.4375300749
4058,working_age_15_64,8455.7087758708
4058,young_0_14,3383.0866617330
4059,old_age_65_plus,320.1494504373
4059,working_age_15_64,2439.7760291261
4059,young_0_14,981.8337049810
4060,old_age_65_plus,497.4533603620
4060,working_age_15_64,4434.2301378857
4060,young_0_14,1845.2639804637
4061,old_age_65_plus,1279.1777342720
4061,working_age_15_64,12514.7645486573
4061,young_0_14,5188.0436773672
4062,old_age_65_plus,421.1196712664
4062,working_age_15_64,3060.2424589183
4062,young_0_14,1214.7278307747
4063,old_age_65_plus,246.2399874451
4063,working_age_15_64,1955.1974866449
4063,young_0_14,784.4696686998
4064,old_age_65_plus,1005.5388690450
4064,working_age_15_64,9246.3019727909
4064,young_0_14,3867.4258609052
4065,old_age_65_plus,1157.4714631292
4065,working_age_15_64,10809.4900117894
4065,young_0_14,4532.6694428795
4066,old_age_65_plus,298.4178139511
4066,working_age_15_64,2124.9227921735
4066,young_0_14,854.4558972156
4067,old_age_65_plus,854.6019780326
4067,working_age_15_64,7975.7710620241
4067,young_0_14,3230.9078550440
4068,old_age_65_plus,1405.6750776031
4068,working_age_15_64,13677.4743858130
4068,young_0_14,5558.5163331719
4069,old_age_65_plus,282.8634490915
4069,working_age_15_64,2365.3191353044
4069,young_0_14,1009.4262947175
4070,old_age_65_plus,917.9307862373
4070,working_age_15_64,8690.7810505637
4070,young_0_14,3564.9113717397
4071,old_age_65_plus,312.2994465299
4071,working_age_15_64,2281.1678760603
4071,young_0_14,963.9383771742
4072,old_age_65_plus,374.0389562638
4072,working_age_15_64,3177.0406571075
4072,young_0_14,1364.5228396217
4073,old_age_65_plus,680.5447226775
4073,working_age_15_64,4220.2718458376
4073,young_0_14,1580.9950786142
4074,old_age_65_plus,631.7361862696
4074,working_age_15_64,5212.3654975411
4074,young_0_14,2186.0978834869
4075,old_age_65_plus,464.5043962620
4075,working_age_15_64,4226.4765277852
4075,young_0_14,1767.7398758105
4076,old_age_65_plus,895.4308808096
4076,working_age_15_64,8480.1213017239
4076,young_0_14,3591.0091403265
4077,old_age_65_plus,777.1154796050
4077,working_age_15_64,7217.3988125575
4077,young_0_14,2865.8129182352
4078,old_age_65_plus,959.8726992331
4078,working_age_15_64,9167.4664639152
4078,young_0_14,3903.0629560190
4079,old_age_65_plus,1123.9847794505
4079,working_age_15_64,11147.8952774336
4079,young_0_14,5177.0243479797
4080,old_age_65_plus,462.1192903921
4080,working_age_15_64,4058.0402229744
4080,young_0_14,1688.5806812546
4081,old_age_65_plus,1708.1320727197
4081,working_age_15_64,16908.4472058963
4081,young_0_14,7097.3004238224
4082,old_age_65_plus,352.2816927974
4082,working_age_15_64,2794.3103830482
4082,young_0_14,1098.1101181100
4083,old_age_65_plus,1566.0946301678
4083,working_age_15_64,15518.2509669168
4083,young_0_14,6682.9482871114
4084,old_age_65_plus,1622.8036694539
4084,working_age_15_64,15169.9937098024
4084,young_0_14,7590.7499647425
4085,old_age_65_plus,831.3377152639
4085,working_age_15_64,7963.8131705717
4085,young_0_14,3207.4987797574
4086,old_age_65_plus,202.2668916231
4086,working_age_15_64,1538.6312141402
4086,young_0_14,642.8065114712
4087,old_age_65_plus,683.7438446088
4087,working_age_15_64,6347.4962642104
4087,young_0_14,2817.2482481278
4088,old_age_65_plus,183.4839175995
4088,working_age_15_64,1391.1422157267
4088,young_0_14,559.0198835241
4089,old_age_65_plus,523.9157170130
4089,working_age_15_64,4686.4039335793
4089,young_0_14,1908.5620712143
4090,old_age_65_plus,463.0720063093
4090,working_age_15_64,3628.3501236825
4090,young_0_14,1368.1939059902
4091,old_age_65_plus,305.4699658643
4091,working_age_15_64,2191.3390957618
4091,young_0_14,911.1782847848
4092,old_age_65_plus,292.4273727900
4092,working_age_15_64,2158.2461902593
4092,young_0_14,905.8808648598
4093,old_age_65_plus,836.3040630632
4093,working_age_15_64,7717.9493480872
4093,young_0_14,4066.1932386419
4094,old_age_65_plus,229.8005097349
4094,working_age_15_64,1804.6932750240
4094,young_0_14,797.2503204631
4095,old_age_65_plus,358.9363187870
4095,working_age_15_64,2917.1883496982
4095,young_0_14,1243.4149360206
4096,old_age_65_plus,458.4974771490
4096,working_age_15_64,3816.9528529678
4096,young_0_14,1692.7944838229
4097,old_age_65_plus,1054.7602501990
4097,working_age_15_64,10199.1081409973
4097,young_0_14,4502.8535602365
4098,old_age_65_plus,515.4889010757
4098,working_age_15_64,4724.7759207512
4098,young_0_14,1903.7001871774
4099,old_age_65_plus,817.9283997968
4099,working_age_15_64,7928.6467436286
4099,young_0_14,3274.1789450147
4100,old_age_65_plus,1783.0056480156
4100,working_age_15_64,15520.2705209547
4100,young_0_14,6275.6139028094
4101,old_age_65_plus,285.5331114068
4101,working_age_15_64,2296.9815538735
4101,young_0_14,952.9574575167
4102,old_age_65_plus,708.9931774186
4102,working_age_15_64,6220.7151544732
4102,young_0_14,2527.7325698568
4103,old_age_65_plus,432.5814716146
4103,working_age_15_64,3037.6660985731
4103,young_0_14,1190.3781439088
4104,old_age_65_plus,698.7329982074
4104,working_age_15_64,6245.5726071032
4104,young_0_14,3090.1053502284
4105,old_age_65_plus,1377.7057661234
4105,working_age_15_64,12554.4500807058
4105,young_0_14,5582.3942620690
4106,old_age_65_plus,701.5059976684
4106,working_age_15_64,6845.5443692422
4106,young_0_14,3686.7174089213
4107,old_age_65_plus,404.4891733342
4107,working_age_15_64,3365.5264416871
4107,young_0_14,1512.1580270045
4108,old_age_65_plus,343.6434611745
4108,working_age_15_64,2844.0701321051
4108,young_0_14,1220.1326499387
4109,old_age_65_plus,766.6618001646
4109,working_age_15_64,7035.7404871699
4109,young_0_14,2881.3523444920
4110,old_age_65_plus,515.7980443462
4110,working_age_15_64,3594.1867258498
4110,young_0_14,1350.1066177207
4111,old_age_65_plus,656.4722553413
4111,working_age_15_64,5597.8455909969
4111,young_0_14,2577.9982173168
4112,old_age_65_plus,297.5383622583
4112,working_age_15_64,2627.6250597609
4112,young_0_14,1205.1103737921
4113,old_age_65_plus,707.9551570531
4113,working_age_15_64,4685.3942021099
4113,young_0_14,1730.0391924382
4114,old_age_65_plus,183.5643284604
4114,working_age_15_64,1472.3690834262
4114,young_0_14,576.4115369506
4115,old_age_65_plus,398.5179896520
4115,working_age_15_64,3571.4263099737
4115,young_0_14,1592.4069318641
4116,old_age_65_plus,198.7063904425
4116,working_age_15_64,1515.4366698024
4116,young_0_14,621.4732895797
4117,old_age_65_plus,592.5910875694
4117,working_age_15_64,6361.7885921192
4117,young_0_14,2685.5459487051
4118,old_age_65_plus,221.9827703339
4118,working_age_15_64,1474.5862321348
4118,young_0_14,596.6123062586
4119,old_age_65_plus,343.3026493159
4119,working_age_15_64,2609.4706241656
4119,young_0_14,1074.3279151218
4120,old_age_65_plus,279.7672350138
4120,working_age_15_64,2170.0055860252
4120,young_0_14,900.6764665659
4121,old_age_65_plus,792.7726438754
4121,working_age_15_64,6764.3584225665
4121,young_0_14,3345.0811283761
4122,old_age_65_plus,1642.6595892956
4122,working_age_15_64,15904.0179704094
4122,young_0_14,6538.8355138065
4123,old_age_65_plus,451.3118974483
4123,working_age_15_64,3312.9084619319
4123,young_0_14,1397.5502449722
4124,old_age_65_plus,244.0402174559
4124,working_age_15_64,2143.5071462211
4124,young_0_14,878.2449366668
4125,old_age_65_plus,226.8183690361
4125,working_age_15_64,1617.6203399916
4125,young_0_14,614.3630798496
4126,old_age_65_plus,258.7953390933
4126,working_age_15_64,2088.7403087168
4126,young_0_14,879.2594858425
4127,old_age_65_plus,220.0755519361
4127,working_age_15_64,1880.4218275944
4127,young_0_14,801.7497435723
4128,old_age_65_plus,661.6752732847
4128,working_age_15_64,5156.9035810163
4128,young_0_14,1745.4841690992
4129,old_age_65_plus,675.3996106747
4129,working_age_15_64,6292.3944658210
4129,young_0_14,2868.2733099052
4130,old_age_65_plus,252.1609618556
4130,working_age_15_64,1994.3471723408
4130,young_0_14,812.4842247330
4131,old_age_65_plus,232.2326484599
4131,working_age_15_64,1819.6762090964
4131,young_0_14,720.8945349731
4132,old_age_65_plus,411.1734442415
4132,working_age_15_64,4337.2740467539
4132,young_0_14,1634.1968963066
4133,old_age_65_plus,604.8614076974
4133,working_age_15_64,5738.8529794771
4133,young_0_14,2932.4019090234
4134,old_age_65_plus,755.6947147446
4134,working_age_15_64,6678.5568079670
4134,young_0_14,3050.2056465416
4135,old_age_65_plus,445.0667364612
4135,working_age_15_64,3909.6273519795
4135,young_0_14,1975.1721621421
4136,old_age_65_plus,1349.0966642903
4136,working_age_15_64,12467.9186586153
4136,young_0_14,5662.7078824249
4137,old_age_65_plus,680.6141002858
4137,working_age_15_64,5179.4168373405
4137,young_0_14,2155.0564533044
4138,old_age_65_plus,193.8461032835
4138,working_age_15_64,1528.1842868764
4138,young_0_14,608.3249113601
4139,old_age_65_plus,574.1645407163
4139,working_age_15_64,5537.6358517307
4139,young_0_14,2279.5336624065
4140,old_age_65_plus,221.0135362008
4140,working_age_15_64,1916.4194104294
4140,young_0_14,725.9703715002
4141,old_age_65_plus,242.6346663485
4141,working_age_15_64,2037.1100962116
4141,young_0_14,917.9924921311
4142,old_age_65_plus,750.2821474332
4142,working_age_15_64,7280.6596102858
4142,young_0_14,2949.0080794362
4143,old_age_65_plus,215.6595624459
4143,working_age_15_64,1854.9172554325
4143,young_0_14,774.8966650238
4144,old_age_65_plus,315.3522981019
4144,working_age_15_64,2436.9460064766
4144,young_0_14,989.1481360766
4145,old_age_65_plus,218.9970805051
4145,working_age_15_64,1678.4325943680
4145,young_0_14,634.7586288957
4146,old_age_65_plus,1172.3399715318
4146,working_age_15_64,10460.8981378099
4146,young_0_14,4353.1374124375
4147,old_age_65_plus,618.0656110989
4147,working_age_15_64,5872.3302947883
4147,young_0_14,2382.6273416129
4148,old_age_65_plus,169.3866529956
4148,working_age_15_64,1531.5760801709
4148,young_0_14,610.0868302819
4149,old_age_65_plus,145.9447909415
4149,working_age_15_64,1182.7212678061
4149,young_0_14,458.7124829193
4150,old_age_65_plus,425.1597693206
4150,working_age_15_64,3655.7997898728
4150,young_0_14,1294.1290219256
4151,old_age_65_plus,196.1307898235
4151,working_age_15_64,1581.1992407620
4151,young_0_14,632.6204588719
4152,old_age_65_plus,230.1633254306
4152,working_age_15_64,1996.5128164897
4152,young_0_14,978.5474486237
4153,old_age_65_plus,1050.0514524817
4153,working_age_15_64,9057.1289652922
4153,young_0_14,2750.3554191699
4154,old_age_65_plus,442.6010329181
4154,working_age_15_64,4228.5463295389
4154,young_0_14,1864.2276453941
4155,old_age_65_plus,756.3596588745
4155,working_age_15_64,7186.9504615114
4155,young_0_14,3445.6269092669
4156,old_age_65_plus,122.1786556522
4156,working_age_15_64,861.6494088109
4156,young_0_14,347.9212414850
4157,old_age_65_plus,269.2640682213
4157,working_age_15_64,2313.9138333151
4157,young_0_14,814.9234632091
4158,old_age_65_plus,182.2000965180
4158,working_age_15_64,1499.4761184357
4158,young_0_14,616.2431934501
4159,old_age_65_plus,197.3136859721
4159,working_age_15_64,1651.8681881197
4159,young_0_14,582.1074999896
4160,old_age_65_plus,211.5658694416
4160,working_age_15_64,1813.3626582664
4160,young_0_14,656.2646515322
4161,old_age_65_plus,189.6264398333
4161,working_age_15_64,1592.7054503793
4161,young_0_14,671.3035728919
4162,old_age_65_plus,698.0814758317
4162,working_age_15_64,6335.7286603476
4162,young_0_14,2993.5754144293
4163,old_age_65_plus,240.1924389034
4163,working_age_15_64,1781.1362482996
4163,young_0_14,695.8640766653
4164,old_age_65_plus,139.0704760098
4164,working_age_15_64,1045.8776996721
4164,young_0_14,358.4286802557
4165,old_age_65_plus,183.6492207411
4165,working_age_15_64,1590.9674914398
4165,young_0_14,688.0495298988
4166,old_age_65_plus,240.4990543317
4166,working_age_15_64,1911.4169515576
4166,young_0_14,683.2904451635
4167,old_age_65_plus,879.7576449857
4167,working_age_15_64,8926.6248520388
4167,young_0_14,4004.5594235695
4168,old_age_65_plus,414.8597964009
4168,working_age_15_64,3879.6593457919
4168,young_0_14,1777.3131864344
4169,old_age_65_plus,230.7352256264
4169,working_age_15_64,1865.4222163418
4169,young_0_14,783.2411353383
4170,old_age_65_plus,171.8233646121
4170,working_age_15_64,1426.3267094111
4170,young_0_14,586.3040691978
4171,old_age_65_plus,805.2845777548
4171,working_age_15_64,7750.4607388037
4171,young_0_14,3592.7771924909
4172,old_age_65_plus,1052.4008175911
4172,working_age_15_64,9629.3306865745
4172,young_0_14,3612.5110785020
4173,old_age_65_plus,123.2806635349
4173,working_age_15_64,953.5001030967
4173,young_0_14,388.1397430126
4174,old_age_65_plus,266.1972242013
4174,working_age_15_64,2479.6609368501
4174,young_0_14,1118.2516247309
4175,old_age_65_plus,332.2325216757
4175,working_age_15_64,3185.0519926564
4175,young_0_14,1281.1466907169
4176,old_age_65_plus,1191.2812253008
4176,working_age_15_64,12675.3895505057
4176,young_0_14,6290.5888464501
4177,old_age_65_plus,127.8026224201
4177,working_age_15_64,1030.1035748374
4177,young_0_14,443.6340870883
4178,old_age_65_plus,496.4393417797
4178,working_age_15_64,4140.7845219288
4178,young_0_14,1647.0454226757
4179,old_age_65_plus,433.0554341205
4179,working_age_15_64,3912.2174221485
4179,young_0_14,1543.1066775158
4180,old_age_65_plus,806.7062217826
4180,working_age_15_64,8564.6482784092
4180,young_0_14,4127.2769394403
4181,old_age_65_plus,361.6992416491
4181,working_age_15_64,3215.8352008683
4181,young_0_14,1517.0287978477
4182,old_age_65_plus,170.8675684387
4182,working_age_15_64,1228.5531859513
4182,young_0_14,487.4326497424
4183,old_age_65_plus,112.2175393164
4183,working_age_15_64,890.0111884687
4183,young_0_14,365.2673355774
4184,old_age_65_plus,406.6726074513
4184,working_age_15_64,3917.8239328749
4184,young_0_14,1467.1974474264
4185,old_age_65_plus,293.2755364178
4185,working_age_15_64,2691.6806208511
4185,young_0_14,1137.7263813234
4186,old_age_65_plus,951.6658328869
4186,working_age_15_64,8473.6325101248
4186,young_0_14,3857.1966554280
4187,old_age_65_plus,441.9989807241
4187,working_age_15_64,3978.1735499026
4187,young_0_14,1609.4648100477
4188,old_age_65_plus,413.7493996946
4188,working_age_15_64,3543.8248258941
4188,young_0_14,1297.6016005754
4189,old_age_65_plus,578.9523758894
4189,working_age_15_64,5394.5527607834
4189,young_0_14,2123.8573388157
4190,old_age_65_plus,185.2694198497
4190,working_age_15_64,1525.2370959071
4190,young_0_14,605.7631798995
4191,old_age_65_plus,281.8547140291
4191,working_age_15_64,2464.8507349476
4191,young_0_14,945.7894898940
4192,old_age_65_plus,611.7985616064
4192,working_age_15_64,5768.6915354570
4192,young_0_14,2569.6939824078
4193,old_age_65_plus,219.6146052808
4193,working_age_15_64,1876.3329994863
4193,young_0_14,678.2789069043
4194,old_age_65_plus,393.7848219489
4194,working_age_15_64,4180.9893854694
4194,young_0_14,1874.4724004896
4195,old_age_65_plus,2132.9535115159
4195,working_age_15_64,19296.1340874291
4195,young_0_14,8834.1663695438
4196,old_age_65_plus,362.5870700356
4196,working_age_15_64,3219.6966446806
4196,young_0_14,1224.6509157941
4197,old_age_65_plus,122.6943027409
4197,working_age_15_64,1004.0377865575
4197,young_0_14,412.5239318784
4198,old_age_65_plus,887.3992852107
4198,working_age_15_64,8315.4829611460
4198,young_0_14,3360.8238896139
4199,old_age_65_plus,229.6589075849
4199,working_age_15_64,2095.5152794061
4199,young_0_14,893.6209192056
4200,old_age_65_plus,346.2934286795
4200,working_age_15_64,2973.5599964770
4200,young_0_14,1333.7423808241
4201,old_age_65_plus,1003.4273612721
4201,working_age_15_64,10249.0094383046
4201,young_0_14,4136.4688407748
4202,old_age_65_plus,162.7664956234
4202,working_age_15_64,1380.0607745199
4202,young_0_14,530.5822393072
4203,old_age_65_plus,663.2047761374
4203,working_age_15_64,6499.8885769057
4203,young_0_14,2592.9576347345
4204,old_age_65_plus,127.5648580158
4204,working_age_15_64,1178.7704525680
4204,young_0_14,459.8975855466
4205,old_age_65_plus,211.9305408444
4205,working_age_15_64,1901.0494529019
4205,young_0_14,793.1172870160
4206,old_age_65_plus,197.3827443167
4206,working_age_15_64,1655.8076054340
4206,young_0_14,671.0006673866
4207,old_age_65_plus,1200.3796781377
4207,working_age_15_64,10689.5020805219
4207,young_0_14,4914.9664619637
4208,old_age_65_plus,209.5268489456
4208,working_age_15_64,1695.2349855321
4208,young_0_14,633.2003473656
4209,old_age_65_plus,225.8116725862
4209,working_age_15_64,1971.1209458977
4209,young_0_14,767.1752260766
4210,old_age_65_plus,212.0963018996
4210,working_age_15_64,1822.2478229870
4210,young_0_14,743.5434990752
4211,old_age_65_plus,1189.9605060685
4211,working_age_15_64,10617.7747274223
4211,young_0_14,3679.3014130795
4212,old_age_65_plus,145.5300136375
4212,working_age_15_64,1211.5571449963
4212,young_0_14,479.2008461010
4213,old_age_65_plus,188.8935988485
4213,working_age_15_64,1548.3591145260
4213,young_0_14,676.8025575422
4214,old_age_65_plus,147.5116045647
4214,working_age_15_64,1298.5354877827
4214,young_0_14,526.6474779503
4215,old_age_65_plus,220.2766107023
4215,working_age_15_64,1933.9614059556
4215,young_0_14,725.0361016505
4216,old_age_65_plus,174.0560126780
4216,working_age_15_64,1501.6777072901
4216,young_0_14,523.1701363751
4217,old_age_65_plus,134.3030203633
4217,working_age_15_64,1194.8055750517
4217,young_0_14,535.0155387890
4218,old_age_65_plus,267.1953664091
4218,working_age_15_64,2537.4379973826
4218,young_0_14,1040.1388375167
4219,old_age_65_plus,207.7060940627
4219,working_age_15_64,1808.6534706316
4219,young_0_14,649.3823021260
4220,old_age_65_plus,289.2719860133
4220,working_age_15_64,2893.8805063197
4220,young_0_14,1219.6978293972
4221,old_age_65_plus,166.3634693639
4221,working_age_15_64,1356.9172347956
4221,young_0_14,506.8810005583
4222,old_age_65_plus,822.2294817479
4222,working_age_15_64,9410.2531437904
4222,young_0_14,3637.4394797254
4223,old_age_65_plus,115.7356198190
4223,working_age_15_64,1003.7089748115
4223,young_0_14,428.4729345046
4224,old_age_65_plus,158.5459243258
4224,working_age_15_64,1293.2794915328
4224,young_0_14,520.5665414226
4225,old_age_65_plus,217.9418801417
4225,working_age_15_64,1668.1603171979
4225,young_0_14,603.7649062088
4226,old_age_65_plus,132.6675690299
4226,working_age_15_64,1184.7036430109
4226,young_0_14,447.2652595715
4227,old_age_65_plus,296.1908809300
4227,working_age_15_64,3256.3739045827
4227,young_0_14,1149.8415766994
4228,old_age_65_plus,356.3678745537
4228,working_age_15_64,3646.2894105048
4228,young_0_14,1397.4996798865
4229,old_age_65_plus,128.0084541616
4229,working_age_15_64,973.7024208430
4229,young_0_14,359.6129867512
4230,old_age_65_plus,141.0389255832
4230,working_age_15_64,1237.5011132330
4230,young_0_14,477.2731818079
4231,old_age_65_plus,151.2493631039
4231,working_age_15_64,1433.6896292255
4231,young_0_14,548.7541761950
4232,old_age_65_plus,169.0332420120
4232,working_age_15_64,1667.9939120655
4232,young_0_14,623.7868948364
4233,old_age_65_plus,109.0610245891
4233,working_age_15_64,864.1076913048
4233,young_0_14,376.5824111630
4234,old_age_65_plus,177.4627541869
4234,working_age_15_64,1724.1244275271
4234,young_0_14,778.4694255940
4235,old_age_65_plus,129.5873360362
4235,working_age_15_64,1146.3694893925
4235,young_0_14,435.0391281434
4236,old_age_65_plus,105.5940537185
4236,working_age_15_64,857.1511041180
4236,young_0_14,344.7582370890
4237,old_age_65_plus,442.1089518553
4237,working_age_15_64,4213.2891029782
4237,young_0_14,1753.3754876564
4238,old_age_65_plus,152.4339819839
4238,working_age_15_64,1295.1615113574
4238,young_0_14,491.0791799630
4239,old_age_65_plus,110.5916957451
4239,working_age_15_64,1018.1720592098
4239,young_0_14,385.1936044956
4240,old_age_65_plus,158.9527823231
4240,working_age_15_64,1644.4921975320
4240,young_0_14,575.8443054178
4241,old_age_65_plus,170.6425613455
4241,working_age_15_64,1507.4348031059
4241,young_0_14,517.5663898419
4242,old_age_65_plus,190.6359391925
4242,working_age_15_64,1926.7648874029
4242,young_0_14,689.5596427158
4243,old_age_65_plus,251.7173783545
4243,working_age_15_64,2403.8213386252
4243,young_0_14,944.3599332699
4244,old_age_65_plus,349.8975098741
4244,working_age_15_64,4013.9591418062
4244,young_0_14,1417.0292011288
4245,old_age_65_plus,343.3219706074
4245,working_age_15_64,3192.5013449061
4245,young_0_14,1491.5366911281
4246,old_age_65_plus,108.4084380990
4246,working_age_15_64,1068.4320320055
4246,young_0_14,458.4361944024
4247,old_age_65_plus,176.3210512126
4247,working_age_15_64,1816.3189387625
4247,young_0_14,693.9543473676
4248,old_age_65_plus,162.8173672706
4248,working_age_15_64,1389.4385538425
4248,young_0_14,564.0464588771
4249,old_age_65_plus,248.5320163306
4249,working_age_15_64,2292.3791609877
4249,young_0_14,1250.5233898745
4250,old_age_65_plus,124.4164173967
4250,working_age_15_64,1177.0821255414
4250,young_0_14,453.6148773349
4251,old_age_65_plus,120.3150420422
4251,working_age_15_64,1020.6875042554
4251,young_0_14,423.6057892783
4252,old_age_65_plus,191.0706385478
4252,working_age_15_64,1734.5125196468
4252,young_0_14,676.6492974166
4253,old_age_65_plus,158.6648282494
4253,working_age_15_64,1511.8546532068
4253,young_0_14,525.9168264695
4254,old_age_65_plus,684.0827838507
4254,working_age_15_64,6808.4116247509
4254,young_0_14,3955.4267840369
4255,old_age_65_plus,165.6768678555
4255,working_age_15_64,1715.1878373913
4255,young_0_14,684.2935045295
4256,old_age_65_plus,279.9154533045
4256,working_age_15_64,2498.3993698170
4256,young_0_14,1191.3802962983
4257,old_age_65_plus,109.0645316339
4257,working_age_15_64,987.6344950451
4257,young_0_14,366.3285665602
4258,old_age_65_plus,438.2094307178
4258,working_age_15_64,4039.3726374426
4258,young_0_14,2182.8632148989
4259,old_age_65_plus,264.9873364245
4259,working_age_15_64,2976.4414387685
4259,young_0_14,1003.3112845778
4260,old_age_65_plus,156.8411120980
4260,working_age_15_64,1453.8396300366
4260,young_0_14,529.3712523520
4261,old_age_65_plus,206.0487010872
4261,working_age_15_64,3250.7439133314
4261,young_0_14,990.8373567151
4262,old_age_65_plus,220.5114359086
4262,working_age_15_64,1896.2189775771
4262,young_0_14,579.4430697932
4263,old_age_65_plus,922.9649479784
4263,working_age_15_64,9442.6992818362
4263,young_0_14,3371.0720628529
4264,old_age_65_plus,257.8390774386
4264,working_age_15_64,2553.1441031560
4264,young_0_14,1022.4937621796
4265,old_age_65_plus,169.1495856354
4265,working_age_15_64,1668.3531794117
4265,young_0_14,625.4372007828
4266,old_age_65_plus,175.0454603755
4266,working_age_15_64,1788.8959807058
4266,young_0_14,632.5709669059
4267,old_age_65_plus,171.8158830343
4267,working_age_15_64,2268.9284813616
4267,young_0_14,610.6870631152
4268,old_age_65_plus,82.7123282318
4268,working_age_15_64,707.7063766879
4268,young_0_14,253.4354172773
4269,old_age_65_plus,240.3015917580
4269,working_age_15_64,2107.6291545045
4269,young_0_14,958.6727998946
4270,old_age_65_plus,188.4888480122
4270,working_age_15_64,1687.3156671858
4270,young_0_14,646.5367749146
4271,old_age_65_plus,298.5398182118
4271,working_age_15_64,3386.3654599259
4271,young_0_14,1272.2858279491
4272,old_age_65_plus,107.6326824910
4272,working_age_15_64,890.6944374144
4272,young_0_14,305.1741120161
4273,old_age_65_plus,256.3395349190
4273,working_age_15_64,2330.5299612034
4273,young_0_14,710.7380000715
4274,old_age_65_plus,150.0947073093
4274,working_age_15_64,1143.9434618972
4274,young_0_14,420.6271888987
4275,old_age_65_plus,125.4781238103
4275,working_age_15_64,1209.6955467669
4275,young_0_14,454.2894180011
4276,old_age_65_plus,139.0112919513
4276,working_age_15_64,1361.3384971057
4276,young_0_14,458.3240864219
4277,old_age_65_plus,177.3519196043
4277,working_age_15_64,2357.3007808562
4277,young_0_14,734.1552548843
4278,old_age_65_plus,105.4140220812
4278,working_age_15_64,796.5276842258
4278,young_0_14,300.7282111848
4279,old_age_65_plus,822.5164357251
4279,working_age_15_64,9680.3801437323
4279,young_0_14,3301.4665037537
4280,old_age_65_plus,534.6956019910
4280,working_age_15_64,5302.3065763717
4280,young_0_14,2118.3720490813
4281,old_age_65_plus,311.0154312748
4281,working_age_15_64,5623.8272978975
4281,young_0_14,1327.4062845729
4282,old_age_65_plus,358.0669344217
4282,working_age_15_64,4216.2028552637
4282,young_0_14,1379.6651899060
4283,old_age_65_plus,482.0420240061
4283,working_age_15_64,8443.5811832026
4283,young_0_14,2091.4823765616
4284,old_age_65_plus,116.8844112744
4284,working_age_15_64,976.2457452638
4284,young_0_14,399.4285161404
4285,old_age_65_plus,183.2261013096
4285,working_age_15_64,2405.6512081944
4285,young_0_14,712.9997572168
4286,old_age_65_plus,137.9241235182
4286,working_age_15_64,1379.4653810515
4286,young_0_14,610.4775353727
4287,old_age_65_plus,145.6767317204
4287,working_age_15_64,1279.6468428638
4287,young_0_14,520.5277708018
4288,old_age_65_plus,106.7978725698
4288,working_age_15_64,927.7394739486
4288,young_0_14,326.1751213674
4289,old_age_65_plus,119.4630819919
4289,working_age_15_64,1043.3812235879
4289,young_0_14,431.9743845326
4290,old_age_65_plus,227.6782680150
4290,working_age_15_64,3131.4681721022
4290,young_0_14,1040.0835388888
4291,old_age_65_plus,279.9058179243
4291,working_age_15_64,4533.8301891868
4291,young_0_14,1122.9118127577
4292,old_age_65_plus,457.7089499733
4292,working_age_15_64,5007.3672008724
4292,young_0_14,1935.5943182440
4293,old_age_65_plus,196.0917522166
4293,working_age_15_64,1786.3870921066
4293,young_0_14,601.6750860497
4294,old_age_65_plus,273.1298779373
4294,working_age_15_64,2573.9213866047
4294,young_0_14,1129.1834114890
4295,old_age_65_plus,169.2139307460
4295,working_age_15_64,1514.2408887533
4295,young_0_14,521.0109900007
4296,old_age_65_plus,447.6042556855
4296,working_age_15_64,4500.8627495245
4296,young_0_14,1759.3143161739
4297,old_age_65_plus,696.5635294172
4297,working_age_15_64,7031.4643431069
4297,young_0_14,2879.7542329366
4298,old_age_65_plus,216.6633371226
4298,working_age_15_64,2398.7746335224
4298,young_0_14,881.9436305870
4299,old_age_65_plus,261.3477337436
4299,working_age_15_64,2469.1441056729
4299,young_0_14,1100.1022462265
4300,old_age_65_plus,115.3362487005
4300,working_age_15_64,927.3919769847
4300,young_0_14,375.2454788662
4301,old_age_65_plus,139.9158240825
4301,working_age_15_64,1739.7981284071
4301,young_0_14,480.6022572090
4302,old_age_65_plus,640.4578770646
4302,working_age_15_64,6381.7434915855
4302,young_0_14,1978.7700565571
4303,old_age_65_plus,103.6725375485
4303,working_age_15_64,926.6127756055
4303,young_0_14,382.4796434212
4304,old_age_65_plus,100.2084801311
4304,working_age_15_64,835.6771131498
4304,young_0_14,336.9353190495
4305,old_age_65_plus,241.7364424050
4305,working_age_15_64,2545.4285913273
4305,young_0_14,949.8950070782
4306,old_age_65_plus,141.3353440989
4306,working_age_15_64,932.0492793155
4306,young_0_14,356.2931046959
4307,old_age_65_plus,163.8340880433
4307,working_age_15_64,1474.7776632806
4307,young_0_14,541.5188840848
4308,old_age_65_plus,157.5296165733
4308,working_age_15_64,1526.6399828337
4308,young_0_14,579.0514486065
4309,old_age_65_plus,70.0314032669
4309,working_age_15_64,580.3794037762
4309,young_0_14,208.7388358311
4310,old_age_65_plus,146.2889245333
4310,working_age_15_64,1346.3416308890
4310,young_0_14,502.5763740885
4311,old_age_65_plus,102.9781902965
4311,working_age_15_64,931.8002540792
4311,young_0_14,373.4499131338
4312,old_age_65_plus,188.4804137243
4312,working_age_15_64,1609.4102686786
4312,young_0_14,609.9511108800
4313,old_age_65_plus,152.2274895548
4313,working_age_15_64,1352.4704299968
4313,young_0_14,518.3083717023
4314,old_age_65_plus,101.2848450070
4314,working_age_15_64,906.1874723967
4314,young_0_14,346.3537955636
4315,old_age_65_plus,98.1306849953
4315,working_age_15_64,814.9459144160
4315,young_0_14,293.5525074712
4316,old_age_65_plus,164.5249091968
4316,working_age_15_64,1447.9488928042
4316,young_0_14,587.8056113565
4317,old_age_65_plus,384.3758469386
4317,working_age_15_64,4685.7677572487
4317,young_0_14,1801.8683649994
4318,old_age_65_plus,251.6135590464
4318,working_age_15_64,2419.6863602419
4318,young_0_14,623.3606625621
4319,old_age_65_plus,345.2447763969
4319,working_age_15_64,3471.8894907588
4319,young_0_14,1073.7664516995
4320,old_age_65_plus,168.3715738853
4320,working_age_15_64,1455.4405558869
4320,young_0_14,543.0820938670
4321,old_age_65_plus,153.4970771942
4321,working_age_15_64,1254.6048000987
4321,young_0_14,521.1592171486
4322,old_age_65_plus,165.8824875892
4322,working_age_15_64,1782.0510536283
4322,young_0_14,655.8280319818
4323,old_age_65_plus,545.4312288368
4323,working_age_15_64,6023.6953569058
4323,young_0_14,2485.3293332459
4324,old_age_65_plus,1117.8770467053
4324,working_age_15_64,10746.2201920703
4324,young_0_14,4038.4822034600
4325,old_age_65_plus,328.3637396689
4325,working_age_15_64,3657.8239594493
4325,young_0_14,1814.6304647357
4326,old_age_65_plus,136.3604118636
4326,working_age_15_64,1047.3597472300
4326,young_0_14,411.0060885039
4327,old_age_65_plus,399.8018025879
4327,working_age_15_64,4096.9562313820
4327,young_0_14,1606.4744520656
4328,old_age_65_plus,140.1062223633
4328,working_age_15_64,1191.3887033839
4328,young_0_14,424.4028163290
4329,old_age_65_plus,101.3584544864
4329,working_age_15_64,886.4101226874
4329,young_0_14,340.0613922185
4330,old_age_65_plus,93.2191259390
4330,working_age_15_64,894.2313754304
4330,young_0_14,357.2452031323
4331,old_age_65_plus,861.0298601812
4331,working_age_15_64,9383.7069857244
4331,young_0_14,3162.6821523676
4332,old_age_65_plus,111.9005757001
4332,working_age_15_64,944.7250823953
4332,young_0_14,344.3961126699
4333,old_age_65_plus,284.2570635805
4333,working_age_15_64,2776.3188674713
4333,young_0_14,1226.6350822880
4334,old_age_65_plus,889.8210169203
4334,working_age_15_64,10074.3330162857
4334,young_0_14,4136.3878124295
4335,old_age_65_plus,202.9588111588
4335,working_age_15_64,2135.2794708163
4335,young_0_14,838.1763306042
4336,old_age_65_plus,399.8670831788
4336,working_age_15_64,3925.8155515620
4336,young_0_14,1848.7037489592
4337,old_age_65_plus,213.6039068245
4337,working_age_15_64,2021.4755625608
4337,young_0_14,804.8503689162
4338,old_age_65_plus,139.4380676407
4338,working_age_15_64,1247.2951349870
4338,young_0_14,437.4578376189
4339,old_age_65_plus,468.0549839261
4339,working_age_15_64,5821.6602583784
4339,young_0_14,2302.6373133268
4340,old_age_65_plus,191.5347576883
4340,working_age_15_64,1831.1253459166
4340,young_0_14,744.5327233417
4341,old_age_65_plus,172.2113894767
4341,working_age_15_64,1442.6143108738
4341,young_0_14,525.5309647836
4342,old_age_65_plus,204.6936141701
4342,working_age_15_64,1856.7162942963
4342,young_0_14,866.3679214374
4343,old_age_65_plus,126.3676007167
4343,working_age_15_64,1098.4224010084
4343,young_0_14,487.3164379510
4344,old_age_65_plus,112.2619642101
4344,working_age_15_64,823.2825750905
4344,young_0_14,310.1930636295
4345,old_age_65_plus,188.5271518753
4345,working_age_15_64,1867.4869137370
4345,young_0_14,736.3663218419
4346,old_age_65_plus,606.5762844320
4346,working_age_15_64,6744.4977824771
4346,young_0_14,2591.2557121559
4347,old_age_65_plus,559.6932379264
4347,working_age_15_64,7268.6905247049
4347,young_0_14,2780.2454280836
4348,old_age_65_plus,241.2114985087
4348,working_age_15_64,2258.0314349451
4348,young_0_14,970.8523934493
4349,old_age_65_plus,95.0020551371
4349,working_age_15_64,856.5784479545
4349,young_0_14,352.4874836295
4350,old_age_65_plus,419.5300438389
4350,working_age_15_64,5398.8624475695
4350,young_0_14,2085.6672604015
4351,old_age_65_plus,166.7039205271
4351,working_age_15_64,1655.9834666160
4351,young_0_14,619.7438864551
4352,old_age_65_plus,167.2079198832
4352,working_age_15_64,1338.6379703119
4352,young_0_14,504.9479812378
4353,old_age_65_plus,156.8631740252
4353,working_age_15_64,1647.1456530644
4353,young_0_14,664.8082130441
4354,old_age_65_plus,145.8876361438
4354,working_age_15_64,1189.9659812959
4354,young_0_14,408.4982118447
4355,old_age_65_plus,420.7986859026
4355,working_age_15_64,3460.3352092263
4355,young_0_14,927.1269076978
4356,old_age_65_plus,622.2467187381
4356,working_age_15_64,7510.9666416027
4356,young_0_14,3031.2336510635
4357,old_age_65_plus,296.4469452108
4357,working_age_15_64,3277.5699343059
4357,young_0_14,1185.9686301907
4358,old_age_65_plus,192.3718387749
4358,working_age_15_64,1849.0543797808
4358,young_0_14,718.4137100932
4359,old_age_65_plus,141.4567990326
4359,working_age_15_64,1288.0668605458
4359,young_0_14,614.2574522756
4360,old_age_65_plus,89.3869654003
4360,working_age_15_64,782.7469590513
4360,young_0_14,308.4989912476
4361,old_age_65_plus,328.7331092530
4361,working_age_15_64,3184.6468610713
4361,young_0_14,1063.4209896578
4362,old_age_65_plus,168.4178824031
4362,working_age_15_64,1605.7454553543
4362,young_0_14,648.5619989378
4363,old_age_65_plus,145.2190972913
4363,working_age_15_64,1349.0126756680
4363,young_0_14,471.5371861460
4364,old_age_65_plus,77.5253832076
4364,working_age_15_64,685.0134705756
4364,young_0_14,304.7611879817
4365,old_age_65_plus,80.4167658808
4365,working_age_15_64,720.2410488064
4365,young_0_14,264.4675561634
4366,old_age_65_plus,180.1276523111
4366,working_age_15_64,1600.1750386856
4366,young_0_14,508.3273204645
4367,old_age_65_plus,93.1127462361
4367,working_age_15_64,859.2877865081
4367,young_0_14,316.7841478689
4368,old_age_65_plus,115.9485981008
4368,working_age_15_64,928.6055746958
4368,young_0_14,248.7932930718
4369,old_age_65_plus,156.8307117432
4369,working_age_15_64,1472.9182867234
4369,young_0_14,537.3016943789
4370,old_age_65_plus,76.6681795370
4370,working_age_15_64,648.7289405217
4370,young_0_14,281.9270300110
4371,old_age_65_plus,146.6065129492
4371,working_age_15_64,1433.6531472828
4371,young_0_14,613.7090809816
4372,old_age_65_plus,126.7237905048
4372,working_age_15_64,1098.0534034550
4372,young_0_14,455.6998093121
4373,old_age_65_plus,325.5594694220
4373,working_age_15_64,2764.8534536344
4373,young_0_14,955.6245576539
4374,old_age_65_plus,537.2219870272
4374,working_age_15_64,7691.7060701676
4374,young_0_14,2977.6948256896
4375,old_age_65_plus,83.7604351979
4375,working_age_15_64,734.2979333140
4375,young_0_14,288.4911767959
4376,old_age_65_plus,599.0873943666
4376,working_age_15_64,5665.1628170965
4376,young_0_14,2158.5075147493
4377,old_age_65_plus,58.7378887413
4377,working_age_15_64,488.3619082453
4377,young_0_14,180.9833213573
4378,old_age_65_plus,97.2116428838
4378,working_age_15_64,768.9502131721
4378,young_0_14,269.8917637004
4379,old_age_65_plus,94.2421741363
4379,working_age_15_64,887.0383295848
4379,young_0_14,342.5649850562
4380,old_age_65_plus,122.9705426686
4380,working_age_15_64,1208.0273135877
4380,young_0_14,442.9217945781
4381,old_age_65_plus,252.1252213477
4381,working_age_15_64,2386.4206532926
4381,young_0_14,889.0998944963
4382,old_age_65_plus,252.9883115260
4382,working_age_15_64,2328.6824254105
4382,young_0_14,798.5553417127
4383,old_age_65_plus,375.9295986626
4383,working_age_15_64,4039.3755586007
4383,young_0_14,1977.5321171620
4384,old_age_65_plus,149.7658017343
4384,working_age_15_64,1431.3518862451
4384,young_0_14,526.3499045814
4385,old_age_65_plus,77.2872326600
4385,working_age_15_64,557.1075748265
4385,young_0_14,229.7095881828
4386,old_age_65_plus,108.9537183918
4386,working_age_15_64,980.1262003190
4386,young_0_14,399.5077548175
4387,old_age_65_plus,64.4072837490
4387,working_age_15_64,531.3455800660
4387,young_0_14,203.4008382693
4388,old_age_65_plus,138.3506508828
4388,working_age_15_64,1498.2598159474
4388,young_0_14,470.2515585992
4389,old_age_65_plus,66.1754376241
4389,working_age_15_64,590.8100200821
4389,young_0_14,235.2389503731
4390,old_age_65_plus,100.7979211237
4390,working_age_15_64,836.2080323210
4390,young_0_14,284.0499118450
4391,old_age_65_plus,77.0137174912
4391,working_age_15_64,638.6293774658
4391,young_0_14,243.1479326554
4392,old_age_65_plus,122.3942805984
4392,working_age_15_64,1184.6775922120
4392,young_0_14,494.6857472587
4393,old_age_65_plus,332.7442955135
4393,working_age_15_64,4145.7122237635
4393,young_0_14,1586.0531247540
4394,old_age_65_plus,106.0915175201
4394,working_age_15_64,970.5465193524
4394,young_0_14,388.0199343519
4395,old_age_65_plus,87.3187118662
4395,working_age_15_64,718.5150901482
4395,young_0_14,231.5217235583
4396,old_age_65_plus,108.8981425189
4396,working_age_15_64,1212.2282016381
4396,young_0_14,574.4322293026
4397,old_age_65_plus,142.5969044611
4397,working_age_15_64,1287.5073204427
4397,young_0_14,590.3541411272
4398,old_age_65_plus,99.1186233412
4398,working_age_15_64,914.8718180659
4398,young_0_14,315.4593809590
4399,old_age_65_plus,93.6574776652
4399,working_age_15_64,823.5238903220
4399,young_0_14,329.5765439972
4400,old_age_65_plus,78.0403153966
4400,working_age_15_64,682.3168583254
4400,young_0_14,237.5074930535
4401,old_age_65_plus,113.0121447924
4401,working_age_15_64,1079.8853255571
4401,young_0_14,398.0177770022
4402,old_age_65_plus,55.0322765054
4402,working_age_15_64,432.0656312612
4402,young_0_14,162.3122553732
4403,old_age_65_plus,108.7018829678
4403,working_age_15_64,862.3234435456
4403,young_0_14,305.6977579671
4404,old_age_65_plus,63.4491375712
4404,working_age_15_64,477.0783140066
4404,young_0_14,160.0621239216
4405,old_age_65_plus,115.1455958800
4405,working_age_15_64,1142.7041617993
4405,young_0_14,423.7778319460
4406,old_age_65_plus,94.3923890903
4406,working_age_15_64,731.5625394962
4406,young_0_14,264.7312327978
4407,old_age_65_plus,77.6258062990
4407,working_age_15_64,944.2830620973
4407,young_0_14,307.9806486079
4408,old_age_65_plus,114.7930879664
4408,working_age_15_64,1031.7052058684
4408,young_0_14,341.6060743420
4409,old_age_65_plus,208.7066437592
4409,working_age_15_64,2116.6410090055
4409,young_0_14,731.5068745961
4410,old_age_65_plus,98.8485821923
4410,working_age_15_64,873.6473917482
4410,young_0_14,325.8637033507
4411,old_age_65_plus,89.0702678651
4411,working_age_15_64,875.5465752995
4411,young_0_14,383.5198627231
4412,old_age_65_plus,88.4657229368
4412,working_age_15_64,858.3102792808
4412,young_0_14,367.3735254728
4413,old_age_65_plus,123.3905939188
4413,working_age_15_64,1137.6629737794
4413,young_0_14,490.2060060692
4414,old_age_65_plus,69.3466227430
4414,working_age_15_64,576.6794355764
4414,young_0_14,215.7849021787
4415,old_age_65_plus,399.3263838811
4415,working_age_15_64,4930.5915309421
4415,young_0_14,1913.5390019275
4416,old_age_65_plus,72.4774070078
4416,working_age_15_64,545.9718321996
4416,young_0_14,205.9785314265
4417,old_age_65_plus,71.3446129813
4417,working_age_15_64,541.2265905148
4417,young_0_14,182.5064887441
4418,old_age_65_plus,207.8268045883
4418,working_age_15_64,1821.6394326786
4418,young_0_14,730.4583899405
4419,old_age_65_plus,99.6443017067
4419,working_age_15_64,837.5301012406
4419,young_0_14,294.7017185664
4420,old_age_65_plus,94.7517007810
4420,working_age_15_64,784.5695310403
4420,young_0_14,314.7664277118
4421,old_age_65_plus,275.1132454010
4421,working_age_15_64,2744.0379966887
4421,young_0_14,1088.0974864890
4422,old_age_65_plus,646.8874597647
4422,working_age_15_64,7146.4451944543
4422,young_0_14,2924.1522297477
4423,old_age_65_plus,450.7079286891
4423,working_age_15_64,4812.1187743208
4423,young_0_14,2013.6272901905
4424,old_age_65_plus,121.5894113974
4424,working_age_15_64,937.7629562188
4424,young_0_14,347.9740270906
4425,old_age_65_plus,158.3644907676
4425,working_age_15_64,1536.4887864950
4425,young_0_14,623.7078932608
4426,old_age_65_plus,287.9542527890
4426,working_age_15_64,2552.6014683675
4426,young_0_14,920.5174325457
4427,old_age_65_plus,62.6484120904
4427,working_age_15_64,515.7948704028
4427,young_0_14,206.1770763737
4428,old_age_65_plus,238.6909815097
4428,working_age_15_64,2492.0623721044
4428,young_0_14,953.9387896491
4429,old_age_65_plus,82.7947673530
4429,working_age_15_64,910.9080234910
4429,young_0_14,322.8932580896
4430,old_age_65_plus,188.7143884586
4430,working_age_15_64,1846.2523615796
4430,young_0_14,826.4101744903
4431,old_age_65_plus,46.7187252494
4431,working_age_15_64,412.1717332712
4431,young_0_14,157.8994981002
4432,old_age_65_plus,126.3636148770
4432,working_age_15_64,1028.7293923452
4432,young_0_14,388.1337147557
4433,old_age_65_plus,55.2506274844
4433,working_age_15_64,541.0012336010
4433,young_0_14,203.4613675577
4434,old_age_65_plus,77.0724772286
4434,working_age_15_64,604.6193551539
4434,young_0_14,256.0404180708
4435,old_age_65_plus,151.7312815174
4435,working_age_15_64,1404.8903955418
4435,young_0_14,483.6350284065
4436,old_age_65_plus,73.4337881685
4436,working_age_15_64,555.9066124417
4436,young_0_14,224.4705645175
4437,old_age_65_plus,165.6064596169
4437,working_age_15_64,1447.3298105971
4437,young_0_14,666.8198232002
4438,old_age_65_plus,46.8330737501
4438,working_age_15_64,376.5512071395
4438,young_0_14,144.1593700203
4439,old_age_65_plus,90.1043922146
4439,working_age_15_64,755.3421110950
4439,young_0_14,300.9719354108
4440,old_age_65_plus,183.6439298518
4440,working_age_15_64,1196.2705679285
4440,young_0_14,560.7774523603
4441,old_age_65_plus,95.7780308179
4441,working_age_15_64,1002.8427148736
4441,young_0_14,452.4896464713
4442,old_age_65_plus,113.8532303787
4442,working_age_15_64,968.4251838029
4442,young_0_14,351.8441214739
4443,old_age_65_plus,101.9385141325
4443,working_age_15_64,1049.9458732758
4443,young_0_14,413.4233641456
4444,old_age_65_plus,134.0830739840
4444,working_age_15_64,1247.2919564430
4444,young_0_14,445.9475902352
4445,old_age_65_plus,98.7984053984
4445,working_age_15_64,846.2504094395
4445,young_0_14,344.2704522624
4446,old_age_65_plus,143.8512075944
4446,working_age_15_64,1270.4836105723
4446,young_0_14,509.0915631863
4447,old_age_65_plus,59.7208507885
4447,working_age_15_64,498.6527792657
4447,young_0_14,187.5972624901
4448,old_age_65_plus,45.7991850934
4448,working_age_15_64,341.7782508425
4448,young_0_14,128.3016413197
4449,old_age_65_plus,92.0107573412
4449,working_age_15_64,638.4611458385
4449,young_0_14,262.8429890079
4450,old_age_65_plus,96.9668504819
4450,working_age_15_64,988.3760111926
4450,young_0_14,363.1010734260
4451,old_age_65_plus,75.5980342229
4451,working_age_15_64,684.0745136844
4451,young_0_14,246.6687947982
4452,old_age_65_plus,71.1461058003
4452,working_age_15_64,814.7839549958
4452,young_0_14,270.5273388855
4453,old_age_65_plus,81.9902929577
4453,working_age_15_64,670.6730118284
4453,young_0_14,238.2836081834
4454,old_age_65_plus,82.5113268194
4454,working_age_15_64,716.7819470593
4454,young_0_14,269.8890160854
4455,old_age_65_plus,264.6174652677
4455,working_age_15_64,2871.9575885406
4455,young_0_14,1106.4537229913
4456,old_age_65_plus,220.5957511043
4456,working_age_15_64,2045.1022267864
4456,young_0_14,727.7615312179
4457,old_age_65_plus,57.4499413004
4457,working_age_15_64,506.3552503846
4457,young_0_14,182.1170820463
4458,old_age_65_plus,70.9218424881
4458,working_age_15_64,663.1956890004
4458,young_0_14,245.3335365890
4459,old_age_65_plus,72.7846343224
4459,working_age_15_64,567.2676644041
4459,young_0_14,214.1333371585
4460,old_age_65_plus,45.6645642451
4460,working_age_15_64,345.8960603660
4460,young_0_14,130.6375415674
4461,old_age_65_plus,95.7475181608
4461,working_age_15_64,1013.0459954831
4461,young_0_14,396.4964088743
4462,old_age_65_plus,135.2699600534
4462,working_age_15_64,1271.6382287520
4462,young_0_14,436.7295751568
4463,old_age_65_plus,84.4903248601
4463,working_age_15_64,669.9111100439
4463,young_0_14,229.1261258705
4464,old_age_65_plus,211.7047565939
4464,working_age_15_64,2122.1203513051
4464,young_0_14,705.4596638711
4465,old_age_65_plus,57.5837978131
4465,working_age_15_64,524.1129902549
4465,young_0_14,194.7876597714
4466,old_age_65_plus,84.7478191088
4466,working_age_15_64,811.4209574323
4466,young_0_14,312.3197631237
4467,old_age_65_plus,50.7642470340
4467,working_age_15_64,445.5809617793
4467,young_0_14,183.8359189198
4468,old_age_65_plus,48.1424587064
4468,working_age_15_64,347.4537518726
4468,young_0_14,122.6974833921
4469,old_age_65_plus,94.1860205695
4469,working_age_15_64,944.5210613941
4469,young_0_14,309.7440994930
4470,old_age_65_plus,57.7781205390
4470,working_age_15_64,500.2738199146
4470,young_0_14,181.3954484641
4471,old_age_65_plus,86.4669177441
4471,working_age_15_64,745.7510895625
4471,young_0_14,326.8885455906
4472,old_age_65_plus,97.4588030516
4472,working_age_15_64,804.1383999347
4472,young_0_14,267.9689934026
4473,old_age_65_plus,73.5581846775
4473,working_age_15_64,708.1407759710
4473,young_0_14,281.6686776388
4474,old_age_65_plus,79.7982935296
4474,working_age_15_64,751.2319316771
4474,young_0_14,263.1041606443
4475,old_age_65_plus,136.0204369894
4475,working_age_15_64,1227.7814708537
4475,young_0_14,411.3344088265
4476,old_age_65_plus,107.1405420731
4476,working_age_15_64,961.3310225462
4476,young_0_14,333.5925556064
4477,old_age_65_plus,327.5468525071
4477,working_age_15_64,2932.2907649040
4477,young_0_14,861.4924400282
4478,old_age_65_plus,286.6621980039
4478,working_age_15_64,2599.6708835868
4478,young_0_14,830.9464540682
4479,old_age_65_plus,56.9299531417
4479,working_age_15_64,404.2475077030
4479,young_0_14,163.7148012473
4480,old_age_65_plus,61.6020117060
4480,working_age_15_64,615.7383484437
4480,young_0_14,297.8748423683
4481,old_age_65_plus,71.9610778470
4481,working_age_15_64,613.7898983507
4481,young_0_14,222.7475537427
4482,old_age_65_plus,59.0938553928
4482,working_age_15_64,570.8002820943
4482,young_0_14,185.9326013395
4483,old_age_65_plus,76.9614791784
4483,working_age_15_64,648.3273452248
4483,young_0_14,241.8884678314
4484,old_age_65_plus,62.4413082211
4484,working_age_15_64,566.3950535732
4484,young_0_14,211.8787687676
4485,old_age_65_plus,49.8738738700
4485,working_age_15_64,453.4522857328
4485,young_0_14,199.0632543614
4486,old_age_65_plus,137.3644695640
4486,working_age_15_64,1232.0702619047
4486,young_0_14,450.0901511467
4487,old_age_65_plus,44.1634426165
4487,working_age_15_64,340.2097643217
4487,young_0_14,128.5614244226
4488,old_age_65_plus,184.0971712006
4488,working_age_15_64,1872.7300259427
4488,young_0_14,669.2166758449
4489,old_age_65_plus,280.2426209141
4489,working_age_15_64,2535.1532329049
4489,young_0_14,771.2633789886
4490,old_age_65_plus,163.8274492110
4490,working_age_15_64,1537.4946030309
4490,young_0_14,509.7017608798
4491,old_age_65_plus,58.2889527602
4491,working_age_15_64,555.9907859800
4491,young_0_14,190.6951563601
4492,old_age_65_plus,144.3085796173
4492,working_age_15_64,1556.4840826445
4492,young_0_14,606.1466302038
4493,old_age_65_plus,54.8235840292
4493,working_age_15_64,409.0723374214
4493,young_0_14,144.5952095064
4494,old_age_65_plus,427.6217341314
4494,working_age_15_64,3908.5698546409
4494,young_0_14,1344.6002923694
4495,old_age_65_plus,94.7314402534
4495,working_age_15_64,1059.3953733387
4495,young_0_14,377.3874407316
4496,old_age_65_plus,46.5388815377
4496,working_age_15_64,366.0703145141
4496,young_0_14,128.5425317209
4497,old_age_65_plus,78.1792995412
4497,working_age_15_64,706.2851206295
4497,young_0_14,285.1236626150
4498,old_age_65_plus,122.4365671513
4498,working_age_15_64,1234.3379813548
4498,young_0_14,462.7810880569
4499,old_age_65_plus,75.5671328907
4499,working_age_15_64,583.2554547014
4499,young_0_14,210.1631200488
4500,old_age_65_plus,64.4607469378
4500,working_age_15_64,507.6458088333
4500,young_0_14,170.7040726981
4501,old_age_65_plus,112.7406311560
4501,working_age_15_64,1269.4846439053
4501,young_0_14,582.7930857741
4502,old_age_65_plus,424.1463456661
4502,working_age_15_64,5287.9559486493
4502,young_0_14,2191.2461601942
4503,old_age_65_plus,107.3429382390
4503,working_age_15_64,978.9312124179
4503,young_0_14,365.4712270369
4504,old_age_65_plus,450.0752121768
4504,working_age_15_64,5733.1286575689
4504,young_0_14,2764.2230626122
4505,old_age_65_plus,329.4637640352
4505,working_age_15_64,3994.6933913190
4505,young_0_14,1523.8395745772
4506,old_age_65_plus,1301.6237936060
4506,working_age_15_64,14617.9429221778
4506,young_0_14,5263.9966036590
4507,old_age_65_plus,88.8917393421
4507,working_age_15_64,702.1223967705
4507,young_0_14,255.7623198247
4508,old_age_65_plus,621.5417962108
4508,working_age_15_64,7981.1272907220
4508,young_0_14,3327.7853795870
4509,old_age_65_plus,100.9471161932
4509,working_age_15_64,1033.0444332201
4509,young_0_14,401.3793177077
4510,old_age_65_plus,283.6132127182
4510,working_age_15_64,3231.1723120048
4510,young_0_14,1367.9379309280
4511,old_age_65_plus,95.7043899174
4511,working_age_15_64,1085.3605852973
4511,young_0_14,524.8455210792
4512,old_age_65_plus,628.5081526909
4512,working_age_15_64,7898.8348176196
4512,young_0_14,3205.5540292071
4513,old_age_65_plus,278.9438075135
4513,working_age_15_64,3324.6479825199
4513,young_0_14,1291.6061751420
4514,old_age_65_plus,748.6591921735
4514,working_age_15_64,9637.3446256780
4514,young_0_14,3999.3469354224
4515,old_age_65_plus,98.7923827078
4515,working_age_15_64,1060.8845676484
4515,young_0_14,435.3352320075
4516,old_age_65_plus,96.0161202171
4516,working_age_15_64,862.8386192639
4516,young_0_14,279.8190978096
4517,old_age_65_plus,548.6772326117
4517,working_age_15_64,6935.9282903565
4517,young_0_14,2886.5955795414
4518,old_age_65_plus,50.3226963770
4518,working_age_15_64,557.9364101120
4518,young_0_14,196.3817801041
4519,old_age_65_plus,600.7889852083
4519,working_age_15_64,7923.4450458691
4519,young_0_14,3064.6918654357
4520,old_age_65_plus,91.1628984729
4520,working_age_15_64,812.0719598868
4520,young_0_14,327.7311586837
4521,old_age_65_plus,97.3030970910
4521,working_age_15_64,1171.9712186514
4521,young_0_14,443.9900674252
4522,old_age_65_plus,260.7479271854
4522,working_age_15_64,2779.2371160596
4522,young_0_14,1122.4764689353
4523,old_age_65_plus,434.3816436770
4523,working_age_15_64,5591.7330237766
4523,young_0_14,2313.3153448297
4524,old_age_65_plus,51.0257533433
4524,working_age_15_64,529.9067494101
4524,young_0_14,155.2959434434
4525,old_age_65_plus,100.4745595759
4525,working_age_15_64,1037.6667899290
4525,young_0_14,437.5599291250
4526,old_age_65_plus,90.7574473169
4526,working_age_15_64,853.4590742770
4526,young_0_14,341.7569284859
4527,old_age_65_plus,480.7921288076
4527,working_age_15_64,5939.7993692041
4527,young_0_14,2531.2128156503
4528,old_age_65_plus,142.1018556783
4528,working_age_15_64,1588.7675334013
4528,young_0_14,629.8375680854
4529,old_age_65_plus,65.7184057516
4529,working_age_15_64,569.0295224698
4529,young_0_14,216.8034822857
4530,old_age_65_plus,56.3336085036
4530,working_age_15_64,389.9703227560
4530,young_0_14,152.1845062592
4531,old_age_65_plus,170.4299954847
4531,working_age_15_64,1957.7942943368
4531,young_0_14,771.6246202386
4532,old_age_65_plus,42.2443020274
4532,working_age_15_64,369.3415199101
4532,young_0_14,147.6962632487
4533,old_age_65_plus,321.0377782547
4533,working_age_15_64,4189.4228796108
4533,young_0_14,1689.8269720156
4534,old_age_65_plus,255.4483207768
4534,working_age_15_64,2765.4779921783
4534,young_0_14,1136.4862727872
4535,old_age_65_plus,91.9102490671
4535,working_age_15_64,738.2108844483
4535,young_0_14,293.8606521556
4536,old_age_65_plus,96.0891989686
4536,working_age_15_64,971.1586032498
4536,young_0_14,410.4231602908
4537,old_age_65_plus,57.1689281026
4537,working_age_15_64,544.7910505467
4537,young_0_14,246.4976229481
4538,old_age_65_plus,203.2570182621
4538,working_age_15_64,2402.5848920060
4538,young_0_14,945.9670840212
4539,old_age_65_plus,84.0779025309
4539,working_age_15_64,1099.9292175109
4539,young_0_14,395.2293789471
4540,old_age_65_plus,57.9241663169
4540,working_age_15_64,606.8223140349
4540,young_0_14,238.4117366235
4541,old_age_65_plus,64.5913604618
4541,working_age_15_64,579.9338800103
4541,young_0_14,203.6490672581
4542,old_age_65_plus,172.2057897750
4542,working_age_15_64,2007.4248614584
4542,young_0_14,785.8183680439
4543,old_age_65_plus,62.0000444848
4543,working_age_15_64,762.7494059141
4543,young_0_14,223.1254074632
4544,old_age_65_plus,580.1662194768
4544,working_age_15_64,6635.3886210383
4544,young_0_14,2748.0304028583
4545,old_age_65_plus,52.3353208580
4545,working_age_15_64,422.9708733264
4545,young_0_14,143.7664265960
4546,old_age_65_plus,100.9469134792
4546,working_age_15_64,979.4322838953
4546,young_0_14,396.2037383446
4547,old_age_65_plus,94.2364474207
4547,working_age_15_64,868.5030570928
4547,young_0_14,372.7156271681
4548,old_age_65_plus,145.1877300616
4548,working_age_15_64,1511.4520745095
4548,young_0_14,618.7942171146
4549,old_age_65_plus,29.2357325025
4549,working_age_15_64,253.9555122232
4549,young_0_14,107.2822607831
4550,old_age_65_plus,92.4426122436
4550,working_age_15_64,894.0905539863
4550,young_0_14,409.6564737817
4551,old_age_65_plus,68.7990879954
4551,working_age_15_64,541.3240805006
4551,young_0_14,212.3740012658
4552,old_age_65_plus,46.4432680502
4552,working_age_15_64,352.1089398420
4552,young_0_14,134.1666316990
4553,old_age_65_plus,406.2213952172
4553,working_age_15_64,5209.6204891779
4553,young_0_14,2687.1820223313
4554,old_age_65_plus,103.4082778358
4554,working_age_15_64,1118.4666422187
4554,young_0_14,499.4221413860
4555,old_age_65_plus,89.2947095067
4555,working_age_15_64,976.8157208704
4555,young_0_14,336.4073314054
4556,old_age_65_plus,48.8927769943
4556,working_age_15_64,519.0952679268
4556,young_0_14,227.8347545179
4557,old_age_65_plus,51.5330006804
4557,working_age_15_64,476.0273369531
4557,young_0_14,289.8987246657
4558,old_age_65_plus,79.8627346147
4558,working_age_15_64,798.0494727461
4558,young_0_14,336.6751315458
4559,old_age_65_plus,64.1560234202
4559,working_age_15_64,523.6040060277
4559,young_0_14,221.9296506455
4560,old_age_65_plus,51.5195490083
4560,working_age_15_64,426.4010826796
4560,young_0_14,197.9681492916
4561,old_age_65_plus,49.9941236810
4561,working_age_15_64,470.6309909130
4561,young_0_14,189.8457619262
4562,old_age_65_plus,160.4144972307
4562,working_age_15_64,2270.4951701562
4562,young_0_14,826.3611569504
4563,old_age_65_plus,39.4814211357
4563,working_age_15_64,347.6663053790
4563,young_0_14,135.2349557751
4564,old_age_65_plus,450.3166265564
4564,working_age_15_64,5865.7089301004
4564,young_0_14,3095.4093753042
4565,old_age_65_plus,91.4929908615
4565,working_age_15_64,894.2307575188
4565,young_0_14,259.7908473378
4566,old_age_65_plus,43.5557763927
4566,working_age_15_64,362.8338300004
4566,young_0_14,142.5777256669
4567,old_age_65_plus,49.1639264555
4567,working_age_15_64,394.4723546967
4567,young_0_14,146.3912317354
4568,old_age_65_plus,28.3946500929
4568,working_age_15_64,243.9216020837
4568,young_0_14,90.6566043139
4569,old_age_65_plus,57.4739714562
4569,working_age_15_64,573.0205504510
4569,young_0_14,240.2363011250
4570,old_age_65_plus,84.9930142417
4570,working_age_15_64,1001.3901787794
4570,young_0_14,327.1546856526
4571,old_age_65_plus,63.2006714321
4571,working_age_15_64,518.7765379979
4571,young_0_14,166.5762445952
4572,old_age_65_plus,26.7649490295
4572,working_age_15_64,206.6983443703
4572,young_0_14,74.2184047413
4573,old_age_65_plus,111.7889021668
4573,working_age_15_64,1155.0609804544
4573,young_0_14,448.3241156072
4574,old_age_65_plus,28.5963090712
4574,working_age_15_64,225.6325874703
4574,young_0_14,81.9054076895
4575,old_age_65_plus,37.1293482715
4575,working_age_15_64,326.7024411985
4575,young_0_14,118.0369915753
4576,old_age_65_plus,36.8126856716
4576,working_age_15_64,309.3475330867
4576,young_0_14,115.4196699817
4577,old_age_65_plus,40.5538052484
4577,working_age_15_64,321.1067565851
4577,young_0_14,127.9848868096
4578,old_age_65_plus,30.4972615903
4578,working_age_15_64,273.8697064608
4578,young_0_14,102.0352556913
4579,old_age_65_plus,56.2721196778
4579,working_age_15_64,498.4176830409
4579,young_0_14,187.9360745802
4580,old_age_65_plus,43.7371000725
4580,working_age_15_64,363.4904144147
4580,young_0_14,132.6100296443
4581,old_age_65_plus,123.4660545118
4581,working_age_15_64,1284.0254788906
4581,young_0_14,508.7890064536
4582,old_age_65_plus,68.2925144749
4582,working_age_15_64,857.1718163523
4582,young_0_14,295.9382513913
4583,old_age_65_plus,109.5093966765
4583,working_age_15_64,1365.1910601842
4583,young_0_14,553.0925776154
4584,old_age_65_plus,99.7273123679
4584,working_age_15_64,1211.5277127643
4584,young_0_14,496.9865434080
4585,old_age_65_plus,83.3972903600
4585,working_age_15_64,722.4722916566
4585,young_0_14,254.6177454791
4586,old_age_65_plus,56.4323985902
4586,working_age_15_64,639.8579060434
4586,young_0_14,228.4996655453
4587,old_age_65_plus,155.9542470536
4587,working_age_15_64,2121.4489133225
4587,young_0_14,857.9480410387
4588,old_age_65_plus,50.5579233384
4588,working_age_15_64,458.5104267241
4588,young_0_14,194.8041223311
4589,old_age_65_plus,191.8491530777
4589,working_age_15_64,1851.8655682663
4589,young_0_14,684.8764035057
4590,old_age_65_plus,56.6224099662
4590,working_age_15_64,544.3381424186
4590,young_0_14,229.0967721609
4591,old_age_65_plus,190.6542945064
4591,working_age_15_64,2394.9949660974
4591,young_0_14,1144.9444815406
4592,old_age_65_plus,46.9511280289
4592,working_age_15_64,448.5220911066
4592,young_0_14,159.9683311061
4593,old_age_65_plus,116.6918062976
4593,working_age_15_64,1262.0053464347
4593,young_0_14,475.1003060338
4594,old_age_65_plus,615.0171085176
4594,working_age_15_64,7916.0738399996
4594,young_0_14,3249.4775853408
4595,old_age_65_plus,334.9493799529
4595,working_age_15_64,4368.6273692219
4595,young_0_14,1627.8059826084
4596,old_age_65_plus,72.7194667612
4596,working_age_15_64,822.7956389231
4596,young_0_14,301.4314382594
4597,old_age_65_plus,74.0665196070
4597,working_age_15_64,755.2433877389
4597,young_0_14,264.4856368201
4598,old_age_65_plus,63.4969681135
4598,working_age_15_64,614.3070930300
4598,young_0_14,208.9686262903
4599,old_age_65_plus,74.8731361251
4599,working_age_15_64,703.9382213164
4599,young_0_14,281.8554228580
4600,old_age_65_plus,125.8752612682
4600,working_age_15_64,1337.1168366553
4600,young_0_14,542.5349697841
4601,old_age_65_plus,71.3117743409
4601,working_age_15_64,733.8059842125
4601,young_0_14,292.0588834270
4602,old_age_65_plus,46.4391685835
4602,working_age_15_64,492.9299080271
4602,young_0_14,182.6141337187
4603,old_age_65_plus,52.1239097077
4603,working_age_15_64,530.2909603594
4603,young_0_14,172.4491802636
4604,old_age_65_plus,48.2010105256
4604,working_age_15_64,495.1529995910
4604,young_0_14,189.9372242015
4605,old_age_65_plus,53.6026912309
4605,working_age_15_64,628.3461598282
4605,young_0_14,229.0465838155
4606,old_age_65_plus,207.2333222634
4606,working_age_15_64,2284.7298203946
4606,young_0_14,1002.3082972004
4607,old_age_65_plus,763.5775264831
4607,working_age_15_64,8568.5980323045
4607,young_0_14,3779.4197451406
4608,old_age_65_plus,57.3671325036
4608,working_age_15_64,564.7211649672
4608,young_0_14,199.4292978796
4609,old_age_65_plus,124.3391161933
4609,working_age_15_64,1640.0233955369
4609,young_0_14,749.8537676458
4610,old_age_65_plus,74.2356738124
4610,working_age_15_64,859.7360467383
4610,young_0_14,303.2073067806
4611,old_age_65_plus,22.2228055219
4611,working_age_15_64,179.3459978639
4611,young_0_14,73.1624140087
4612,old_age_65_plus,47.9004901634
4612,working_age_15_64,408.7273024564
4612,young_0_14,180.2196481421
4613,old_age_65_plus,54.1966258103
4613,working_age_15_64,351.8322298587
4613,young_0_14,131.7842060650
4614,old_age_65_plus,60.3960902870
4614,working_age_15_64,743.1904919072
4614,young_0_14,247.5547419212
4615,old_age_65_plus,54.4557278153
4615,working_age_15_64,611.0398989371
4615,young_0_14,292.4216371457
4616,old_age_65_plus,356.9906624851
4616,working_age_15_64,3986.5690329019
4616,young_0_14,1740.0199250700
4617,old_age_65_plus,58.4016045216
4617,working_age_15_64,536.7282180603
4617,young_0_14,203.7388010559
4618,old_age_65_plus,120.0047440507
4618,working_age_15_64,1341.3186454426
4618,young_0_14,528.8996203999
4619,old_age_65_plus,38.1342777622
4619,working_age_15_64,411.5538145081
4619,young_0_14,97.2257255967
4620,old_age_65_plus,63.2015251271
4620,working_age_15_64,696.5922505239
4620,young_0_14,238.2702780786
4621,old_age_65_plus,148.4749838493
4621,working_age_15_64,1636.9110727020
4621,young_0_14,622.2936454826
4622,old_age_65_plus,70.3717023978
4622,working_age_15_64,605.2025599853
4622,young_0_14,197.7985531862
4623,old_age_65_plus,38.1457679833
4623,working_age_15_64,313.0646863805
4623,young_0_14,109.5835202859
4624,old_age_65_plus,50.8171879698
4624,working_age_15_64,476.1997339499
4624,young_0_14,181.7578731396
4625,old_age_65_plus,25.0822340574
4625,working_age_15_64,212.7232387081
4625,young_0_14,86.2963717719
4626,old_age_65_plus,96.4676761432
4626,working_age_15_64,886.4967387149
4626,young_0_14,334.6800916740
4627,old_age_65_plus,84.2124224170
4627,working_age_15_64,744.1239773112
4627,young_0_14,313.7962098591
4628,old_age_65_plus,25.1669403069
4628,working_age_15_64,225.7597775935
4628,young_0_14,88.5123104941
4629,old_age_65_plus,32.7758817193
4629,working_age_15_64,258.3519927493
4629,young_0_14,85.9761567038
4630,old_age_65_plus,145.6192553139
4630,working_age_15_64,1974.2721863059
4630,young_0_14,639.0492682940
4631,old_age_65_plus,169.7791967538
4631,working_age_15_64,1853.6466981581
4631,young_0_14,805.2237495736
4632,old_age_65_plus,41.5002262496
4632,working_age_15_64,339.6133913034
4632,young_0_14,112.0811743522
4633,old_age_65_plus,52.7330784442
4633,working_age_15_64,568.2076217043
4633,young_0_14,214.6232601181
4634,old_age_65_plus,25.2266345803
4634,working_age_15_64,295.4603849756
4634,young_0_14,85.6324725715
4635,old_age_65_plus,40.4342453712
4635,working_age_15_64,379.3439176404
4635,young_0_14,136.2155748915
4636,old_age_65_plus,27.7447470687
4636,working_age_15_64,241.0176398583
4636,young_0_14,82.0141894494
4637,old_age_65_plus,63.9005595293
4637,working_age_15_64,744.5438654559
4637,young_0_14,293.8588940064
4638,old_age_65_plus,23.0586839546
4638,working_age_15_64,210.8289218302
4638,young_0_14,69.5102239864
4639,old_age_65_plus,32.3438608960
4639,working_age_15_64,219.3913471685
4639,young_0_14,92.8653677982
4640,old_age_65_plus,28.7262732603
4640,working_age_15_64,291.3695535856
4640,young_0_14,99.5736634597
4641,old_age_65_plus,86.5961610377
4641,working_age_15_64,878.3436472748
4641,young_0_14,311.3107928226
4642,old_age_65_plus,45.7691172337
4642,working_age_15_64,387.7278732158
4642,young_0_14,146.4477373419
4643,old_age_65_plus,32.3390210156
4643,working_age_15_64,218.6099009666
4643,young_0_14,87.5347284440
4644,old_age_65_plus,31.1037474943
4644,working_age_15_64,324.1375693506
4644,young_0_14,124.1012475435
4645,old_age_65_plus,38.9770840145
4645,working_age_15_64,297.8737876852
4645,young_0_14,105.3796108331
4646,old_age_65_plus,42.6749844454
4646,working_age_15_64,454.9684228296
4646,young_0_14,192.3254784782
4647,old_age_65_plus,101.5742835564
4647,working_age_15_64,1007.0810382816
4647,young_0_14,345.9364345850
4648,old_age_65_plus,70.2658309743
4648,working_age_15_64,676.8096432149
4648,young_0_14,226.8714961228
4649,old_age_65_plus,55.1764729501
4649,working_age_15_64,561.5461431993
4649,young_0_14,190.0480204201
4650,old_age_65_plus,42.9341719653
4650,working_age_15_64,409.5956554165
4650,young_0_14,158.8407620867
4651,old_age_65_plus,16.9917399454
4651,working_age_15_64,132.9488406387
4651,young_0_14,45.1463461894
4652,old_age_65_plus,108.4612819461
4652,working_age_15_64,1196.4055050136
4652,young_0_14,469.5691143286
4653,old_age_65_plus,23.3253254101
4653,working_age_15_64,218.2103457622
4653,young_0_14,93.0275156450
4654,old_age_65_plus,58.1218404172
4654,working_age_15_64,452.5519849858
4654,young_0_14,197.3199651529
4655,old_age_65_plus,320.9552139848
4655,working_age_15_64,3545.5534597120
4655,young_0_14,1575.2793992282
4656,old_age_65_plus,86.2691087114
4656,working_age_15_64,870.5264804463
4656,young_0_14,343.4362398050
4657,old_age_65_plus,81.9859211439
4657,working_age_15_64,834.7045418413
4657,young_0_14,356.0811177902
4658,old_age_65_plus,69.1444906962
4658,working_age_15_64,698.1911330765
4658,young_0_14,255.7135451349
4659,old_age_65_plus,32.2212553291
4659,working_age_15_64,258.5754039038
4659,young_0_14,85.8064579262
4660,old_age_65_plus,88.2678834495
4660,working_age_15_64,797.1268401057
4660,young_0_14,251.2630896600
4661,old_age_65_plus,83.9802688371
4661,working_age_15_64,808.5725637314
4661,young_0_14,431.2991897658
4662,old_age_65_plus,90.9116797456
4662,working_age_15_64,943.6619141704
4662,young_0_14,363.4496631523
4663,old_age_65_plus,212.1795900074
4663,working_age_15_64,2147.0829392692
4663,young_0_14,799.8141862477
4664,old_age_65_plus,125.2437609418
4664,working_age_15_64,1813.2061462664
4664,young_0_14,542.1972927388
4665,old_age_65_plus,32.4579821132
4665,working_age_15_64,292.2517452556
4665,young_0_14,113.6955570569
4666,old_age_65_plus,24.0123162198
4666,working_age_15_64,225.7658631947
4666,young_0_14,86.7768795541
4667,old_age_65_plus,31.2512774385
4667,working_age_15_64,275.0473809311
4667,young_0_14,105.8110817291
4668,old_age_65_plus,736.9660421850
4668,working_age_15_64,7797.1130173160
4668,young_0_14,2865.4350303640
4669,old_age_65_plus,120.7274598244
4669,working_age_15_64,1252.0687550334
4669,young_0_14,451.1769218809
4670,old_age_65_plus,41.0309957099
4670,working_age_15_64,600.2725147820
4670,young_0_14,200.5008545983
4671,old_age_65_plus,45.7465073249
4671,working_age_15_64,397.4549902302
4671,young_0_14,149.5020748437
4672,old_age_65_plus,108.8075900689
4672,working_age_15_64,1123.1188547117
4672,young_0_14,524.9552216036
4673,old_age_65_plus,159.0374259428
4673,working_age_15_64,1677.5800844838
4673,young_0_14,620.0421762531
4674,old_age_65_plus,89.3189873122
4674,working_age_15_64,898.1128139760
4674,young_0_14,391.2374936108
4675,old_age_65_plus,23.9314730680
4675,working_age_15_64,213.0522901258
4675,young_0_14,71.3776190933
4676,old_age_65_plus,34.8569008784
4676,working_age_15_64,302.6902878369
4676,young_0_14,91.4726242225
4677,old_age_65_plus,29.8011096967
4677,working_age_15_64,276.6119255303
4677,young_0_14,120.0821724743
4678,old_age_65_plus,26.7651751204
4678,working_age_15_64,299.2893595647
4678,young_0_14,114.4309226956
4679,old_age_65_plus,37.4594405448
4679,working_age_15_64,335.2380750474
4679,young_0_14,117.5763274348
4680,old_age_65_plus,50.0740113434
4680,working_age_15_64,459.2447472658
4680,young_0_14,178.2635574957
4681,old_age_65_plus,134.2278689930
4681,working_age_15_64,1572.8658612105
4681,young_0_14,601.0795676796
4682,old_age_65_plus,40.7827933289
4682,working_age_15_64,372.9053662447
4682,young_0_14,147.1795780219
4683,old_age_65_plus,201.9820960327
4683,working_age_15_64,2176.6388752046
4683,young_0_14,763.9831228975
4684,old_age_65_plus,115.3153211831
4684,working_age_15_64,1186.0952247945
4684,young_0_14,438.8030852497
4685,old_age_65_plus,180.7106745198
4685,working_age_15_64,2134.4012280775
4685,young_0_14,811.1629608917
4686,old_age_65_plus,76.4235254273
4686,working_age_15_64,673.0079498613
4686,young_0_14,257.2901421466
4687,old_age_65_plus,174.8708708290
4687,working_age_15_64,2784.6163976256
4687,young_0_14,747.5276393768
4688,old_age_65_plus,573.7924463714
4688,working_age_15_64,6899.4838348987
4688,young_0_14,2679.3437874798
4689,old_age_65_plus,36.6251191748
4689,working_age_15_64,336.8102838536
4689,young_0_14,134.9107883994
4690,old_age_65_plus,25.1540059238
4690,working_age_15_64,236.7303569394
4690,young_0_14,83.7517446376
4691,old_age_65_plus,52.2012157774
4691,working_age_15_64,541.7647227806
4691,young_0_14,205.8811935275
4692,old_age_65_plus,451.5442533399
4692,working_age_15_64,5398.1590433241
4692,young_0_14,2108.8774244143
4693,old_age_65_plus,78.1455868783
4693,working_age_15_64,852.5558739549
4693,young_0_14,352.6890963997
4694,old_age_65_plus,36.8476206117
4694,working_age_15_64,312.9170725139
4694,young_0_14,115.6909824844
4695,old_age_65_plus,39.2467785574
4695,working_age_15_64,369.2545181568
4695,young_0_14,150.1549285244
4696,old_age_65_plus,59.7023456422
4696,working_age_15_64,772.3712600973
4696,young_0_14,199.6289737426
4697,old_age_65_plus,41.4040176526
4697,working_age_15_64,405.8882669991
4697,young_0_14,151.3965024318
4698,old_age_65_plus,35.4186846519
4698,working_age_15_64,313.4892892839
4698,young_0_14,121.1909883581
4699,old_age_65_plus,68.8302045082
4699,working_age_15_64,677.9624587726
4699,young_0_14,264.5382456833
4700,old_age_65_plus,30.2538305860
4700,working_age_15_64,250.0282661990
4700,young_0_14,102.8634985158
4701,old_age_65_plus,129.5931920254
4701,working_age_15_64,1481.6436661067
4701,young_0_14,563.4806198749
4702,old_age_65_plus,31.0698436241
4702,working_age_15_64,302.3435096904
4702,young_0_14,119.6430124849
4703,old_age_65_plus,16.9848174418
4703,working_age_15_64,102.7816437795
4703,young_0_14,39.9633582528
4704,old_age_65_plus,50.4138394390
4704,working_age_15_64,516.0872726914
4704,young_0_14,197.1970049162
4705,old_age_65_plus,161.9300028027
4705,working_age_15_64,1896.4722177721
4705,young_0_14,742.0238722607
4706,old_age_65_plus,79.3379219548
4706,working_age_15_64,884.8990070146
4706,young_0_14,345.0524784309
4707,old_age_65_plus,77.2951007207
4707,working_age_15_64,909.4135261737
4707,young_0_14,361.7344925017
4708,old_age_65_plus,38.9142710945
4708,working_age_15_64,386.2214702365
4708,young_0_14,149.9543902432
4709,old_age_65_plus,22.1744993098
4709,working_age_15_64,206.8698320074
4709,young_0_14,76.5015959247
4710,old_age_65_plus,36.1516924287
4710,working_age_15_64,371.7234397403
4710,young_0_14,141.4659647522
4711,old_age_65_plus,68.6916390315
4711,working_age_15_64,771.9472559102
4711,young_0_14,292.7681495959
4712,old_age_65_plus,671.4730919404
4712,working_age_15_64,8151.5243366791
4712,young_0_14,3169.1382254469
4713,old_age_65_plus,554.6061965047
4713,working_age_15_64,6705.5249046226
4713,young_0_14,2602.6789462536
4714,old_age_65_plus,118.4778107377
4714,working_age_15_64,1323.1331236901
4714,young_0_14,511.6582443463
4715,old_age_65_plus,43.5631746030
4715,working_age_15_64,373.9962293702
4715,young_0_14,134.3459596756
4716,old_age_65_plus,17.6605986649
4716,working_age_15_64,156.2496239296
4716,young_0_14,64.2874499718
4717,old_age_65_plus,22.6474567434
4717,working_age_15_64,190.4075798068
4717,young_0_14,74.4550386948
4718,old_age_65_plus,29.7171939845
4718,working_age_15_64,257.0043799759
4718,young_0_14,85.9330010883
4719,old_age_65_plus,76.2229834648
4719,working_age_15_64,846.1350250418
4719,young_0_14,245.4385399860
4720,old_age_65_plus,45.4951323635
4720,working_age_15_64,455.8948706907
4720,young_0_14,186.2553639789
4721,old_age_65_plus,37.7052444989
4721,working_age_15_64,323.2369272139
4721,young_0_14,133.3972319159
4722,old_age_65_plus,13.6207611412
4722,working_age_15_64,128.5228744049
4722,young_0_14,47.0762167123
4723,old_age_65_plus,54.4431915336
4723,working_age_15_64,586.6152471614
4723,young_0_14,229.4660451097
4724,old_age_65_plus,38.8528267976
4724,working_age_15_64,360.9021209724
4724,young_0_14,141.3708315447
4725,old_age_65_plus,36.8374226635
4725,working_age_15_64,318.4418154797
4725,young_0_14,120.5981477238
4726,old_age_65_plus,93.4437737731
4726,working_age_15_64,1029.5825782586
4726,young_0_14,425.2771597413
4727,old_age_65_plus,238.1902319763
4727,working_age_15_64,2643.7121785211
4727,young_0_14,916.4774123134
4728,old_age_65_plus,68.6970766172
4728,working_age_15_64,678.9719699540
4728,young_0_14,258.0759528741
4729,old_age_65_plus,160.6076480950
4729,working_age_15_64,1879.9336246835
4729,young_0_14,739.8102105217
4730,old_age_65_plus,25.2283021450
4730,working_age_15_64,157.1144134399
4730,young_0_14,64.0564026705
4731,old_age_65_plus,54.9334153896
4731,working_age_15_64,590.7712362488
4731,young_0_14,238.6578295777
4732,old_age_65_plus,24.3110240274
4732,working_age_15_64,253.6483303962
4732,young_0_14,95.6899373995
4733,old_age_65_plus,17.1343894940
4733,working_age_15_64,170.6530468669
4733,young_0_14,61.8780341329
4734,old_age_65_plus,109.1152796525
4734,working_age_15_64,1173.5523115980
4734,young_0_14,585.8556620216
4735,old_age_65_plus,18.4384433995
4735,working_age_15_64,127.8746053806
4735,young_0_14,52.0531605305
4736,old_age_65_plus,125.5667029399
4736,working_age_15_64,1334.3210265026
4736,young_0_14,591.6554092299
4737,old_age_65_plus,14.5414549194
4737,working_age_15_64,131.7180584611
4737,young_0_14,54.7700025800
4738,old_age_65_plus,14.1434140760
4738,working_age_15_64,133.6660936533
4738,young_0_14,44.3179027119
4739,old_age_65_plus,29.9471713186
4739,working_age_15_64,351.0355781124
4739,young_0_14,198.9846916642
4740,old_age_65_plus,40.4144678688
4740,working_age_15_64,361.7879728632
4740,young_0_14,137.6740435291
4741,old_age_65_plus,33.9135630803
4741,working_age_15_64,362.7666679794
4741,young_0_14,172.5495358538
4742,old_age_65_plus,25.6764831273
4742,working_age_15_64,227.1528900618
4742,young_0_14,82.4936832112
4743,old_age_65_plus,31.1423021066
4743,working_age_15_64,301.9528003308
4743,young_0_14,124.6958347625
4744,old_age_65_plus,42.8928571389
4744,working_age_15_64,559.3764440055
4744,young_0_14,274.5797998085
4745,old_age_65_plus,30.7949103144
4745,working_age_15_64,278.7832946410
4745,young_0_14,110.4992790940
4746,old_age_65_plus,10.3711770311
4746,working_age_15_64,94.1602184215
4746,young_0_14,40.7920813360
4747,old_age_65_plus,34.0071913012
4747,working_age_15_64,361.3935445468
4747,young_0_14,155.0654968815
4748,old_age_65_plus,16.7386659353
4748,working_age_15_64,158.2327643967
4748,young_0_14,64.7269505860
4749,old_age_65_plus,36.1854325881
4749,working_age_15_64,294.4189361737
4749,young_0_14,128.0019682597
4750,old_age_65_plus,17.3628853188
4750,working_age_15_64,127.0670434855
4750,young_0_14,54.0532348958
4751,old_age_65_plus,38.6782471456
4751,working_age_15_64,426.0954808944
4751,young_0_14,212.6177710880
4752,old_age_65_plus,13.7951471682
4752,working_age_15_64,146.6102768314
4752,young_0_14,53.5918820134
4753,old_age_65_plus,15.5000598274
4753,working_age_15_64,109.3378752856
4753,young_0_14,41.3515449005
4754,old_age_65_plus,22.4594496970
4754,working_age_15_64,221.0432087849
4754,young_0_14,75.9866291823
4755,old_age_65_plus,18.8110521136
4755,working_age_15_64,177.3256517273
4755,young_0_14,75.4314559876
4756,old_age_65_plus,61.3836422449
4756,working_age_15_64,607.7224301538
4756,young_0_14,232.5370097191
4757,old_age_65_plus,256.8400105162
4757,working_age_15_64,3081.3372198953
4757,young_0_14,1190.6554018963
4758,old_age_65_plus,19.8806781217
4758,working_age_15_64,201.5948052059
4758,young_0_14,81.8478514527
4759,old_age_65_plus,75.8905539778
4759,working_age_15_64,792.7581098587
4759,young_0_14,411.1185611132
4760,old_age_65_plus,104.2388964701
4760,working_age_15_64,1152.3503240249
4760,young_0_14,495.9984288108
4761,old_age_65_plus,19.7371481711
4761,working_age_15_64,207.4951603299
4761,young_0_14,75.3492751065
4762,old_age_65_plus,46.9973040718
4762,working_age_15_64,417.9355379320
4762,young_0_14,154.4081154224
4763,old_age_65_plus,29.6725754936
4763,working_age_15_64,234.9891875157
4763,young_0_14,78.4271082719
4764,old_age_65_plus,92.0372315827
4764,working_age_15_64,1092.0160093612
4764,young_0_14,820.9602770243
4765,old_age_65_plus,23.4580963353
4765,working_age_15_64,242.2460193921
4765,young_0_14,90.6141832212
4766,old_age_65_plus,18.3552316952
4766,working_age_15_64,145.7072188272
4766,young_0_14,58.3663341892
4767,old_age_65_plus,70.7510333096
4767,working_age_15_64,714.9704932599
4767,young_0_14,321.7284499582
4768,old_age_65_plus,41.0231421655
4768,working_age_15_64,446.2884383365
4768,young_0_14,191.8455294367
4769,old_age_65_plus,27.3946782835
4769,working_age_15_64,345.6892894813
4769,young_0_14,142.7732238362
4770,old_age_65_plus,11.6751993230
4770,working_age_15_64,244.9287066071
4770,young_0_14,69.0196999417
4771,old_age_65_plus,48.2153176358
4771,working_age_15_64,591.0214994334
4771,young_0_14,295.0556694666
4772,old_age_65_plus,29.7743694872
4772,working_age_15_64,297.9725640748
4772,young_0_14,126.9396335164
4773,old_age_65_plus,122.4822707885
4773,working_age_15_64,1386.9995033334
4773,young_0_14,528.9692141262
4774,old_age_65_plus,11.2342365917
4774,working_age_15_64,93.6138376091
4774,young_0_14,32.5115678925
4775,old_age_65_plus,15.2436840372
4775,working_age_15_64,133.0042984182
4775,young_0_14,52.0222688137
4776,old_age_65_plus,27.3869783848
4776,working_age_15_64,336.3003731069
4776,young_0_14,140.3630791120
4777,old_age_65_plus,24.3718238854
4777,working_age_15_64,202.4146371133
4777,young_0_14,83.7980300260
4778,old_age_65_plus,14.0312871745
4778,working_age_15_64,135.0307111606
4778,young_0_14,50.2409577031
4779,old_age_65_plus,17.0523022298
4779,working_age_15_64,157.1236628787
4779,young_0_14,58.2198083977
4780,old_age_65_plus,35.0277617449
4780,working_age_15_64,353.6648836632
4780,young_0_14,178.7833485760
4781,old_age_65_plus,7.1300155301
4781,working_age_15_64,49.2707835607
4781,young_0_14,17.8047731665
4782,old_age_65_plus,20.0395296041
4782,working_age_15_64,186.9888378504
4782,young_0_14,73.7913305945
4783,old_age_65_plus,23.4459356835
4783,working_age_15_64,212.0732423127
4783,young_0_14,67.7042254452
4784,old_age_65_plus,24.6967498779
4784,working_age_15_64,232.2145197013
4784,young_0_14,82.7682613777
4785,old_age_65_plus,64.7139775589
4785,working_age_15_64,598.6683649304
4785,young_0_14,291.8384501856
4786,old_age_65_plus,22.2652214269
4786,working_age_15_64,237.2545506302
4786,young_0_14,96.2821168165
4787,old_age_65_plus,16.6372154246
4787,working_age_15_64,156.9836851816
4787,young_0_14,61.1827517019
4788,old_age_65_plus,7.4521891541
4788,working_age_15_64,91.8256467104
4788,young_0_14,34.8611389491
4789,old_age_65_plus,27.1424982009
4789,working_age_15_64,271.9330163804
4789,young_0_14,113.7527191974
4790,old_age_65_plus,115.1630241346
4790,working_age_15_64,1204.1096786970
4790,young_0_14,456.5332047626
4791,old_age_65_plus,17.5370385488
4791,working_age_15_64,123.4983598918
4791,young_0_14,40.2591468059
4792,old_age_65_plus,14.7909762745
4792,working_age_15_64,203.1033098516
4792,young_0_14,116.6262824113
4793,old_age_65_plus,11.7177346350
4793,working_age_15_64,102.9484488435
4793,young_0_14,40.7864527355
4794,old_age_65_plus,39.6643291993
4794,working_age_15_64,428.7806328577
4794,young_0_14,172.8491124294
4795,old_age_65_plus,26.1671933340
4795,working_age_15_64,255.8133921222
4795,young_0_14,106.5957367692
4796,old_age_65_plus,17.3740351045
4796,working_age_15_64,133.5498619729
4796,young_0_14,30.8501010961
4797,old_age_65_plus,33.0339077940
4797,working_age_15_64,419.9637151811
4797,young_0_14,145.6558302158
4798,old_age_65_plus,18.3490036365
4798,working_age_15_64,165.2071866961
4798,young_0_14,71.3618295282
4799,old_age_65_plus,11.2202474878
4799,working_age_15_64,113.1766073383
4799,young_0_14,48.8954428419
4800,old_age_65_plus,46.6576018766
4800,working_age_15_64,570.0147359229
4800,young_0_14,219.1675460067
4801,old_age_65_plus,35.5296395102
4801,working_age_15_64,312.1101640625
4801,young_0_14,117.3045918270
4802,old_age_65_plus,35.1691702714
4802,working_age_15_64,321.4661948181
4802,young_0_14,121.2745514820
4803,old_age_65_plus,16.4653500879
4803,working_age_15_64,148.2866948768
4803,young_0_14,53.4410250819
4804,old_age_65_plus,36.3171614723
4804,working_age_15_64,391.5783789350
4804,young_0_14,151.3430152509
4805,old_age_65_plus,29.6493792967
4805,working_age_15_64,375.9977381527
4805,young_0_14,207.6463795505
4806,old_age_65_plus,7.8100734544
4806,working_age_15_64,75.4594072701
4806,young_0_14,27.4855437424
4807,old_age_65_plus,29.9084687187
4807,working_age_15_64,332.1728748400
4807,young_0_14,136.3505718063
4808,old_age_65_plus,15.1693597023
4808,working_age_15_64,154.0674498185
4808,young_0_14,56.6021398963
4809,old_age_65_plus,14.8253860050
4809,working_age_15_64,127.8605082740
4809,young_0_14,43.7800255920
4810,old_age_65_plus,24.1629366820
4810,working_age_15_64,266.8704431640
4810,young_0_14,92.8371204462
4811,old_age_65_plus,31.8600564283
4811,working_age_15_64,340.3519829055
4811,young_0_14,130.9368576972
4812,old_age_65_plus,66.4311350637
4812,working_age_15_64,760.2561156645
4812,young_0_14,293.6598150681
4813,old_age_65_plus,11.9407323544
4813,working_age_15_64,116.1252435259
4813,young_0_14,45.4757976672
4814,old_age_65_plus,17.0142582708
4814,working_age_15_64,195.0352992388
4814,young_0_14,77.8719970052
4815,old_age_65_plus,164.9231900516
4815,working_age_15_64,1616.1091919847
4815,young_0_14,616.5837342616
4816,old_age_65_plus,23.0843480127
4816,working_age_15_64,241.2295219195
4816,young_0_14,85.8554637897
4817,old_age_65_plus,20.5575159552
4817,working_age_15_64,229.8062167050
4817,young_0_14,91.8132488966
4818,old_age_65_plus,69.9962262879
4818,working_age_15_64,632.7649062305
4818,young_0_14,235.2067624093
4819,old_age_65_plus,33.1123660923
4819,working_age_15_64,391.8958008956
4819,young_0_14,127.8765771399
4820,old_age_65_plus,15.8943786664
4820,working_age_15_64,161.5519713391
4820,young_0_14,65.6914197101
4821,old_age_65_plus,28.5722422389
4821,working_age_15_64,301.9991021837
4821,young_0_14,127.0890375543
4822,old_age_65_plus,9.4455561959
4822,working_age_15_64,109.7149745004
4822,young_0_14,44.9847045554
4823,old_age_65_plus,35.6247268202
4823,working_age_15_64,352.0630274355
4823,young_0_14,131.6272047186
4824,old_age_65_plus,5.6935348463
4824,working_age_15_64,55.6875653777
4824,young_0_14,19.2832141810
4825,old_age_65_plus,28.7478388619
4825,working_age_15_64,280.7329238182
4825,young_0_14,103.2935121187
4826,old_age_65_plus,55.2281868433
4826,working_age_15_64,616.6147547403
4826,young_0_14,262.4985241683
4827,old_age_65_plus,17.5651348359
4827,working_age_15_64,164.2591516812
4827,young_0_14,56.7668757514
4828,old_age_65_plus,36.6614243435
4828,working_age_15_64,374.5573795366
4828,young_0_14,135.5540861277
4829,old_age_65_plus,34.7431535455
4829,working_age_15_64,394.3878952914
4829,young_0_14,152.7367158955
4830,old_age_65_plus,88.7944743273
4830,working_age_15_64,1108.6423232016
4830,young_0_14,531.9762793122
4831,old_age_65_plus,15.0245559136
4831,working_age_15_64,169.2341487232
4831,young_0_14,70.3224114189
4832,old_age_65_plus,2.7471868384
4832,working_age_15_64,33.3688554182
4832,young_0_14,10.1772858510
4833,old_age_65_plus,29.8267144841
4833,working_age_15_64,275.3054510013
4833,young_0_14,107.5405857813
4834,old_age_65_plus,23.8104826633
4834,working_age_15_64,188.9618602608
4834,young_0_14,66.7159005346
4835,old_age_65_plus,19.1916023237
4835,working_age_15_64,198.8885244466
4835,young_0_14,77.9958403065
4836,old_age_65_plus,35.6064399097
4836,working_age_15_64,397.3647259904
4836,young_0_14,211.5850151008
4837,old_age_65_plus,28.1358077721
4837,working_age_15_64,157.8226936619
4837,young_0_14,47.4597663486
4838,old_age_65_plus,43.6429850054
4838,working_age_15_64,879.1588719144
4838,young_0_14,253.5847507948
4839,old_age_65_plus,12.6669475993
4839,working_age_15_64,108.4788419521
4839,young_0_14,42.0663469746
4840,old_age_65_plus,17.5820526907
4840,working_age_15_64,144.1548703530
4840,young_0_14,57.9454396807
4841,old_age_65_plus,76.0953343432
4841,working_age_15_64,591.8023883838
4841,young_0_14,185.4804859365
4842,old_age_65_plus,9.5651704619
4842,working_age_15_64,99.2489065808
4842,young_0_14,33.3779516413
4843,old_age_65_plus,11.3407059455
4843,working_age_15_64,111.8129277800
4843,young_0_14,43.0031441823
4844,old_age_65_plus,90.8886384686
4844,working_age_15_64,879.7300471532
4844,young_0_14,328.8471628010
4845,old_age_65_plus,11.9363905396
4845,working_age_15_64,180.8986726407
4845,young_0_14,109.0515938057
4846,old_age_65_plus,15.0210795464
4846,working_age_15_64,149.7672881107
4846,young_0_14,58.8484504609
4847,old_age_65_plus,141.2090597764
4847,working_age_15_64,1663.2321898701
4847,young_0_14,668.8172686684
4848,old_age_65_plus,37.1891283012
4848,working_age_15_64,410.0686970381
4848,young_0_14,170.3140448507
4849,old_age_65_plus,10.9701789038
4849,working_age_15_64,129.1063188672
4849,young_0_14,59.3092359459
4850,old_age_65_plus,8.0358893144
4850,working_age_15_64,74.3035146812
4850,young_0_14,30.7263525018
4851,old_age_65_plus,24.3241392934
4851,working_age_15_64,254.4154828180
4851,young_0_14,121.9021438309
4852,old_age_65_plus,21.4103706657
4852,working_age_15_64,259.6772028272
4852,young_0_14,95.5359507317
4853,old_age_65_plus,57.3558076847
4853,working_age_15_64,595.5489438713
4853,young_0_14,230.8096153986
4854,old_age_65_plus,28.4658180052
4854,working_age_15_64,298.9800021603
4854,young_0_14,102.7934138153
4855,old_age_65_plus,20.3727012706
4855,working_age_15_64,200.2630855682
4855,young_0_14,81.4725147634
4856,old_age_65_plus,5.7681100412
4856,working_age_15_64,47.7245304262
4856,young_0_14,18.7891092645
4857,old_age_65_plus,4.3810806440
4857,working_age_15_64,33.3052438359
4857,young_0_14,14.9962318361
4858,old_age_65_plus,10.0751960250
4858,working_age_15_64,102.8293184433
4858,young_0_14,48.7357279109
4859,old_age_65_plus,8.8356073409
4859,working_age_15_64,84.4019165251
4859,young_0_14,33.9452980380
4860,old_age_65_plus,13.6684283941
4860,working_age_15_64,98.8803946572
4860,young_0_14,35.6085174828
4861,old_age_65_plus,103.8096825125
4861,working_age_15_64,1022.6082622655
4861,young_0_14,387.4544728575
4862,old_age_65_plus,93.1662422504
4862,working_age_15_64,994.1306493933
4862,young_0_14,364.6335570314
4863,old_age_65_plus,70.2235634969
4863,working_age_15_64,838.1840358580
4863,young_0_14,322.9207409042
4864,old_age_65_plus,19.7356877538
4864,working_age_15_64,208.0504162116
4864,young_0_14,84.9130886286
4865,old_age_65_plus,13.0988689720
4865,working_age_15_64,111.1978137064
4865,young_0_14,44.5692939527
4866,old_age_65_plus,28.2619584788
4866,working_age_15_64,199.1587620935
4866,young_0_14,74.6630047913
4867,old_age_65_plus,5.9722606139
4867,working_age_15_64,52.0015323568
4867,young_0_14,22.2151222360
4868,old_age_65_plus,11.4684049881
4868,working_age_15_64,112.7069928113
4868,young_0_14,31.9806075364
4869,old_age_65_plus,51.4761485373
4869,working_age_15_64,669.2435291989
4869,young_0_14,344.9984263172
4870,old_age_65_plus,24.7855293802
4870,working_age_15_64,252.4452032962
4870,young_0_14,137.3920835180
4871,old_age_65_plus,11.2089789114
4871,working_age_15_64,107.5797328366
4871,young_0_14,42.6161287966
4872,old_age_65_plus,5.5529591715
4872,working_age_15_64,52.6909618319
4872,young_0_14,15.9932783309
4873,old_age_65_plus,16.5637753391
4873,working_age_15_64,168.0134596070
4873,young_0_14,69.1090939375
4874,old_age_65_plus,11.0144081763
4874,working_age_15_64,107.3650984359
4874,young_0_14,39.3236628931
4875,old_age_65_plus,14.5233242809
4875,working_age_15_64,142.3242626018
4875,young_0_14,53.3610498766
4876,old_age_65_plus,22.0470895206
4876,working_age_15_64,244.9443715140
4876,young_0_14,111.7520528569
4877,old_age_65_plus,44.2477000430
4877,working_age_15_64,445.4949702449
4877,young_0_14,224.1939333570
4878,old_age_65_plus,24.0872193421
4878,working_age_15_64,268.3578337056
4878,young_0_14,120.7105255320
4879,old_age_65_plus,25.6890418863
4879,working_age_15_64,314.1753797648
4879,young_0_14,166.9252967677
4880,old_age_65_plus,10.3707135859
4880,working_age_15_64,104.4709167235
4880,young_0_14,48.2555978806
4881,old_age_65_plus,18.1055393989
4881,working_age_15_64,196.4250484428
4881,young_0_14,77.3771974730
4882,old_age_65_plus,21.8722951955
4882,working_age_15_64,256.6110593744
4882,young_0_14,114.1870427222
4883,old_age_65_plus,6.0803169308
4883,working_age_15_64,95.6463237947
4883,young_0_14,60.9029733403
4884,old_age_65_plus,12.7583253449
4884,working_age_15_64,130.5003847354
4884,young_0_14,51.3061617293
4885,old_age_65_plus,14.9261791783
4885,working_age_15_64,161.9315636767
4885,young_0_14,62.8734844411
4886,old_age_65_plus,15.2639575471
4886,working_age_15_64,168.1766954447
4886,young_0_14,82.5945695953
4887,old_age_65_plus,17.3094052541
4887,working_age_15_64,179.0830943595
4887,young_0_14,70.3299478236
4888,old_age_65_plus,60.4002277716
4888,working_age_15_64,683.5586895872
4888,young_0_14,271.6582216489
4889,old_age_65_plus,5.3429163220
4889,working_age_15_64,51.1136434528
4889,young_0_14,25.2728181790
4890,old_age_65_plus,36.1031794156
4890,working_age_15_64,380.7407736440
4890,young_0_14,199.7449939664
4891,old_age_65_plus,24.4474706142
4891,working_age_15_64,267.2623521458
4891,young_0_14,103.6880043325
4892,old_age_65_plus,26.8620021806
4892,working_age_15_64,276.2411073472
4892,young_0_14,110.3363094198
4893,old_age_65_plus,22.9144853440
4893,working_age_15_64,195.7636607285
4893,young_0_14,74.7971897383
4894,old_age_65_plus,2.8651810585
4894,working_age_15_64,34.7478079967
4894,young_0_14,12.9570960286
4895,old_age_65_plus,6.9382658272
4895,working_age_15_64,55.9750182535
4895,young_0_14,24.8368887631
4896,old_age_65_plus,7.8030575608
4896,working_age_15_64,73.3554990673
4896,young_0_14,22.5112619160
4897,old_age_65_plus,4.9003697899
4897,working_age_15_64,45.8498185959
4897,young_0_14,18.8440153962
4898,old_age_65_plus,63.5207196500
4898,working_age_15_64,718.7215398983
4898,young_0_14,291.0453825384
4899,old_age_65_plus,6.5276515833
4899,working_age_15_64,68.0451152437
4899,young_0_14,34.0724222362
4900,old_age_65_plus,6.0867143626
4900,working_age_15_64,54.7409925225
4900,young_0_14,24.1444495990
4901,old_age_65_plus,1.6819318388
4901,working_age_15_64,14.7414140495
4901,young_0_14,6.2374737802
4902,old_age_65_plus,4.5292954411
4902,working_age_15_64,40.2751341648
4902,young_0_14,20.1821688634
4903,old_age_65_plus,14.3563457160
4903,working_age_15_64,162.6088132787
4903,young_0_14,66.5957606650
4904,old_age_65_plus,21.2467487685
4904,working_age_15_64,202.5683425628
4904,young_0_14,93.2248528298
4905,old_age_65_plus,6.5451089671
4905,working_age_15_64,69.5737820018
4905,young_0_14,23.1203890840
4906,old_age_65_plus,7.1879040873
4906,working_age_15_64,112.0408914284
4906,young_0_14,74.4818684491
4907,old_age_65_plus,13.9740111714
4907,working_age_15_64,167.6252247956
4907,young_0_14,81.2080705390
4908,old_age_65_plus,11.0043810290
4908,working_age_15_64,130.7100118369
4908,young_0_14,42.0256460308
4909,old_age_65_plus,7.6882097870
4909,working_age_15_64,86.7949135199
4909,young_0_14,34.4677927410
4910,old_age_65_plus,6.4683368854
4910,working_age_15_64,60.1783999216
4910,young_0_14,27.8873449487
4911,old_age_65_plus,14.2227964387
4911,working_age_15_64,155.4872709235
4911,young_0_14,65.8816317371
4912,old_age_65_plus,16.3706404356
4912,working_age_15_64,206.6014236408
4912,young_0_14,72.8663752662
4913,old_age_65_plus,27.8189582465
4913,working_age_15_64,317.1966840400
4913,young_0_14,141.3584315448
4914,old_age_65_plus,100.9535730494
4914,working_age_15_64,1035.1300759680
4914,young_0_14,461.0414709760
4915,old_age_65_plus,27.2331218177
4915,working_age_15_64,323.3706959499
4915,young_0_14,142.0647623630
4916,old_age_65_plus,121.5569155472
4916,working_age_15_64,1343.9779728935
4916,young_0_14,542.4741643816
4917,old_age_65_plus,6.7112737043
4917,working_age_15_64,79.0403970193
4917,young_0_14,32.6827129544
4918,old_age_65_plus,2.6040610176
4918,working_age_15_64,22.6047555280
4918,young_0_14,7.9824256309
4919,old_age_65_plus,60.6892132293
4919,working_age_15_64,650.6789554843
4919,young_0_14,319.0770308436
4920,old_age_65_plus,7.5136052685
4920,working_age_15_64,75.3848534540
4920,young_0_14,33.2211554397
4921,old_age_65_plus,12.4101770767
4921,working_age_15_64,141.6277061847
4921,young_0_14,56.8473412501
4922,old_age_65_plus,132.5948229895
4922,working_age_15_64,1572.6504516202
4922,young_0_14,650.4732505171
4923,old_age_65_plus,11.8581912965
4923,working_age_15_64,114.6068832211
4923,young_0_14,44.2718687372
4924,old_age_65_plus,11.5467167511
4924,working_age_15_64,125.2640812747
4924,young_0_14,50.0102721630
4925,old_age_65_plus,5.5087986635
4925,working_age_15_64,49.0081182037
4925,young_0_14,20.8874575609
4926,old_age_65_plus,29.5647469193
4926,working_age_15_64,339.5551074137
4926,young_0_14,141.1147599961
4927,old_age_65_plus,11.2996345880
4927,working_age_15_64,100.6179202745
4927,young_0_14,40.2502023685
4928,old_age_65_plus,2.5372710838
4928,working_age_15_64,30.7048582150
4928,young_0_14,9.4806135092
4929,old_age_65_plus,6.9717669938
4929,working_age_15_64,65.1804788067
4929,young_0_14,26.9433184644
4930,old_age_65_plus,15.7687339678
4930,working_age_15_64,148.8574445470
4930,young_0_14,50.3358476271
4931,old_age_65_plus,9.5394708486
4931,working_age_15_64,87.5604896895
4931,young_0_14,35.2515874831
4932,old_age_65_plus,6.8357640076
4932,working_age_15_64,64.6763079355
4932,young_0_14,21.8342018800
4933,old_age_65_plus,20.2371143923
4933,working_age_15_64,196.3560982696
4933,young_0_14,75.5155775789
4934,old_age_65_plus,5.8261777069
4934,working_age_15_64,100.1836535517
4934,young_0_14,69.5594894517
4935,old_age_65_plus,21.5600674650
4935,working_age_15_64,241.2515781292
4935,young_0_14,132.1822666993
4936,old_age_65_plus,7.5734125795
4936,working_age_15_64,100.8020095742
4936,young_0_14,46.5911560862
4937,old_age_65_plus,11.4460440948
4937,working_age_15_64,102.4378161222
4937,young_0_14,40.7656588998
4938,old_age_65_plus,20.0654912615
4938,working_age_15_64,226.4320851171
4938,young_0_14,91.4675045759
4939,old_age_65_plus,9.6009005039
4939,working_age_15_64,96.5569007313
4939,young_0_14,33.7612706482
4940,old_age_65_plus,8.4322482551
4940,working_age_15_64,83.3608491286
4940,young_0_14,38.1873690219
4941,old_age_65_plus,7.1030069499
4941,working_age_15_64,83.3534842598
4941,young_0_14,28.4822456971
4942,old_age_65_plus,4.0933034514
4942,working_age_15_64,29.4340982060
4942,young_0_14,12.1547122449
4943,old_age_65_plus,18.8377723440
4943,working_age_15_64,242.8287984758
4943,young_0_14,98.7899938990
4944,old_age_65_plus,4.8196627468
4944,working_age_15_64,41.7456961684
4944,young_0_14,18.4679700622
4945,old_age_65_plus,9.3790180878
4945,working_age_15_64,84.7547760131
4945,young_0_14,35.4674623712
4946,old_age_65_plus,5.6855879606
4946,working_age_15_64,61.4560032826
4946,young_0_14,27.3724443010
4947,old_age_65_plus,19.6087200310
4947,working_age_15_64,221.2488961214
4947,young_0_14,95.1793544180
4948,old_age_65_plus,9.3321871043
4948,working_age_15_64,75.8371267708
4948,young_0_14,29.3325375030
4949,old_age_65_plus,20.7053909351
4949,working_age_15_64,242.7933041784
4949,young_0_14,137.2265573203
4950,old_age_65_plus,18.5569314867
4950,working_age_15_64,161.7841199626
4950,young_0_14,62.1121145276
4951,old_age_65_plus,15.8137043999
4951,working_age_15_64,171.8206642715
4951,young_0_14,68.2054364234
4952,old_age_65_plus,14.5353853776
4952,working_age_15_64,159.1688084240
4952,young_0_14,83.5822611615
4953,old_age_65_plus,27.4036592308
4953,working_age_15_64,423.0484199978
4953,young_0_14,275.4444388767
4954,old_age_65_plus,9.4745374970
4954,working_age_15_64,110.7026351470
4954,young_0_14,44.8052480729
4955,old_age_65_plus,8.2453660973
4955,working_age_15_64,118.0505260699
4955,young_0_14,34.6392867216
4956,old_age_65_plus,8.3976765809
4956,working_age_15_64,89.4221106789
4956,young_0_14,35.6068567704
4957,old_age_65_plus,4.8651503985
4957,working_age_15_64,57.7896057755
4957,young_0_14,20.9671418686
4958,old_age_65_plus,3.7816593114
4958,working_age_15_64,37.9253806294
4958,young_0_14,15.2258762327
4959,old_age_65_plus,24.2039881178
4959,working_age_15_64,254.2352427911
4959,young_0_14,89.8861975465
4960,old_age_65_plus,23.1045978991
4960,working_age_15_64,224.6690829466
4960,young_0_14,110.5062365594
4961,old_age_65_plus,2.8614106360
4961,working_age_15_64,32.3983168734
4961,young_0_14,13.6009934790
4962,old_age_65_plus,20.8762704671
4962,working_age_15_64,219.0990896424
4962,young_0_14,96.5901185702
4963,old_age_65_plus,1.5041493914
4963,working_age_15_64,14.6618105667
4963,young_0_14,6.4478204191
4964,old_age_65_plus,4.1920773751
4964,working_age_15_64,43.2594388228
4964,young_0_14,17.1424044560
4965,old_age_65_plus,2.8918628006
4965,working_age_15_64,29.0089732891
4965,young_0_14,12.1439383021
4966,old_age_65_plus,55.9139737757
4966,working_age_15_64,552.7251574507
4966,young_0_14,209.2760493500
4967,old_age_65_plus,2.2041857435
4967,working_age_15_64,19.4359713741
4967,young_0_14,7.0682802084
4968,old_age_65_plus,4.4024328751
4968,working_age_15_64,56.7187381247
4968,young_0_14,20.1763660886
4969,old_age_65_plus,6.8659308893
4969,working_age_15_64,70.6768375244
4969,young_0_14,31.4300828015
4970,old_age_65_plus,4.5348977415
4970,working_age_15_64,48.6968487869
4970,young_0_14,24.6624044034
4971,old_age_65_plus,4.1902732487
4971,working_age_15_64,40.5937868536
4971,young_0_14,16.1458778279
4972,old_age_65_plus,25.0200038530
4972,working_age_15_64,783.3312920666
4972,young_0_14,149.8503300867
4973,old_age_65_plus,4.1390101414
4973,working_age_15_64,35.0795036140
4973,young_0_14,14.1470499690
4974,old_age_65_plus,2.6720062822
4974,working_age_15_64,27.4809403410
4974,young_0_14,12.5318242813
4975,old_age_65_plus,14.2903607816
4975,working_age_15_64,177.4949380653
4975,young_0_14,88.4459523356
4976,old_age_65_plus,8.5425104803
4976,working_age_15_64,124.2506993435
4976,young_0_14,71.1021570462
4977,old_age_65_plus,3.9336665633
4977,working_age_15_64,38.1161450741
4977,young_0_14,16.4846651254
4978,old_age_65_plus,4.0500100753
4978,working_age_15_64,35.2074094168
4978,young_0_14,14.5817610392
4979,old_age_65_plus,11.5229686121
4979,working_age_15_64,92.0448171028
4979,young_0_14,37.0564223268
4980,old_age_65_plus,8.8552313089
4980,working_age_15_64,88.0330306184
4980,young_0_14,35.6534021105
4981,old_age_65_plus,16.0798168768
4981,working_age_15_64,136.0934626592
4981,young_0_14,64.2986275452
4982,old_age_65_plus,11.4781133821
4982,working_age_15_64,76.7295963093
4982,young_0_14,26.3861568825
4983,old_age_65_plus,2.5426302115
4983,working_age_15_64,23.5259985475
4983,young_0_14,10.6700392536
4984,old_age_65_plus,2.6159429909
4984,working_age_15_64,20.3655449726
4984,young_0_14,8.2148853526
4985,old_age_65_plus,11.3472840864
4985,working_age_15_64,132.5422580328
4985,young_0_14,49.2407590512
4986,old_age_65_plus,2.6710804020
4986,working_age_15_64,30.7232779208
4986,young_0_14,15.4065254039
4987,old_age_65_plus,4.0645160954
4987,working_age_15_64,69.1246312170
4987,young_0_14,19.2969963499
4988,old_age_65_plus,22.7306490477
4988,working_age_15_64,250.7328379025
4988,young_0_14,97.9518770120
4989,old_age_65_plus,10.5460544793
4989,working_age_15_64,69.8989691162
4989,young_0_14,24.9695935461
4990,old_age_65_plus,11.8322120156
4990,working_age_15_64,129.9773598989
4990,young_0_14,63.6975012881
4991,old_age_65_plus,4.2376515241
4991,working_age_15_64,45.7708149000
4991,young_0_14,20.6334938219
4992,old_age_65_plus,13.4521499326
4992,working_age_15_64,127.4428795026
4992,young_0_14,48.9781154780
4993,old_age_65_plus,19.0815789944
4993,working_age_15_64,363.0340139502
4993,young_0_14,266.0577033341
4994,old_age_65_plus,18.4700891692
4994,working_age_15_64,211.2730831541
4994,young_0_14,103.1931737966
4995,old_age_65_plus,3.3506484559
4995,working_age_15_64,30.8397495666
4995,young_0_14,11.5053589653
4996,old_age_65_plus,18.1437937966
4996,working_age_15_64,405.6958989851
4996,young_0_14,108.1643397783
4997,old_age_65_plus,3.3515499987
4997,working_age_15_64,40.5766388296
4997,young_0_14,14.6593008905
4998,old_age_65_plus,1.6751927451
4998,working_age_15_64,9.9978911629
4998,young_0_14,3.7016970850
4999,old_age_65_plus,13.1450565717
4999,working_age_15_64,61.1260424192
4999,young_0_14,26.3970490536
5000,old_age_65_plus,1.6167099944
5000,working_age_15_64,14.7568342507
5000,young_0_14,6.5950014709
5001,old_age_65_plus,6.1938392501
5001,working_age_15_64,64.7936397326
5001,young_0_14,31.3740034765
5002,old_age_65_plus,28.9811443969
5002,working_age_15_64,304.9648461161
5002,young_0_14,128.8907872236
5003,old_age_65_plus,2.0097678803
5003,working_age_15_64,19.8748456624
5003,young_0_14,7.9710136978
5004,old_age_65_plus,7.4514520653
5004,working_age_15_64,83.6329930931
5004,young_0_14,35.4283500819
5005,old_age_65_plus,11.3491084450
5005,working_age_15_64,129.9837776188
5005,young_0_14,71.1963661492
5006,old_age_65_plus,14.2288578830
5006,working_age_15_64,155.5668318907
5006,young_0_14,67.4914420341
5007,old_age_65_plus,13.3668490455
5007,working_age_15_64,150.8205792925
5007,young_0_14,75.3944648477
5008,old_age_65_plus,20.4924406384
5008,working_age_15_64,229.8873360551
5008,young_0_14,116.6194333225
5009,old_age_65_plus,4.2914616491
5009,working_age_15_64,51.4750837780
5009,young_0_14,21.2730745851
5010,old_age_65_plus,3.6785012380
5010,working_age_15_64,38.7832617946
5010,young_0_14,13.2591415682
5011,old_age_65_plus,5.0914750777
5011,working_age_15_64,49.1328093413
5011,young_0_14,20.8950670341
5012,old_age_65_plus,29.3277568482
5012,working_age_15_64,306.4678724318
5012,young_0_14,137.3039002477
5013,old_age_65_plus,11.5552115348
5013,working_age_15_64,130.5441310405
5013,young_0_14,55.0537418341
5014,old_age_65_plus,7.6665179224
5014,working_age_15_64,80.7310748866
5014,young_0_14,42.5158325437
5015,old_age_65_plus,40.5704447862
5015,working_age_15_64,1462.4968234965
5015,young_0_14,254.4791840425
5016,old_age_65_plus,1.9938047565
5016,working_age_15_64,20.8142975342
5016,young_0_14,8.7178110285
5017,old_age_65_plus,19.0532669473
5017,working_age_15_64,187.5482652050
5017,young_0_14,60.3582051026
5018,old_age_65_plus,7.7196020805
5018,working_age_15_64,72.2665359799
5018,young_0_14,22.6604797458
5019,old_age_65_plus,10.2568110380
5019,working_age_15_64,90.0877996264
5019,young_0_14,30.0276721996
5020,old_age_65_plus,98.7632116456
5020,working_age_15_64,2770.7292532673
5020,young_0_14,508.3864137332
5021,old_age_65_plus,6.0726268667
5021,working_age_15_64,58.9198374308
5021,young_0_14,23.1411479903
5022,old_age_65_plus,5.9668823066
5022,working_age_15_64,60.6914474447
5022,young_0_14,20.6863352767
5023,old_age_65_plus,12.6393198546
5023,working_age_15_64,134.0276012717
5023,young_0_14,62.7620956686
5024,old_age_65_plus,23.3483835894
5024,working_age_15_64,256.2211688156
5024,young_0_14,107.0598740086
5025,old_age_65_plus,23.9520492514
5025,working_age_15_64,256.9715407908
5025,young_0_14,117.7237618866
5026,old_age_65_plus,120.9094833332
5026,working_age_15_64,1417.1751865458
5026,young_0_14,700.2447070817
5027,old_age_65_plus,21.9704273070
5027,working_age_15_64,221.2023648833
5027,young_0_14,81.0716359923
5028,old_age_65_plus,2.0217129157
5028,working_age_15_64,19.4878392462
5028,young_0_14,8.0862469215
5029,old_age_65_plus,1.3713340987
5029,working_age_15_64,12.5116226619
5029,young_0_14,6.0031422191
5030,old_age_65_plus,4.6563986507
5030,working_age_15_64,37.4812139334
5030,young_0_14,14.9789007927
5031,old_age_65_plus,15.5834580024
5031,working_age_15_64,146.9867316395
5031,young_0_14,70.6455743729
5032,old_age_65_plus,41.3151723853
5032,working_age_15_64,449.6201175586
5032,young_0_14,223.1139009750
5033,old_age_65_plus,2.5771592303
5033,working_age_15_64,26.1015813799
5033,young_0_14,9.7322504558
5034,old_age_65_plus,7.7851624729
5034,working_age_15_64,74.8077440741
5034,young_0_14,33.6941350153
5035,old_age_65_plus,17.8861023389
5035,working_age_15_64,201.7053662604
5035,young_0_14,83.5806863335
5036,old_age_65_plus,48.1316537393
5036,working_age_15_64,453.6669763489
5036,young_0_14,135.2173244516
5037,old_age_65_plus,5.0126484868
5037,working_age_15_64,31.2361160472
5037,young_0_14,10.6336066353
5038,old_age_65_plus,3.7978835120
5038,working_age_15_64,36.9987301563
5038,young_0_14,14.4983085128
5039,old_age_65_plus,6.4721827589
5039,working_age_15_64,73.3189713026
5039,young_0_14,31.2481553459
5040,old_age_65_plus,100.6286579611
5040,working_age_15_64,1054.3195132797
5040,young_0_14,487.6747137940
5041,old_age_65_plus,81.8499485898
5041,working_age_15_64,3009.8751246532
5041,young_0_14,513.0307217312
5042,old_age_65_plus,3.3453471745
5042,working_age_15_64,37.6196303561
5042,young_0_14,15.4916678125
5043,old_age_65_plus,2.0648784381
5043,working_age_15_64,21.1877755591
5043,young_0_14,7.7103705675
5044,old_age_65_plus,7.9017539004
5044,working_age_15_64,84.8551869280
5044,young_0_14,44.5297676415
5045,old_age_65_plus,1.8802738079
5045,working_age_15_64,16.3496764145
5045,young_0_14,6.3285826143
5046,old_age_65_plus,1.4435117286
5046,working_age_15_64,12.5777687588
5046,young_0_14,5.4922579674
5047,old_age_65_plus,1.2138710966
5047,working_age_15_64,20.5519419820
5047,young_0_14,14.7755002812
5048,old_age_65_plus,31.7913229558
5048,working_age_15_64,303.7613888861
5048,young_0_14,97.2249351811
5049,old_age_65_plus,6.4165357734
5049,working_age_15_64,63.2722066001
5049,young_0_14,26.6130505661
5050,old_age_65_plus,4.3943656783
5050,working_age_15_64,42.1036372107
5050,young_0_14,22.8617938164
5051,old_age_65_plus,1.3405726537
5051,working_age_15_64,12.4185735393
5051,young_0_14,5.2715916023
5052,old_age_65_plus,13.2607305972
5052,working_age_15_64,137.7581484058
5052,young_0_14,57.7036739466
5053,old_age_65_plus,1.8256914890
5053,working_age_15_64,16.0469625445
5053,young_0_14,6.2690346667
5054,old_age_65_plus,1.4504902520
5054,working_age_15_64,14.9226691432
5054,young_0_14,6.9850298251
5055,old_age_65_plus,2.0226302640
5055,working_age_15_64,19.7136263284
5055,young_0_14,6.1056439801
5056,old_age_65_plus,2.5891988270
5056,working_age_15_64,28.0006522598
5056,young_0_14,9.7218304827
5057,old_age_65_plus,8.4093024844
5057,working_age_15_64,95.3983840217
5057,young_0_14,42.9456660790
5058,old_age_65_plus,15.3739413457
5058,working_age_15_64,144.7164572431
5058,young_0_14,53.2347189286
5059,old_age_65_plus,25.7263294482
5059,working_age_15_64,260.3474705168
5059,young_0_14,119.5557301462
5060,old_age_65_plus,14.5575706166
5060,working_age_15_64,314.3813560979
5060,young_0_14,239.1716506294
5061,old_age_65_plus,7.3863573731
5061,working_age_15_64,75.8673422085
5061,young_0_14,30.9430897751
5062,old_age_65_plus,2.9977620356
5062,working_age_15_64,29.1730015151
5062,young_0_14,12.1167003859
5063,old_age_65_plus,2.2293177843
5063,working_age_15_64,22.4951011337
5063,young_0_14,9.6769415977
5064,old_age_65_plus,14.2426923295
5064,working_age_15_64,165.7387372429
5064,young_0_14,70.5035346932
5065,old_age_65_plus,5.0999771800
5065,working_age_15_64,45.7060728339
5065,young_0_14,18.0019084836
5066,old_age_65_plus,11.5542867541
5066,working_age_15_64,123.2193163207
5066,young_0_14,51.3583303468
5067,old_age_65_plus,5.3219700068
5067,working_age_15_64,51.9507330029
5067,young_0_14,20.3721255223
5068,old_age_65_plus,5.8320151889
5068,working_age_15_64,64.5206071180
5068,young_0_14,25.7445071883
5069,old_age_65_plus,2.4777936702
5069,working_age_15_64,32.5727245807
5069,young_0_14,19.0038108866
5070,old_age_65_plus,7.0882334264
5070,working_age_15_64,140.8303710375
5070,young_0_14,104.5161113262
5071,old_age_65_plus,17.2517803766
5071,working_age_15_64,147.8915339543
5071,young_0_14,79.0658705344
5072,old_age_65_plus,6.4458238770
5072,working_age_15_64,69.6769891539
5072,young_0_14,40.6700282250
5073,old_age_65_plus,6.9529882918
5073,working_age_15_64,51.2249494309
5073,young_0_14,20.3400651075
5074,old_age_65_plus,4.1321390972
5074,working_age_15_64,43.9726489448
5074,young_0_14,16.3755452020
5075,old_age_65_plus,4.6461846974
5075,working_age_15_64,56.6852540475
5075,young_0_14,24.0702595944
5076,old_age_65_plus,3.7985719055
5076,working_age_15_64,42.8826111495
5076,young_0_14,17.8495218739
5077,old_age_65_plus,9.0953456047
5077,working_age_15_64,98.7135014574
5077,young_0_14,39.1450308257
5078,old_age_65_plus,4.2876071711
5078,working_age_15_64,43.7449905089
5078,young_0_14,21.0202316791
5079,old_age_65_plus,1.7061706909
5079,working_age_15_64,16.4251584195
5079,young_0_14,6.8898709554
5080,old_age_65_plus,2.6730261929
5080,working_age_15_64,16.8533920088
5080,young_0_14,6.7622645550
5081,old_age_65_plus,1.7252925232
5081,working_age_15_64,17.8065003145
5081,young_0_14,8.9755518453
5082,old_age_65_plus,8.0877753611
5082,working_age_15_64,57.2214326563
5082,young_0_14,26.2209771941
5083,old_age_65_plus,11.3360897447
5083,working_age_15_64,136.3401232537
5083,young_0_14,54.0770211924
5084,old_age_65_plus,3.8779261539
5084,working_age_15_64,40.9060272565
5084,young_0_14,16.1448274573
5085,old_age_65_plus,0.6560098556
5085,working_age_15_64,4.4962355865
5085,young_0_14,1.6961590458
5086,old_age_65_plus,1.7834353176
5086,working_age_15_64,18.4944550517
5086,young_0_14,6.5722755221
5087,old_age_65_plus,1.7935664628
5087,working_age_15_64,19.0506076351
5087,young_0_14,8.9687478494
5088,old_age_65_plus,6.4107886821
5088,working_age_15_64,41.4992692036
5088,young_0_14,13.6488064926
5089,old_age_65_plus,1.9330309073
5089,working_age_15_64,19.6817039760
5089,young_0_14,7.0713880045
5090,old_age_65_plus,8.3004352080
5090,working_age_15_64,63.6302563358
5090,young_0_14,23.0894329859
5091,old_age_65_plus,13.3501345062
5091,working_age_15_64,161.6410083216
5091,young_0_14,71.3636798909
5092,old_age_65_plus,2.8289818734
5092,working_age_15_64,32.4102620559
5092,young_0_14,14.3893706281
5093,old_age_65_plus,28.2945688649
5093,working_age_15_64,363.4849701261
5093,young_0_14,138.1487944304
5094,old_age_65_plus,11.9272049041
5094,working_age_15_64,122.6370364280
5094,young_0_14,50.0281236468
5095,old_age_65_plus,4.9190165319
5095,working_age_15_64,49.8176281054
5095,young_0_14,20.4846955450
5096,old_age_65_plus,5.9539045307
5096,working_age_15_64,57.2018623288
5096,young_0_14,21.9283570269
5097,old_age_65_plus,11.3248328350
5097,working_age_15_64,49.6443021149
5097,young_0_14,17.6517332022
5098,old_age_65_plus,4.6612880337
5098,working_age_15_64,54.2850804755
5098,young_0_14,22.5493099596
5099,old_age_65_plus,1.6491565022
5099,working_age_15_64,18.1671551754
5099,young_0_14,8.5361634319
5100,old_age_65_plus,15.1424414186
5100,working_age_15_64,183.7588798894
5100,young_0_14,86.3068381296
5101,old_age_65_plus,0.7547005296
5101,working_age_15_64,7.4889769601
5101,young_0_14,3.0450596094
5102,old_age_65_plus,6.8243533358
5102,working_age_15_64,92.7434834481
5102,young_0_14,48.6097415258
5103,old_age_65_plus,10.7957206192
5103,working_age_15_64,136.0365903499
5103,young_0_14,71.8964711818
5104,old_age_65_plus,4.3249563822
5104,working_age_15_64,45.6949638808
5104,young_0_14,20.7341319690
5105,old_age_65_plus,5.2393270536
5105,working_age_15_64,64.5150173969
5105,young_0_14,37.5355969646
5106,old_age_65_plus,4.3571222233
5106,working_age_15_64,47.1576289977
5106,young_0_14,18.0627172854
5107,old_age_65_plus,5.6466397139
5107,working_age_15_64,64.7278925095
5107,young_0_14,26.3788232778
5108,old_age_65_plus,6.1750582693
5108,working_age_15_64,74.7332400577
5108,young_0_14,28.7750317061
5109,old_age_65_plus,4.2387071635
5109,working_age_15_64,41.9628503134
5109,young_0_14,16.6515585008
5110,old_age_65_plus,5.7527798661
5110,working_age_15_64,64.8914909961
5110,young_0_14,35.6904038438
5111,old_age_65_plus,6.8682541671
5111,working_age_15_64,46.5073067939
5111,young_0_14,21.4097988341
5112,old_age_65_plus,2.0845155669
5112,working_age_15_64,21.9874797212
5112,young_0_14,15.2524834325
5113,old_age_65_plus,24.2603342884
5113,working_age_15_64,191.3191556023
5113,young_0_14,89.1799460987
5114,old_age_65_plus,2.6027053645
5114,working_age_15_64,23.5772684250
5114,young_0_14,8.4841533631
5115,old_age_65_plus,3.4081466190
5115,working_age_15_64,37.5351241457
5115,young_0_14,14.4493088449
5116,old_age_65_plus,4.1276679715
5116,working_age_15_64,48.7719649377
5116,young_0_14,21.0957094262
5117,old_age_65_plus,3.9935847283
5117,working_age_15_64,45.7157490441
5117,young_0_14,13.4698181524
5118,old_age_65_plus,6.4249225824
5118,working_age_15_64,36.5609917915
5118,young_0_14,15.4005510880
5119,old_age_65_plus,3.3595854578
5119,working_age_15_64,26.0868269481
5119,young_0_14,11.7453357154
5120,old_age_65_plus,12.5125881396
5120,working_age_15_64,145.8525261962
5120,young_0_14,72.4485259639
5121,old_age_65_plus,0.5117343827
5121,working_age_15_64,5.0223896945
5121,young_0_14,2.1048891960
5122,old_age_65_plus,3.8457784583
5122,working_age_15_64,48.9757916135
5122,young_0_14,25.3876754169
5123,old_age_65_plus,23.3781997483
5123,working_age_15_64,237.4952222442
5123,young_0_14,88.4975330694
5124,old_age_65_plus,3.6924556197
5124,working_age_15_64,45.5136855248
5124,young_0_14,22.7384944845
5125,old_age_65_plus,6.9744980229
5125,working_age_15_64,75.6066096043
5125,young_0_14,31.8760679302
5126,old_age_65_plus,6.3199744690
5126,working_age_15_64,69.2145578102
5126,young_0_14,28.3171040615
5127,old_age_65_plus,6.1869790879
5127,working_age_15_64,63.0567170633
5127,young_0_14,26.4563881692
5128,old_age_65_plus,3.8857953015
5128,working_age_15_64,40.5811769728
5128,young_0_14,14.7435409789
5129,old_age_65_plus,5.0614069516
5129,working_age_15_64,45.2879290770
5129,young_0_14,17.9070260359
5130,old_age_65_plus,9.5283796744
5130,working_age_15_64,106.3688914038
5130,young_0_14,50.4701604549
5131,old_age_65_plus,0.9845895123
5131,working_age_15_64,11.8903986786
5131,young_0_14,5.6112812343
5132,old_age_65_plus,2.5842120903
5132,working_age_15_64,27.5465655052
5132,young_0_14,12.1633834724
5133,old_age_65_plus,1.8546894605
5133,working_age_15_64,18.3088834811
5133,young_0_14,7.2914922265
5134,old_age_65_plus,7.0456710389
5134,working_age_15_64,84.1014718864
5134,young_0_14,43.9886720583
5135,old_age_65_plus,3.2717057031
5135,working_age_15_64,37.6699568143
5135,young_0_14,17.1802865345
5136,old_age_65_plus,29.5505127160
5136,working_age_15_64,345.2246865406
5136,young_0_14,188.9552246336
5137,old_age_65_plus,8.9423052523
5137,working_age_15_64,109.4247283049
5137,young_0_14,60.4079587002
5138,old_age_65_plus,6.5812622955
5138,working_age_15_64,43.5018517737
5138,young_0_14,16.8986714308
5139,old_age_65_plus,4.9838872788
5139,working_age_15_64,32.0929494216
5139,young_0_14,12.3235697681
5140,old_age_65_plus,1.2498602470
5140,working_age_15_64,10.4555442106
5140,young_0_14,3.6545862403
5141,old_age_65_plus,6.1894327155
5141,working_age_15_64,67.1419898249
5141,young_0_14,31.0101576605
5142,old_age_65_plus,8.4351817544
5142,working_age_15_64,93.9367979387
5142,young_0_14,39.9721076028
5143,old_age_65_plus,6.0328428364
5143,working_age_15_64,49.7864248303
5143,young_0_14,23.7162455784
5144,old_age_65_plus,7.9069084734
5144,working_age_15_64,65.7418077172
5144,young_0_14,21.7468991944
5145,old_age_65_plus,9.1356614749
5145,working_age_15_64,91.0124846755
5145,young_0_14,31.3707217206
5146,old_age_65_plus,32.1158927504
5146,working_age_15_64,375.9908971241
5146,young_0_14,152.6642085320
5147,old_age_65_plus,2.2015872837
5147,working_age_15_64,25.5474396972
5147,young_0_14,12.3380673969
5148,old_age_65_plus,1.8242435057
5148,working_age_15_64,20.6572195703
5148,young_0_14,8.8716448108
5149,old_age_65_plus,0.7515849098
5149,working_age_15_64,8.0005739213
5149,young_0_14,3.2356258096
5150,old_age_65_plus,1.3250209987
5150,working_age_15_64,15.6449982542
5150,young_0_14,5.7849447581
5151,old_age_65_plus,7.6134814207
5151,working_age_15_64,88.4328678107
5151,young_0_14,39.3397155334
5152,old_age_65_plus,3.2466511864
5152,working_age_15_64,29.0357148135
5152,young_0_14,10.7466025206
5153,old_age_65_plus,6.1009632769
5153,working_age_15_64,95.5000097257
5153,young_0_14,67.6039241090
5154,old_age_65_plus,1.3787845318
5154,working_age_15_64,14.3639878473
5154,young_0_14,4.3481989260
5155,old_age_65_plus,2.9926121075
5155,working_age_15_64,32.7767810721
5155,young_0_14,9.4856797305
5156,old_age_65_plus,10.9706379571
5156,working_age_15_64,128.5375657348
5156,young_0_14,60.2800872594
5157,old_age_65_plus,1.1949572431
5157,working_age_15_64,11.3618885154
5157,young_0_14,4.9723943357
5158,old_age_65_plus,12.7839504207
5158,working_age_15_64,148.7369522536
5158,young_0_14,62.5465169818
5159,old_age_65_plus,3.0630004303
5159,working_age_15_64,27.7715447570
5159,young_0_14,10.9865234674
5160,old_age_65_plus,0.6248760534
5160,working_age_15_64,6.4002673644
5160,young_0_14,3.0780390929
5161,old_age_65_plus,4.9841353519
5161,working_age_15_64,63.0319247849
5161,young_0_14,36.0825721511
5162,old_age_65_plus,2.3115055738
5162,working_age_15_64,20.6114439717
5162,young_0_14,7.4265930448
5163,old_age_65_plus,3.7290040731
5163,working_age_15_64,43.4442787857
5163,young_0_14,15.6156509487
5164,old_age_65_plus,4.3805155086
5164,working_age_15_64,61.6324613132
5164,young_0_14,20.9622863806
5165,old_age_65_plus,4.9322791857
5165,working_age_15_64,53.2910123616
5165,young_0_14,17.7325689466
5166,old_age_65_plus,22.0972436858
5166,working_age_15_64,275.6180481386
5166,young_0_14,103.5953143866
5167,old_age_65_plus,0.4630531895
5167,working_age_15_64,4.1206819012
5167,young_0_14,1.7352371046
5168,old_age_65_plus,8.8606282538
5168,working_age_15_64,78.9253171584
5168,young_0_14,28.6747210008
5169,old_age_65_plus,2.2864097876
5169,working_age_15_64,21.5235043678
5169,young_0_14,9.3263765324
5170,old_age_65_plus,6.5159828106
5170,working_age_15_64,76.5799855100
5170,young_0_14,33.6620082063
5171,old_age_65_plus,0.7761402275
5171,working_age_15_64,8.1077804583
5171,young_0_14,3.8362120411
5172,old_age_65_plus,0.9284777254
5172,working_age_15_64,9.4339183489
5172,young_0_14,3.4225832246
5173,old_age_65_plus,1.1268160816
5173,working_age_15_64,11.7913533350
5173,young_0_14,4.3939912524
5174,old_age_65_plus,2.1697268029
5174,working_age_15_64,37.8453026946
5174,young_0_14,25.9497973375
5175,old_age_65_plus,1.0656295736
5175,working_age_15_64,9.7122121712
5175,young_0_14,3.6190599161
5176,old_age_65_plus,4.4118614563
5176,working_age_15_64,43.0527460512
5176,young_0_14,16.3852081680
5177,old_age_65_plus,4.5459602578
5177,working_age_15_64,56.5656869366
5177,young_0_14,28.8806289603
5178,old_age_65_plus,4.0754196630
5178,working_age_15_64,47.1439187647
5178,young_0_14,14.1435248626
5179,old_age_65_plus,8.3024764385
5179,working_age_15_64,71.6336080599
5179,young_0_14,25.9545679723
5180,old_age_65_plus,1.2187701586
5180,working_age_15_64,13.1738721809
5180,young_0_14,6.4055194781
5181,old_age_65_plus,17.2960008095
5181,working_age_15_64,153.3409423312
5181,young_0_14,78.6565051927
5182,old_age_65_plus,9.0894788745
5182,working_age_15_64,94.1008579857
5182,young_0_14,48.7503437525
5183,old_age_65_plus,2.4453453073
5183,working_age_15_64,26.0777206656
5183,young_0_14,8.0066604317
5184,old_age_65_plus,24.6112251693
5184,working_age_15_64,197.2469951075
5184,young_0_14,93.8169715359
5185,old_age_65_plus,7.2900126035
5185,working_age_15_64,70.4192740921
5185,young_0_14,25.3550438653
5186,old_age_65_plus,1.2592532604
5186,working_age_15_64,13.1887454893
5186,young_0_14,5.0801598479
5187,old_age_65_plus,0.6315179965
5187,working_age_15_64,7.0340750188
5187,young_0_14,2.9187168477
5188,old_age_65_plus,2.5693086724
5188,working_age_15_64,26.2256888931
5188,young_0_14,10.8593789142
5189,old_age_65_plus,4.2942072301
5189,working_age_15_64,50.9752134087
5189,young_0_14,23.7949924059
5190,old_age_65_plus,2.9253007982
5190,working_age_15_64,39.7177118166
5190,young_0_14,19.6634556347
5191,old_age_65_plus,7.6739512700
5191,working_age_15_64,74.6734560309
5191,young_0_14,28.9180896769
5192,old_age_65_plus,4.6926208912
5192,working_age_15_64,40.1119767317
5192,young_0_14,13.5676538685
5193,old_age_65_plus,2.3711277625
5193,working_age_15_64,28.8561757721
5193,young_0_14,16.2845768904
5194,old_age_65_plus,11.7133012767
5194,working_age_15_64,156.7006671024
5194,young_0_14,60.6019825685
5195,old_age_65_plus,1.0867322167
5195,working_age_15_64,11.9565754657
5195,young_0_14,5.6061236882
5196,old_age_65_plus,2.8619890114
5196,working_age_15_64,32.1888180361
5196,young_0_14,12.6324431311
5197,old_age_65_plus,0.2486016201
5197,working_age_15_64,2.1861570223
5197,young_0_14,1.0595704377
5198,old_age_65_plus,0.4668649305
5198,working_age_15_64,4.6126734632
5198,young_0_14,2.2521954626
5199,old_age_65_plus,11.0048196102
5199,working_age_15_64,195.0225356486
5199,young_0_14,51.4969397157
5200,old_age_65_plus,1.8353732147
5200,working_age_15_64,18.9181331333
5200,young_0_14,7.1569060554
5201,old_age_65_plus,4.2963674939
5201,working_age_15_64,52.3236493911
5201,young_0_14,18.5567491979
5202,old_age_65_plus,18.7201443635
5202,working_age_15_64,160.0149660688
5202,young_0_14,64.3570737858
5203,old_age_65_plus,0.5719874844
5203,working_age_15_64,6.6654139201
5203,young_0_14,3.2165915707
5204,old_age_65_plus,0.6079666986
5204,working_age_15_64,5.6391629667
5204,young_0_14,1.9945020046
5205,old_age_65_plus,0.1917848378
5205,working_age_15_64,2.1701539483
5205,young_0_14,0.9990684463
5206,old_age_65_plus,2.4068441159
5206,working_age_15_64,31.1819340660
5206,young_0_14,16.9689105742
5207,old_age_65_plus,0.8577445881
5207,working_age_15_64,7.9579890217
5207,young_0_14,2.9736388769
5208,old_age_65_plus,4.4642583775
5208,working_age_15_64,43.4177766660
5208,young_0_14,17.1519047509
5209,old_age_65_plus,2.7530037808
5209,working_age_15_64,52.1004605298
5209,young_0_14,38.7006907796
5210,old_age_65_plus,1.7883839973
5210,working_age_15_64,14.5877253315
5210,young_0_14,5.8307349314
5211,old_age_65_plus,0.5981096736
5211,working_age_15_64,5.7707672487
5211,young_0_14,2.4618054712
5212,old_age_65_plus,0.1857306357
5212,working_age_15_64,2.3061269002
5212,young_0_14,1.2070805421
5213,old_age_65_plus,4.9526701507
5213,working_age_15_64,56.7108067078
5213,young_0_14,21.0053423963
5214,old_age_65_plus,0.9003550439
5214,working_age_15_64,12.2434240876
5214,young_0_14,7.1312330437
5215,old_age_65_plus,1.0128113584
5215,working_age_15_64,11.1182578580
5215,young_0_14,6.0627999732
5216,old_age_65_plus,1.8951390474
5216,working_age_15_64,21.8284476515
5216,young_0_14,8.8257632352
5217,old_age_65_plus,0.9786424152
5217,working_age_15_64,8.6506041579
5217,young_0_14,3.1996295414
5218,old_age_65_plus,5.3648975260
5218,working_age_15_64,44.4401572936
5218,young_0_14,17.2623067409
5219,old_age_65_plus,6.8861262659
5219,working_age_15_64,75.5640558177
5219,young_0_14,38.0731053126
5220,old_age_65_plus,0.4234657500
5220,working_age_15_64,3.0418437150
5220,young_0_14,0.9983125669
5221,old_age_65_plus,14.9479998437
5221,working_age_15_64,154.9550592448
5221,young_0_14,72.2070534548
5222,old_age_65_plus,2.3542615560
5222,working_age_15_64,24.6581658840
5222,young_0_14,8.5355758905
5223,old_age_65_plus,1.5151745084
5223,working_age_15_64,20.5227554636
5223,young_0_14,12.4859295253
5224,old_age_65_plus,0.8107954883
5224,working_age_15_64,8.3198784844
5224,young_0_14,3.4083129666
5225,old_age_65_plus,2.5667900233
5225,working_age_15_64,32.8244918119
5225,young_0_14,11.6413865965
5226,old_age_65_plus,2.8486118955
5226,working_age_15_64,31.3032909057
5226,young_0_14,12.6811120617
5227,old_age_65_plus,9.8825225303
5227,working_age_15_64,215.2260126315
5227,young_0_14,165.1632573045
5228,old_age_65_plus,1.6373037503
5228,working_age_15_64,19.8981304605
5228,young_0_14,12.0984585575
5229,old_age_65_plus,1.0566332115
5229,working_age_15_64,10.0365194688
5229,young_0_14,3.8029037808
5230,old_age_65_plus,1.8085819589
5230,working_age_15_64,23.9747416542
5230,young_0_14,8.6951287603
5231,old_age_65_plus,0.7373209856
5231,working_age_15_64,7.2442482242
5231,young_0_14,2.5251479733
5232,old_age_65_plus,0.9155616984
5232,working_age_15_64,8.2430585197
5232,young_0_14,3.1378156189
5233,old_age_65_plus,2.3352489479
5233,working_age_15_64,26.9064437267
5233,young_0_14,11.2104498776
5234,old_age_65_plus,2.4018259794
5234,working_age_15_64,27.7567980792
5234,young_0_14,13.5345363094
5235,old_age_65_plus,16.6648102859
5235,working_age_15_64,184.3721734568
5235,young_0_14,91.4520180037
5236,old_age_65_plus,0.3303622784
5236,working_age_15_64,3.0736473910
5236,young_0_14,0.9666182821
5237,old_age_65_plus,3.9986176197
5237,working_age_15_64,43.3456374804
5237,young_0_14,19.6591565319
5238,old_age_65_plus,0.6442094782
5238,working_age_15_64,10.1893223345
5238,young_0_14,3.1380319163
5239,old_age_65_plus,7.3819872427
5239,working_age_15_64,76.2215582658
5239,young_0_14,29.1348545266
5240,old_age_65_plus,1.3320870825
5240,working_age_15_64,12.4065814882
5240,young_0_14,5.3832160517
5241,old_age_65_plus,0.8475186400
5241,working_age_15_64,8.9547693861
5241,young_0_14,4.4246104290
5242,old_age_65_plus,1.4179611398
5242,working_age_15_64,14.4801942448
5242,young_0_14,6.0247241839
5243,old_age_65_plus,1.5704530341
5243,working_age_15_64,14.9319184936
5243,young_0_14,5.5042071193
5244,old_age_65_plus,0.9893412155
5244,working_age_15_64,11.7726191886
5244,young_0_14,7.0103508081
5245,old_age_65_plus,1.2863832868
5245,working_age_15_64,16.4293265429
5245,young_0_14,5.3037368923
5246,old_age_65_plus,4.0239082559
5246,working_age_15_64,39.6449091619
5246,young_0_14,14.1596700825
5247,old_age_65_plus,1.1457760571
5247,working_age_15_64,10.1965951193
5247,young_0_14,4.5305592770
5248,old_age_65_plus,11.7113363198
5248,working_age_15_64,124.5459149886
5248,young_0_14,55.1094044441
5249,old_age_65_plus,3.8718435062
5249,working_age_15_64,40.7039433534
5249,young_0_14,14.9907844565
5250,old_age_65_plus,2.5254293516
5250,working_age_15_64,27.8830767327
5250,young_0_14,11.3785076493
5251,old_age_65_plus,23.7674647478
5251,working_age_15_64,520.6740002911
5251,young_0_14,400.7041354773
5252,old_age_65_plus,2.1974974750
5252,working_age_15_64,23.1238095479
5252,young_0_14,10.1582172317
5253,old_age_65_plus,6.5203105116
5253,working_age_15_64,86.7086665410
5253,young_0_14,47.6991127307
5254,old_age_65_plus,4.4731185301
5254,working_age_15_64,41.1375844134
5254,young_0_14,15.0688633852
5255,old_age_65_plus,0.6260258217
5255,working_age_15_64,5.1420750574
5255,young_0_14,2.1663321757
5256,old_age_65_plus,1.3654131348
5256,working_age_15_64,14.0273896363
5256,young_0_14,5.4276785617
5257,old_age_65_plus,5.8551137070
5257,working_age_15_64,65.5652396288
5257,young_0_14,30.7398352893
5258,old_age_65_plus,3.0529280990
5258,working_age_15_64,34.2950818015
5258,young_0_14,12.2307428620
5259,old_age_65_plus,3.4275501976
5259,working_age_15_64,35.1031644003
5259,young_0_14,15.1141540619
5260,old_age_65_plus,0.8251251435
5260,working_age_15_64,8.3701298302
5260,young_0_14,3.0030263142
5261,old_age_65_plus,0.9140977934
5261,working_age_15_64,10.0970262672
5261,young_0_14,4.1295884378
5262,old_age_65_plus,0.8896970016
5262,working_age_15_64,8.1671295557
5262,young_0_14,3.3247691802
5263,old_age_65_plus,0.6155784064
5263,working_age_15_64,5.5448253287
5263,young_0_14,1.5283115095
5264,old_age_65_plus,4.1358286109
5264,working_age_15_64,46.1637559283
5264,young_0_14,23.7529048803
5265,old_age_65_plus,2.5093579911
5265,working_age_15_64,40.8569083394
5265,young_0_14,26.9709553148
5266,old_age_65_plus,0.5294081611
5266,working_age_15_64,3.7519329231
5266,young_0_14,1.4271747022
5267,old_age_65_plus,0.2544605799
5267,working_age_15_64,2.5397521601
5267,young_0_14,0.9841087108
5268,old_age_65_plus,0.7269455752
5268,working_age_15_64,6.3074804632
5268,young_0_14,2.4610371745
5269,old_age_65_plus,0.7207259898
5269,working_age_15_64,6.9572364896
5269,young_0_14,2.5149896362
5270,old_age_65_plus,2.3501557765
5270,working_age_15_64,25.8074632670
5270,young_0_14,7.4959499624
5271,old_age_65_plus,3.4139325562
5271,working_age_15_64,47.6391985027
5271,young_0_14,16.3311486814
5272,old_age_65_plus,1.0051426755
5272,working_age_15_64,9.7444590585
5272,young_0_14,3.7305714832
5273,old_age_65_plus,8.7583924330
5273,working_age_15_64,83.7605337999
5273,young_0_14,32.2658747777
5274,old_age_65_plus,2.5932839136
5274,working_age_15_64,23.7920489126
5274,young_0_14,7.8842955366
5275,old_age_65_plus,2.4300561260
5275,working_age_15_64,22.7661242146
5275,young_0_14,8.1211115427
5276,old_age_65_plus,0.5026696914
5276,working_age_15_64,4.9772755805
5276,young_0_14,2.0456761180
5277,old_age_65_plus,0.6621935980
5277,working_age_15_64,6.4934070046
5277,young_0_14,2.5687610057
5278,old_age_65_plus,5.8228204467
5278,working_age_15_64,65.3125050505
5278,young_0_14,21.5706515567
5279,old_age_65_plus,71.5865734717
5279,working_age_15_64,590.2618300839
5279,young_0_14,223.1992948556
5280,old_age_65_plus,0.5431986970
5280,working_age_15_64,5.6467314571
5280,young_0_14,2.2096803950
5281,old_age_65_plus,1.1624258947
5281,working_age_15_64,11.7967814928
5281,young_0_14,4.7550509488
5282,old_age_65_plus,3.2934162818
5282,working_age_15_64,34.9455933067
5282,young_0_14,14.5786587334
5283,old_age_65_plus,2.9142679050
5283,working_age_15_64,35.5519824410
5283,young_0_14,18.7085380205
5284,old_age_65_plus,1.6142613371
5284,working_age_15_64,15.2752934692
5284,young_0_14,5.8043786543
5285,old_age_65_plus,5.4672162348
5285,working_age_15_64,71.9514107294
5285,young_0_14,36.4646887768
5286,old_age_65_plus,60.7439576074
5286,working_age_15_64,786.3717714399
5286,young_0_14,678.2816159070
5287,old_age_65_plus,0.8569088227
5287,working_age_15_64,8.9023649537
5287,young_0_14,4.5726410437
5288,old_age_65_plus,1.1007711319
5288,working_age_15_64,13.8003775630
5288,young_0_14,10.4509437120
5289,old_age_65_plus,7.5133162548
5289,working_age_15_64,135.7423438335
5289,young_0_14,88.3222324874
5290,old_age_65_plus,0.4134668258
5290,working_age_15_64,2.7879127142
5290,young_0_14,1.0840527160
5291,old_age_65_plus,1.4707350931
5291,working_age_15_64,17.3008893085
5291,young_0_14,9.3899987802
5292,old_age_65_plus,0.4542719637
5292,working_age_15_64,6.1495551372
5292,young_0_14,2.8148664965
5293,old_age_65_plus,1.2619013990
5293,working_age_15_64,14.2008673103
5293,young_0_14,6.7738827116
5294,old_age_65_plus,0.3742708805
5294,working_age_15_64,3.5437140139
5294,young_0_14,1.3665017545
5295,old_age_65_plus,7.5394430086
5295,working_age_15_64,82.5187172428
5295,young_0_14,44.5449532367
5296,old_age_65_plus,4.3588316857
5296,working_age_15_64,58.0713419243
5296,young_0_14,30.4374338684
5297,old_age_65_plus,3.2406409446
5297,working_age_15_64,40.9003380479
5297,young_0_14,23.2791950159
5298,old_age_65_plus,9.2890689801
5298,working_age_15_64,93.9573231837
5298,young_0_14,38.6197607862
5299,old_age_65_plus,0.1860253759
5299,working_age_15_64,1.5062806204
5299,young_0_14,0.5403328645
5300,old_age_65_plus,3.7084982168
5300,working_age_15_64,33.4120309221
5300,young_0_14,11.6215052359
5301,old_age_65_plus,0.3845017639
5301,working_age_15_64,2.6399759085
5301,young_0_14,1.2887100928
5302,old_age_65_plus,2.4066604684
5302,working_age_15_64,32.2222273187
5302,young_0_14,19.4119977394
5303,old_age_65_plus,0.3761082463
5303,working_age_15_64,4.1491765790
5303,young_0_14,1.8003856557
5304,old_age_65_plus,1.0242653920
5304,working_age_15_64,12.1907120814
5304,young_0_14,4.9378536436
5305,old_age_65_plus,3.0142336428
5305,working_age_15_64,23.9000135424
5305,young_0_14,6.7298246517
5306,old_age_65_plus,2.3927964108
5306,working_age_15_64,30.9453063895
5306,young_0_14,14.1574315070
5307,old_age_65_plus,0.8127547038
5307,working_age_15_64,7.1056532728
5307,young_0_14,2.2829180599
5308,old_age_65_plus,1.3180089736
5308,working_age_15_64,12.8973515425
5308,young_0_14,4.4723683983
5309,old_age_65_plus,1.7716739411
5309,working_age_15_64,17.7552769084
5309,young_0_14,7.5305209952
5310,old_age_65_plus,0.5480253773
5310,working_age_15_64,4.7025651191
5310,young_0_14,1.6997838839
5311,old_age_65_plus,1.2182908538
5311,working_age_15_64,9.8434929532
5311,young_0_14,2.5341720851
5312,old_age_65_plus,7.0835470652
5312,working_age_15_64,75.7718992404
5312,young_0_14,30.4337033931
5313,old_age_65_plus,0.5527656749
5313,working_age_15_64,3.0173552559
5313,young_0_14,0.6896873366
5314,old_age_65_plus,1.2082179606
5314,working_age_15_64,9.9365381318
5314,young_0_14,4.6122551534
5315,old_age_65_plus,0.8534580606
5315,working_age_15_64,9.3129534604
5315,young_0_14,4.0261908971
5316,old_age_65_plus,6.0983263375
5316,working_age_15_64,67.1265645662
5316,young_0_14,27.4185080129
5317,old_age_65_plus,3.7897197029
5317,working_age_15_64,42.5186516026
5317,young_0_14,22.4410616699
5318,old_age_65_plus,1.6564776279
5318,working_age_15_64,17.6253528175
5318,young_0_14,7.6668426784
5319,old_age_65_plus,0.2932712300
5319,working_age_15_64,2.8106352132
5319,young_0_14,1.1517460943
5320,old_age_65_plus,1.7905068766
5320,working_age_15_64,18.1497332081
5320,young_0_14,7.0560203521
5321,old_age_65_plus,0.8402884280
5321,working_age_15_64,11.3883414792
5321,young_0_14,6.0852834456
5322,old_age_65_plus,0.7908238830
5322,working_age_15_64,7.5094506141
5322,young_0_14,2.9769194355
5323,old_age_65_plus,0.2888617787
5323,working_age_15_64,1.8968480444
5323,young_0_14,0.5834692026
5324,old_age_65_plus,0.6304931404
5324,working_age_15_64,6.0940101780
5324,young_0_14,3.6448453853
5325,old_age_65_plus,3.5251412972
5325,working_age_15_64,47.0906160618
5325,young_0_14,25.5939131280
5326,old_age_65_plus,0.3674275316
5326,working_age_15_64,3.4692267813
5326,young_0_14,1.3168625205
5327,old_age_65_plus,0.1684268236
5327,working_age_15_64,2.0261540118
5327,young_0_14,0.7580865384
5328,old_age_65_plus,1.0636909863
5328,working_age_15_64,11.0719449279
5328,young_0_14,4.8104899900
5329,old_age_65_plus,0.3006514480
5329,working_age_15_64,3.5200328340
5329,young_0_14,1.5393331953
5330,old_age_65_plus,2.5254543963
5330,working_age_15_64,23.3682770670
5330,young_0_14,8.4822264087
5331,old_age_65_plus,0.9498750215
5331,working_age_15_64,7.6758660770
5331,young_0_14,3.5585023005
5332,old_age_65_plus,5.5366202037
5332,working_age_15_64,59.1490134430
5332,young_0_14,29.6697480516
5333,old_age_65_plus,0.1581089757
5333,working_age_15_64,1.2764171300
5333,young_0_14,0.5629496591
5334,old_age_65_plus,0.4049500397
5334,working_age_15_64,3.6930263765
5334,young_0_14,1.3863999199
5335,old_age_65_plus,0.4512308907
5335,working_age_15_64,5.0798520834
5335,young_0_14,2.1828556044
5336,old_age_65_plus,0.3010216439
5336,working_age_15_64,3.1612018202
5336,young_0_14,0.9917794905
5337,old_age_65_plus,0.9568733422
5337,working_age_15_64,9.6579026625
5337,young_0_14,3.6555387811
5338,old_age_65_plus,4.1007707677
5338,working_age_15_64,41.6131343385
5338,young_0_14,16.8176001705
5339,old_age_65_plus,3.5826872675
5339,working_age_15_64,40.8733758285
5339,young_0_14,22.2549012095
5340,old_age_65_plus,2.5643487138
5340,working_age_15_64,25.4690199783
5340,young_0_14,10.0384363167
5341,old_age_65_plus,0.3791675333
5341,working_age_15_64,3.3229630448
5341,young_0_14,1.3291095214
5342,old_age_65_plus,0.9231811201
5342,working_age_15_64,14.6178925553
5342,young_0_14,3.5511836227
5343,old_age_65_plus,1.3712388550
5343,working_age_15_64,15.3727188943
5343,young_0_14,7.6942800051
5344,old_age_65_plus,2.0543095109
5344,working_age_15_64,21.3515359168
5344,young_0_14,7.8761101614
5345,old_age_65_plus,4.1356833329
5345,working_age_15_64,34.4221269997
5345,young_0_14,10.6871092437
5346,old_age_65_plus,1.6232085471
5346,working_age_15_64,16.2822454014
5346,young_0_14,6.7979189940
5347,old_age_65_plus,0.4758124975
5347,working_age_15_64,4.8591981778
5347,young_0_14,2.1011417522
5348,old_age_65_plus,7.8707900174
5348,working_age_15_64,79.1268947329
5348,young_0_14,31.5437305186
5349,old_age_65_plus,1.2419466233
5349,working_age_15_64,13.0891425433
5349,young_0_14,5.2340376840
5350,old_age_65_plus,1.5733834781
5350,working_age_15_64,16.5931286893
5350,young_0_14,6.6807833490
5351,old_age_65_plus,4.0140829145
5351,working_age_15_64,41.1008496521
5351,young_0_14,16.4433355958
5352,old_age_65_plus,9.4952565090
5352,working_age_15_64,109.9730623363
5352,young_0_14,60.5570213217
5353,old_age_65_plus,0.3235214254
5353,working_age_15_64,3.2633753051
5353,young_0_14,1.3698234616
5354,old_age_65_plus,0.5715582369
5354,working_age_15_64,5.9274507022
5354,young_0_14,2.5360665783
5355,old_age_65_plus,0.5912248632
5355,working_age_15_64,5.7968522639
5355,young_0_14,2.3232707176
5356,old_age_65_plus,0.8818468318
5356,working_age_15_64,11.9372604293
5356,young_0_14,3.9894655184
5357,old_age_65_plus,0.8353197150
5357,working_age_15_64,9.3122197334
5357,young_0_14,4.4783157371
5358,old_age_65_plus,0.2523493780
5358,working_age_15_64,3.0485866227
5358,young_0_14,1.5696479923
5359,old_age_65_plus,8.0490752636
5359,working_age_15_64,82.5229932985
5359,young_0_14,33.6590202945
5360,old_age_65_plus,0.4769515849
5360,working_age_15_64,4.6108185555
5360,young_0_14,1.9237706614
5361,old_age_65_plus,0.4968193113
5361,working_age_15_64,4.8210306141
5361,young_0_14,1.9436074850
5362,old_age_65_plus,2.5504784886
5362,working_age_15_64,29.0668107238
5362,young_0_14,9.8035292076
5363,old_age_65_plus,0.2171975298
5363,working_age_15_64,1.6129863512
5363,young_0_14,0.6934373090
5364,old_age_65_plus,2.7470953973
5364,working_age_15_64,25.0489901035
5364,young_0_14,11.6202854623
5365,old_age_65_plus,0.4258130734
5365,working_age_15_64,4.3637278444
5365,young_0_14,1.4780157862
5366,old_age_65_plus,3.1758621845
5366,working_age_15_64,40.6721448255
5366,young_0_14,23.3953236959
5367,old_age_65_plus,8.8275523675
5367,working_age_15_64,95.1884170463
5367,young_0_14,47.1074049349
5368,old_age_65_plus,0.3518918320
5368,working_age_15_64,3.0146432325
5368,young_0_14,0.9869741788
5369,old_age_65_plus,20.0912212270
5369,working_age_15_64,235.5693224736
5369,young_0_14,98.3292699866
5370,old_age_65_plus,11.2215766165
5370,working_age_15_64,129.4473547879
5370,young_0_14,72.7645698655
5371,old_age_65_plus,2.8843304999
5371,working_age_15_64,25.7796390555
5371,young_0_14,9.4279448360
5372,old_age_65_plus,0.7099777066
5372,working_age_15_64,6.1539113838
5372,young_0_14,2.2869662537
5373,old_age_65_plus,0.9775496916
5373,working_age_15_64,8.0862160045
5373,young_0_14,4.7854568189
5374,old_age_65_plus,2.3795184760
5374,working_age_15_64,22.7986982209
5374,young_0_14,7.7333696791
5375,old_age_65_plus,0.0914948109
5375,working_age_15_64,1.0856997016
5375,young_0_14,0.4579274870
5376,old_age_65_plus,8.2052826112
5376,working_age_15_64,47.7637121722
5376,young_0_14,16.6394210278
5377,old_age_65_plus,0.4130872945
5377,working_age_15_64,5.2178440682
5377,young_0_14,2.9093173179
5378,old_age_65_plus,0.1732341617
5378,working_age_15_64,1.8051724305
5378,young_0_14,0.5651984291
5379,old_age_65_plus,1.0722475420
5379,working_age_15_64,14.4550553623
5379,young_0_14,8.5947666269
5380,old_age_65_plus,1.5946352978
5380,working_age_15_64,12.6191063258
5380,young_0_14,3.6896745902
5381,old_age_65_plus,0.1701731855
5381,working_age_15_64,1.4673838810
5381,young_0_14,0.4464159656
5382,old_age_65_plus,1.7316011359
5382,working_age_15_64,17.2056466716
5382,young_0_14,6.7380914056
5383,old_age_65_plus,0.0000000000
5383,working_age_15_64,0.0000000000
5383,young_0_14,0.0000000000
5384,old_age_65_plus,0.4737663641
5384,working_age_15_64,5.9877607179
5384,young_0_14,3.0540987714
5385,old_age_65_plus,0.0722310068
5385,working_age_15_64,0.8675174755
5385,young_0_14,0.2523418819
5386,old_age_65_plus,1.0430173451
5386,working_age_15_64,8.5290935117
5386,young_0_14,3.1338080979
5387,old_age_65_plus,0.1074224319
5387,working_age_15_64,1.0110610162
5387,young_0_14,0.4336742384
5388,old_age_65_plus,2.3301009263
5388,working_age_15_64,26.6077853112
5388,young_0_14,14.6887756856
5389,old_age_65_plus,0.2071308517
5389,working_age_15_64,2.4175070013
5389,young_0_14,1.0607803497
5390,old_age_65_plus,0.8135667762
5390,working_age_15_64,9.0760650342
5390,young_0_14,4.1907223288
5391,old_age_65_plus,0.3611083980
5391,working_age_15_64,3.0169943307
5391,young_0_14,1.2213548059
5392,old_age_65_plus,0.5385923114
5392,working_age_15_64,5.9378400912
5392,young_0_14,2.4267999360
5393,old_age_65_plus,1.1361076849
5393,working_age_15_64,11.0294315611
5393,young_0_14,4.3683988721
5394,old_age_65_plus,1.4591218175
5394,working_age_15_64,13.9055032957
5394,young_0_14,6.8441165849
5395,old_age_65_plus,0.5018873631
5395,working_age_15_64,4.9951805788
5395,young_0_14,1.8967949859
5396,old_age_65_plus,7.3265865780
5396,working_age_15_64,37.0751163384
5396,young_0_14,8.2831768503
5397,old_age_65_plus,2.5119770374
5397,working_age_15_64,29.3211481387
5397,young_0_14,11.9961307983
5398,old_age_65_plus,0.3256980344
5398,working_age_15_64,3.6685703365
5398,young_0_14,1.7398820115
5399,old_age_65_plus,2.1615104378
5399,working_age_15_64,20.1495860489
5399,young_0_14,9.0955418131
5400,old_age_65_plus,2.2254993829
5400,working_age_15_64,25.0057498416
5400,young_0_14,7.7466524768
5401,old_age_65_plus,0.2291724276
5401,working_age_15_64,2.3166405327
5401,young_0_14,0.8336325943
5402,old_age_65_plus,1.9082922977
5402,working_age_15_64,20.4806534898
5402,young_0_14,9.7777192744
5403,old_age_65_plus,0.5368401050
5403,working_age_15_64,5.8083627296
5403,young_0_14,1.7889908023
5404,old_age_65_plus,0.5323831051
5404,working_age_15_64,5.5585204313
5404,young_0_14,2.3304384872
5405,old_age_65_plus,0.5143830600
5405,working_age_15_64,5.0838922873
5405,young_0_14,2.2142087981
5406,old_age_65_plus,1.0671959554
5406,working_age_15_64,11.7059458254
5406,young_0_14,5.8214942691
5407,old_age_65_plus,9.7558298761
5407,working_age_15_64,101.1702609517
5407,young_0_14,44.4320569974
5408,old_age_65_plus,0.9627536808
5408,working_age_15_64,15.5301119371
5408,young_0_14,5.1842189788
5409,old_age_65_plus,0.1491588231
5409,working_age_15_64,1.4252803421
5409,young_0_14,0.5640182403
5410,old_age_65_plus,1.7964106578
5410,working_age_15_64,21.9694671583
5410,young_0_14,11.0568177085
5411,old_age_65_plus,2.4347389786
5411,working_age_15_64,26.7444639505
5411,young_0_14,11.6420414751
5412,old_age_65_plus,0.0490903459
5412,working_age_15_64,0.6603681439
5412,young_0_14,0.3797529314
5413,old_age_65_plus,0.2147461127
5413,working_age_15_64,2.6600161962
5413,young_0_14,1.2527819467
5414,old_age_65_plus,1.5168259116
5414,working_age_15_64,14.1978301313
5414,young_0_14,6.2912007414
5415,old_age_65_plus,1.3657295583
5415,working_age_15_64,12.2691346938
5415,young_0_14,4.0974262297
5416,old_age_65_plus,0.2643492595
5416,working_age_15_64,1.9786730639
5416,young_0_14,0.5963973661
5417,old_age_65_plus,0.1020082554
5417,working_age_15_64,1.2406639521
5417,young_0_14,0.5917480470
5418,old_age_65_plus,0.5713763242
5418,working_age_15_64,5.7683983162
5418,young_0_14,2.1656209997
5419,old_age_65_plus,0.2226661573
5419,working_age_15_64,2.5705627910
5419,young_0_14,1.2054702735
5420,old_age_65_plus,5.0612124711
5420,working_age_15_64,46.2538053503
5420,young_0_14,17.2811451598
5421,old_age_65_plus,0.4166219566
5421,working_age_15_64,4.2268646119
5421,young_0_14,1.8105241843
5422,old_age_65_plus,0.1260963904
5422,working_age_15_64,1.1104220308
5422,young_0_14,0.4215119116
5423,old_age_65_plus,0.7173811023
5423,working_age_15_64,7.0877869497
5423,young_0_14,2.8985384444
5424,old_age_65_plus,2.0325685163
5424,working_age_15_64,20.4192807466
5424,young_0_14,8.1081474539
5425,old_age_65_plus,0.7173093179
5425,working_age_15_64,7.1916754453
5425,young_0_14,2.8350778288
5426,old_age_65_plus,0.1115249093
5426,working_age_15_64,0.8802595894
5426,young_0_14,0.2976400188
5427,old_age_65_plus,0.4764892248
5427,working_age_15_64,4.9395375005
5427,young_0_14,2.0966543822
5428,old_age_65_plus,2.0291670826
5428,working_age_15_64,23.2791645191
5428,young_0_14,13.0418875240
5429,old_age_65_plus,0.1851954300
5429,working_age_15_64,1.8370648278
5429,young_0_14,0.7366279696
5430,old_age_65_plus,0.3247369033
5430,working_age_15_64,3.3519614950
5430,young_0_14,0.9149697476
5431,old_age_65_plus,0.6125705489
5431,working_age_15_64,6.2041520699
5431,young_0_14,2.4482795239
5432,old_age_65_plus,0.3472850236
5432,working_age_15_64,4.3705677895
5432,young_0_14,2.3185326582
5433,old_age_65_plus,3.2688251287
5433,working_age_15_64,36.6476442522
5433,young_0_14,19.6362651047
5434,old_age_65_plus,0.2066465544
5434,working_age_15_64,2.0541629227
5434,young_0_14,0.8244381214
5435,old_age_65_plus,0.0718315664
5435,working_age_15_64,0.8118051724
5435,young_0_14,0.3267824263
5436,old_age_65_plus,0.1620114052
5436,working_age_15_64,1.9484086540
5436,young_0_14,0.9834562093
5437,old_age_65_plus,3.6745266779
5437,working_age_15_64,44.7756171766
5437,young_0_14,22.3130013925
5438,old_age_65_plus,3.0385240738
5438,working_age_15_64,15.9465487797
5438,young_0_14,3.8546779136
5439,old_age_65_plus,0.3245177182
5439,working_age_15_64,2.1003176658
5439,young_0_14,0.6557647133
5440,old_age_65_plus,0.4023076298
5440,working_age_15_64,4.3661888283
5440,young_0_14,1.7545754330
5441,old_age_65_plus,0.3017113379
5441,working_age_15_64,3.0180397564
5441,young_0_14,1.4389954605
5442,old_age_65_plus,17.4207998780
5442,working_age_15_64,189.3615795441
5442,young_0_14,94.9099423780
5443,old_age_65_plus,1.2262618284
5443,working_age_15_64,14.8146339958
5443,young_0_14,5.3036943781
5444,old_age_65_plus,0.3162015692
5444,working_age_15_64,3.6151563675
5444,young_0_14,1.7402931619
5445,old_age_65_plus,0.8084617410
5445,working_age_15_64,10.7334078164
5445,young_0_14,3.7824486839
5446,old_age_65_plus,0.4304778744
5446,working_age_15_64,4.7520130439
5446,young_0_14,2.0837157117
5447,old_age_65_plus,0.1991858221
5447,working_age_15_64,2.0969173126
5447,young_0_14,0.7810393494
5448,old_age_65_plus,0.1173070562
5448,working_age_15_64,1.2805436522
5448,young_0_14,0.5071392620
5449,old_age_65_plus,0.4310169801
5449,working_age_15_64,4.1435819654
5449,young_0_14,1.6024389269
5450,old_age_65_plus,0.5619313661
5450,working_age_15_64,6.9087822170
5450,young_0_14,1.9056406556
5451,old_age_65_plus,8.4033562975
5451,working_age_15_64,121.3646027708
5451,young_0_14,50.5237367014
5452,old_age_65_plus,1.1641256669
5452,working_age_15_64,10.6428598168
5452,young_0_14,4.0559953006
5453,old_age_65_plus,1.5558652137
5453,working_age_15_64,17.2120754505
5453,young_0_14,5.1804087245
5454,old_age_65_plus,0.0882326793
5454,working_age_15_64,1.3984998702
5454,young_0_14,0.6936180390
5455,old_age_65_plus,5.8868459004
5455,working_age_15_64,60.0996170252
5455,young_0_14,24.1223684944
5456,old_age_65_plus,0.5742799371
5456,working_age_15_64,4.9314632540
5456,young_0_14,1.7841554517
5457,old_age_65_plus,0.4039898847
5457,working_age_15_64,4.4731140335
5457,young_0_14,1.7046802596
5458,old_age_65_plus,3.6617666841
5458,working_age_15_64,47.1511012318
5458,young_0_14,15.1029828852
5459,old_age_65_plus,0.2973245150
5459,working_age_15_64,3.2038358431
5459,young_0_14,0.9943615708
5460,old_age_65_plus,0.3630182249
5460,working_age_15_64,3.9389218666
5460,young_0_14,1.8980858749
5461,old_age_65_plus,0.2819128204
5461,working_age_15_64,2.7429767740
5461,young_0_14,0.9167282069
5462,old_age_65_plus,0.4003415358
5462,working_age_15_64,4.4220442331
5462,young_0_14,1.8105834140
5463,old_age_65_plus,2.6412058365
5463,working_age_15_64,23.4130268100
5463,young_0_14,8.3783839349
5464,old_age_65_plus,0.4623095047
5464,working_age_15_64,4.6442019799
5464,young_0_14,1.8349480874
5465,old_age_65_plus,0.1845498698
5465,working_age_15_64,1.8349731590
5465,young_0_14,0.6478292015
5466,old_age_65_plus,2.6198652548
5466,working_age_15_64,31.0864991030
5466,young_0_14,15.4370227396
5467,old_age_65_plus,0.9085136629
5467,working_age_15_64,12.2647094411
5467,young_0_14,7.4306297032
5468,old_age_65_plus,0.8245831455
5468,working_age_15_64,9.6058471822
5468,young_0_14,4.9712537782
5469,old_age_65_plus,0.9939649382
5469,working_age_15_64,10.6706226777
5469,young_0_14,3.9645659637
5470,old_age_65_plus,0.1833083984
5470,working_age_15_64,1.6484191804
5470,young_0_14,0.6074055698
5471,old_age_65_plus,0.8987918334
5471,working_age_15_64,6.8479545718
5471,young_0_14,1.4022804549
5472,old_age_65_plus,0.3355992394
5472,working_age_15_64,3.7690601721
5472,young_0_14,1.6078733978
5473,old_age_65_plus,1.1853554331
5473,working_age_15_64,12.0447189892
5473,young_0_14,4.8013168351
5474,old_age_65_plus,0.2441260992
5474,working_age_15_64,3.2238691789
5474,young_0_14,1.0313094934
5475,old_age_65_plus,2.5579115092
5475,working_age_15_64,22.8615418125
5475,young_0_14,8.2158847142
5476,old_age_65_plus,0.5059419585
5476,working_age_15_64,5.9800786719
5476,young_0_14,2.5480293610
5477,old_age_65_plus,5.6089324308
5477,working_age_15_64,65.5596075149
5477,young_0_14,25.2228723022
5478,old_age_65_plus,0.2515714055
5478,working_age_15_64,2.5688267339
5478,young_0_14,1.1087134513
5479,old_age_65_plus,1.0054320784
5479,working_age_15_64,13.0862525189
5479,young_0_14,4.3868376178
5480,old_age_65_plus,0.8523697300
5480,working_age_15_64,9.0149031827
5480,young_0_14,3.9325539044
5481,old_age_65_plus,0.0562137395
5481,working_age_15_64,0.6049538803
5481,young_0_14,0.1652341799
5482,old_age_65_plus,0.3145134002
5482,working_age_15_64,2.9101759512
5482,young_0_14,1.1731939665
5483,old_age_65_plus,0.5459464728
5483,working_age_15_64,4.2749614741
5483,young_0_14,1.6893049290
5484,old_age_65_plus,0.5743305797
5484,working_age_15_64,6.4808262022
5484,young_0_14,3.1042064143
5485,old_age_65_plus,2.1194980489
5485,working_age_15_64,24.2490263005
5485,young_0_14,9.7860245284
5486,old_age_65_plus,0.0869854694
5486,working_age_15_64,0.8736474711
5486,young_0_14,0.3529346005
5487,old_age_65_plus,2.9249684918
5487,working_age_15_64,26.3800154662
5487,young_0_14,7.2416638974
5488,old_age_65_plus,1.2050872435
5488,working_age_15_64,11.9090961986
5488,young_0_14,4.7788733597
5489,old_age_65_plus,0.2246721792
5489,working_age_15_64,2.2414165657
5489,young_0_14,0.9803496917
5490,old_age_65_plus,0.8044746993
5490,working_age_15_64,12.5249946930
5490,young_0_14,3.5778329312
5491,old_age_65_plus,0.1232788750
5491,working_age_15_64,1.1813727133
5491,young_0_14,0.3934087164
5492,old_age_65_plus,0.2531207445
5492,working_age_15_64,5.5611639182
5492,young_0_14,4.2133256945
5493,old_age_65_plus,1.9538042140
5493,working_age_15_64,21.2998456620
5493,young_0_14,5.5504908182
5494,old_age_65_plus,0.0415540966
5494,working_age_15_64,0.2510093993
5494,young_0_14,0.0328994431
5495,old_age_65_plus,2.0944758485
5495,working_age_15_64,28.3915061608
5495,young_0_14,9.8321629984
5496,old_age_65_plus,0.3608432436
5496,working_age_15_64,4.4862413611
5496,young_0_14,2.5477152676
5497,old_age_65_plus,0.1896009555
5497,working_age_15_64,1.8888176351
5497,young_0_14,0.6492588940
5498,old_age_65_plus,0.7778991745
5498,working_age_15_64,10.6085304488
5498,young_0_14,6.3716758062
5499,old_age_65_plus,0.2053530305
5499,working_age_15_64,2.1638105502
5499,young_0_14,1.0239721022
5500,old_age_65_plus,0.0769294906
5500,working_age_15_64,0.6008992887
5500,young_0_14,0.2298032027
5501,old_age_65_plus,4.9051391249
5501,working_age_15_64,51.5307627225
5501,young_0_14,29.3932821019
5502,old_age_65_plus,4.8890179169
5502,working_age_15_64,109.7328766573
5502,young_0_14,84.6961707231
5503,old_age_65_plus,0.1454175656
5503,working_age_15_64,1.4598311133
5503,young_0_14,0.5736736504
5504,old_age_65_plus,1.2625813285
5504,working_age_15_64,22.2191225984
5504,young_0_14,4.1418880680
5505,old_age_65_plus,1.1779992230
5505,working_age_15_64,14.4125664950
5505,young_0_14,6.3672098752
5506,old_age_65_plus,0.2007923949
5506,working_age_15_64,2.2687405814
5506,young_0_14,0.9105971403
5507,old_age_65_plus,0.6919971337
5507,working_age_15_64,8.9758438282
5507,young_0_14,2.8377621877
5508,old_age_65_plus,0.1822161669
5508,working_age_15_64,1.8524424396
5508,young_0_14,0.7491222407
5509,old_age_65_plus,2.0127559453
5509,working_age_15_64,20.3322936757
5509,young_0_14,8.2137845014
5510,old_age_65_plus,0.5355763159
5510,working_age_15_64,5.0280218157
5510,young_0_14,1.8506494190
5511,old_age_65_plus,0.0882720606
5511,working_age_15_64,0.8947062708
5511,young_0_14,0.3351699220
5512,old_age_65_plus,0.0235692138
5512,working_age_15_64,0.0520302092
5512,young_0_14,0.0169865939
5513,old_age_65_plus,0.1972463335
5513,working_age_15_64,2.2245086315
5513,young_0_14,0.8417438177
5514,old_age_65_plus,0.6122412468
5514,working_age_15_64,8.1018618669
5514,young_0_14,2.4611882421
5515,old_age_65_plus,0.2162895381
5515,working_age_15_64,2.5965457549
5515,young_0_14,1.4507237564
5516,old_age_65_plus,0.5784064530
5516,working_age_15_64,4.8415028970
5516,young_0_14,1.4806250003
5517,old_age_65_plus,0.1025374020
5517,working_age_15_64,1.0747571857
5517,young_0_14,0.5334216883
5518,old_age_65_plus,0.1064177535
5518,working_age_15_64,0.9837056884
5518,young_0_14,0.3740134271
5519,old_age_65_plus,0.5260170892
5519,working_age_15_64,2.7655538139
5519,young_0_14,0.7004278699
5520,old_age_65_plus,2.7790881063
5520,working_age_15_64,34.1224841044
5520,young_0_14,11.8666280243
5521,old_age_65_plus,0.0191966973
5521,working_age_15_64,0.2291055477
5521,young_0_14,0.0552855566
5522,old_age_65_plus,2.4997329959
5522,working_age_15_64,25.2246372782
5522,young_0_14,9.8217833039
5523,old_age_65_plus,0.2026940443
5523,working_age_15_64,2.4259461616
5523,young_0_14,1.2354601289
5524,old_age_65_plus,0.3830244920
5524,working_age_15_64,6.1286849571
5524,young_0_14,1.8179059360
5525,old_age_65_plus,5.7202735385
5525,working_age_15_64,30.3541876923
5525,young_0_14,7.4105655998
5526,old_age_65_plus,3.4243463792
5526,working_age_15_64,40.9697903362
5526,young_0_14,24.7239591207
5527,old_age_65_plus,1.0518565444
5527,working_age_15_64,12.2103159332
5527,young_0_14,5.0595574533
5528,old_age_65_plus,0.1619093940
5528,working_age_15_64,1.9410333654
5528,young_0_14,0.8907300235
5529,old_age_65_plus,1.0803682531
5529,working_age_15_64,15.3757332191
5529,young_0_14,5.0945371693
5530,old_age_65_plus,0.8384609891
5530,working_age_15_64,11.0063967747
5530,young_0_14,6.4445011354
5531,old_age_65_plus,1.8675975063
5531,working_age_15_64,19.6572110415
5531,young_0_14,6.3023874578
5532,old_age_65_plus,0.0209145225
5532,working_age_15_64,0.2855015467
5532,young_0_14,0.1760440385
5533,old_age_65_plus,0.7610262429
5533,working_age_15_64,6.2403918505
5533,young_0_14,1.9949485185
5534,old_age_65_plus,1.2394526879
5534,working_age_15_64,11.5580278195
5534,young_0_14,3.8887608254
5535,old_age_65_plus,0.1603895237
5535,working_age_15_64,1.7366292085
5535,young_0_14,0.7211385554
5536,old_age_65_plus,0.7840645613
5536,working_age_15_64,6.6477688452
5536,young_0_14,2.0844158413
5537,old_age_65_plus,0.0085261334
5537,working_age_15_64,0.0958278548
5537,young_0_14,0.0238761883
5538,old_age_65_plus,0.1148340217
5538,working_age_15_64,0.9817632278
5538,young_0_14,0.3951080880
5539,old_age_65_plus,2.7398292468
5539,working_age_15_64,30.4262376247
5539,young_0_14,13.5296407638
5540,old_age_65_plus,0.1498646781
5540,working_age_15_64,1.7522481807
5540,young_0_14,0.6231078148
5541,old_age_65_plus,1.7734563862
5541,working_age_15_64,23.2306662011
5541,young_0_14,14.0052742107
5542,old_age_65_plus,7.3866357663
5542,working_age_15_64,106.1748880400
5542,young_0_14,44.1302184385
5543,old_age_65_plus,0.3083063686
5543,working_age_15_64,2.4539338178
5543,young_0_14,0.9464308898
5544,old_age_65_plus,0.4930271821
5544,working_age_15_64,4.9183837920
5544,young_0_14,2.1325649910
5545,old_age_65_plus,0.0879490153
5545,working_age_15_64,0.9210399233
5545,young_0_14,0.2789133058
5546,old_age_65_plus,0.7875988942
5546,working_age_15_64,7.8794614000
5546,young_0_14,3.0506132696
5547,old_age_65_plus,0.0594523216
5547,working_age_15_64,0.8119836466
5547,young_0_14,0.5007655332
5548,old_age_65_plus,0.2704981734
5548,working_age_15_64,3.0299365607
5548,young_0_14,1.2258527494
5549,old_age_65_plus,0.2201158271
5549,working_age_15_64,2.1453178725
5549,young_0_14,0.6164436762
5550,old_age_65_plus,0.1940572867
5550,working_age_15_64,2.1047048068
5550,young_0_14,0.8210586163
5551,old_age_65_plus,4.2826051673
5551,working_age_15_64,48.7877856833
5551,young_0_14,14.2958100734
5552,old_age_65_plus,0.4353975559
5552,working_age_15_64,4.5963329747
5552,young_0_14,2.0167079287
5553,old_age_65_plus,0.4618413952
5553,working_age_15_64,4.7212978145
5553,young_0_14,1.9021137783
5554,old_age_65_plus,11.1562758517
5554,working_age_15_64,148.8736076801
5554,young_0_14,89.3618893111
5555,old_age_65_plus,0.9742805687
5555,working_age_15_64,10.0356980872
5555,young_0_14,4.0400616770
5556,old_age_65_plus,0.7261315163
5556,working_age_15_64,6.0174929947
5556,young_0_14,2.5318683358
5557,old_age_65_plus,1.0817439168
5557,working_age_15_64,9.8914246543
5557,young_0_14,3.5367389178
5558,old_age_65_plus,2.9548677681
5558,working_age_15_64,42.6811020740
5558,young_0_14,14.0909138594
5559,old_age_65_plus,0.7062900886
5559,working_age_15_64,6.4867887874
5559,young_0_14,2.2387957391
5560,old_age_65_plus,1.6114370334
5560,working_age_15_64,18.2601969216
5560,young_0_14,5.2949925672
5561,old_age_65_plus,6.3125565779
5561,working_age_15_64,142.2844020003
5561,young_0_14,110.3442033246
5562,old_age_65_plus,1.2496564571
5562,working_age_15_64,14.7592195864
5562,young_0_14,4.0384357463
5563,old_age_65_plus,0.2337131213
5563,working_age_15_64,2.7274854768
5563,young_0_14,1.2990300506
5564,old_age_65_plus,2.8725281514
5564,working_age_15_64,32.9498371028
5564,young_0_14,9.5484385337
5565,old_age_65_plus,0.6348011554
5565,working_age_15_64,6.7150364087
5565,young_0_14,2.5522661265
5566,old_age_65_plus,0.1894473235
5566,working_age_15_64,1.6153405494
5566,young_0_14,0.6115849947
5567,old_age_65_plus,0.1863109104
5567,working_age_15_64,2.8562002074
5567,young_0_14,1.7302424375
5568,old_age_65_plus,0.3406562613
5568,working_age_15_64,3.3239162354
5568,young_0_14,1.2802397822
5569,old_age_65_plus,0.1746359735
5569,working_age_15_64,1.8123749141
5569,young_0_14,0.6892518677
5570,old_age_65_plus,0.1040370615
5570,working_age_15_64,0.9076345324
5570,young_0_14,0.3217527643
5571,old_age_65_plus,0.2842330034
5571,working_age_15_64,3.3954318883
5571,young_0_14,0.9734742552
5572,old_age_65_plus,2.2253814901
5572,working_age_15_64,26.2097957199
5572,young_0_14,11.0757354818
5573,old_age_65_plus,0.0863088906
5573,working_age_15_64,0.8433709734
5573,young_0_14,0.2863158798
5574,old_age_65_plus,0.0000000000
5574,working_age_15_64,0.0000000000
5574,young_0_14,0.0000000000
5575,old_age_65_plus,0.5064069440
5575,working_age_15_64,4.7993986120
5575,young_0_14,1.8236179094
5576,old_age_65_plus,0.0885480740
5576,working_age_15_64,0.8366326551
5576,young_0_14,0.3182270085
5577,old_age_65_plus,0.4534855689
5577,working_age_15_64,4.2848948466
5577,young_0_14,1.5003748520
5578,old_age_65_plus,3.8553139654
5578,working_age_15_64,32.7889541616
5578,young_0_14,9.0484255541
5579,old_age_65_plus,6.8160724744
5579,working_age_15_64,90.7242774661
5579,young_0_14,54.3628428362
5580,old_age_65_plus,0.2921523533
5580,working_age_15_64,3.5662334114
5580,young_0_14,1.3645081934
5581,old_age_65_plus,0.3815736915
5581,working_age_15_64,4.3667926402
5581,young_0_14,2.1286196110
5582,old_age_65_plus,0.1884125694
5582,working_age_15_64,1.8186411359
5582,young_0_14,0.7086099238
5583,old_age_65_plus,0.0455331720
5583,working_age_15_64,0.4441383765
5583,young_0_14,0.1631592367
5584,old_age_65_plus,1.5552545880
5584,working_age_15_64,20.9787407952
5584,young_0_14,7.4543752593
5585,old_age_65_plus,1.9582608172
5585,working_age_15_64,15.3492833111
5585,young_0_14,5.4998806243
5586,old_age_65_plus,0.2738404795
5586,working_age_15_64,3.1766514326
5586,young_0_14,1.6523242737
5587,old_age_65_plus,0.5343701010
5587,working_age_15_64,6.0799006609
5587,young_0_14,2.4594075760
5588,old_age_65_plus,1.6184771089
5588,working_age_15_64,17.3106373562
5588,young_0_14,6.5739939920
5589,old_age_65_plus,0.0961055198
5589,working_age_15_64,1.0982244874
5589,young_0_14,0.6152715944
5590,old_age_65_plus,0.3488204425
5590,working_age_15_64,3.8592773322
5590,young_0_14,1.5591029534
5591,old_age_65_plus,11.9707548619
5591,working_age_15_64,141.4321170391
5591,young_0_14,58.7718140137
5592,old_age_65_plus,0.3184727019
5592,working_age_15_64,3.6087972963
5592,young_0_14,1.4567745677
5593,old_age_65_plus,0.0344381524
5593,working_age_15_64,0.3994548199
5593,young_0_14,0.1126350315
5594,old_age_65_plus,0.8534395965
5594,working_age_15_64,7.3532131905
5594,young_0_14,2.0186648469
5595,old_age_65_plus,0.6222979376
5595,working_age_15_64,7.8554546572
5595,young_0_14,4.3691043184
5596,old_age_65_plus,0.1903750110
5596,working_age_15_64,1.9334537905
5596,young_0_14,0.3055815932
5597,old_age_65_plus,0.9694606779
5597,working_age_15_64,13.4251635829
5597,young_0_14,4.6712422261
5598,old_age_65_plus,0.9703592738
5598,working_age_15_64,16.4365691368
5598,young_0_14,4.0158589941
5599,old_age_65_plus,0.9229480366
5599,working_age_15_64,10.7487074804
5599,young_0_14,5.4836201165
5600,old_age_65_plus,2.1621023263
5600,working_age_15_64,26.3728093698
5600,young_0_14,9.9763057263
5601,old_age_65_plus,0.0429302454
5601,working_age_15_64,0.3926709120
5601,young_0_14,0.1182747447
5602,old_age_65_plus,0.0295068926
5602,working_age_15_64,0.3375815621
5602,young_0_14,0.1168405373
5603,old_age_65_plus,30.3486398515
5603,working_age_15_64,371.5355336154
5603,young_0_14,144.6596550817
5604,old_age_65_plus,0.6512729958
5604,working_age_15_64,3.5215917414
5604,young_0_14,1.8984004922
5605,old_age_65_plus,0.0387957087
5605,working_age_15_64,0.3292607545
5605,young_0_14,0.1037766288
5606,old_age_65_plus,0.1266867782
5606,working_age_15_64,1.0811843895
5606,young_0_14,0.3938034294
5607,old_age_65_plus,0.7599530869
5607,working_age_15_64,7.6641310647
5607,young_0_14,2.5565448287
5608,old_age_65_plus,0.3085820800
5608,working_age_15_64,5.5870504812
5608,young_0_14,3.8531501573
5609,old_age_65_plus,0.3245052125
5609,working_age_15_64,2.7545637055
5609,young_0_14,1.1703554587
5610,old_age_65_plus,2.1266134661
5610,working_age_15_64,30.9291832389
5610,young_0_14,10.2922466633
5611,old_age_65_plus,1.7135173007
5611,working_age_15_64,17.2114893273
5611,young_0_14,6.8427440482
5612,old_age_65_plus,0.0961965558
5612,working_age_15_64,0.6339041947
5612,young_0_14,0.1918055045
5613,old_age_65_plus,1.0346454706
5613,working_age_15_64,12.8573085004
5613,young_0_14,3.4242188518
5614,old_age_65_plus,7.7298293072
5614,working_age_15_64,83.4616200076
5614,young_0_14,30.0384185419
5615,old_age_65_plus,0.1938819514
5615,working_age_15_64,2.1821602308
5615,young_0_14,1.0920108254
5616,old_age_65_plus,1.4450382326
5616,working_age_15_64,14.2393823323
5616,young_0_14,5.3320819089
5617,old_age_65_plus,0.0750066235
5617,working_age_15_64,0.9181207422
5617,young_0_14,0.3833318561
5618,old_age_65_plus,0.0510498646
5618,working_age_15_64,0.5665706096
5618,young_0_14,0.1644839070
5619,old_age_65_plus,0.7484985014
5619,working_age_15_64,10.5122800041
5619,young_0_14,6.6894581879
5620,old_age_65_plus,2.4479934351
5620,working_age_15_64,21.7454161611
5620,young_0_14,7.7739107336
5621,old_age_65_plus,0.8945797756
5621,working_age_15_64,10.5060384477
5621,young_0_14,4.3562813359
5622,old_age_65_plus,0.6898957604
5622,working_age_15_64,8.8091932382
5622,young_0_14,5.2117720551
5623,old_age_65_plus,0.0456632034
5623,working_age_15_64,0.6067146207
5623,young_0_14,0.2100586495
5624,old_age_65_plus,0.1448836097
5624,working_age_15_64,1.2931666363
5624,young_0_14,0.5406060428
5625,old_age_65_plus,0.3960882379
5625,working_age_15_64,5.0914049370
5625,young_0_14,2.9979232427
5626,old_age_65_plus,3.1921550952
5626,working_age_15_64,39.3817529746
5626,young_0_14,11.5253907005
5627,old_age_65_plus,0.6591215199
5627,working_age_15_64,7.1686147258
5627,young_0_14,2.8880926799
5628,old_age_65_plus,5.0507773474
5628,working_age_15_64,51.2162177329
5628,young_0_14,21.1763641130
5629,old_age_65_plus,1.9847796597
5629,working_age_15_64,23.5184055243
5629,young_0_14,8.1013313973
5630,old_age_65_plus,0.2133649348
5630,working_age_15_64,1.9477002970
5630,young_0_14,0.6926165714
5631,old_age_65_plus,0.2081698724
5631,working_age_15_64,1.9577116654
5631,young_0_14,0.6862527723
5632,old_age_65_plus,0.3861327584
5632,working_age_15_64,3.7104255655
5632,young_0_14,1.4953167518
5633,old_age_65_plus,0.9921414042
5633,working_age_15_64,12.9767751962
5633,young_0_14,7.6456139334
5634,old_age_65_plus,2.1484199449
5634,working_age_15_64,21.9736227053
5634,young_0_14,8.8534831536
5635,old_age_65_plus,0.5980303982
5635,working_age_15_64,6.1649307886
5635,young_0_14,2.5247213366
5636,old_age_65_plus,0.1274023309
5636,working_age_15_64,1.0962650305
5636,young_0_14,0.4505297042
5637,old_age_65_plus,13.4515317198
5637,working_age_15_64,148.6841773347
5637,young_0_14,58.8633650306
5638,old_age_65_plus,1.0429465203
5638,working_age_15_64,9.2505774080
5638,young_0_14,3.2896766982
5639,old_age_65_plus,0.0632833805
5639,working_age_15_64,0.8267044176
5639,young_0_14,0.4860294503
5640,old_age_65_plus,0.0578790578
5640,working_age_15_64,0.6634439784
5640,young_0_14,0.2115632985
5641,old_age_65_plus,1.0307027137
5641,working_age_15_64,10.9092374721
5641,young_0_14,4.6311440450
5642,old_age_65_plus,0.0657550562
5642,working_age_15_64,0.9352004712
5642,young_0_14,0.3106604218
5643,old_age_65_plus,0.0752564945
5643,working_age_15_64,1.0268558730
5643,young_0_14,0.6329358239
5644,old_age_65_plus,0.2027788797
5644,working_age_15_64,2.4180325168
5644,young_0_14,1.2023369063
5645,old_age_65_plus,0.1186194380
5645,working_age_15_64,1.2628536404
5645,young_0_14,0.5862036090
5646,old_age_65_plus,0.0677893698
5646,working_age_15_64,0.7160585122
5646,young_0_14,0.2460663561
5647,old_age_65_plus,0.2377848548
5647,working_age_15_64,2.6028017230
5647,young_0_14,1.1013797847
5648,old_age_65_plus,0.2690902782
5648,working_age_15_64,2.8862278078
5648,young_0_14,1.2085289149
5649,old_age_65_plus,0.1452473252
5649,working_age_15_64,1.3094531685
5649,young_0_14,0.4914173727
5650,old_age_65_plus,0.1580715290
5650,working_age_15_64,1.8949401244
5650,young_0_14,0.7771787708
5651,old_age_65_plus,0.1610638448
5651,working_age_15_64,2.1060172372
5651,young_0_14,0.8053394825
5652,old_age_65_plus,2.5323123266
5652,working_age_15_64,26.0856586602
5652,young_0_14,11.8742836418
5653,old_age_65_plus,1.7350373290
5653,working_age_15_64,7.7061193640
5653,young_0_14,3.1476277715
5654,old_age_65_plus,0.1963168473
5654,working_age_15_64,2.1447396178
5654,young_0_14,1.1191550035
5655,old_age_65_plus,0.3427919664
5655,working_age_15_64,4.6792666614
5655,young_0_14,2.8852905706
5656,old_age_65_plus,1.6237001257
5656,working_age_15_64,26.3373090003
5656,young_0_14,6.2651948670
5657,old_age_65_plus,0.1386709069
5657,working_age_15_64,1.4244953516
5657,young_0_14,0.7560442488
5658,old_age_65_plus,1.0248820852
5658,working_age_15_64,17.4619678170
5658,young_0_14,4.0945009456
5659,old_age_65_plus,0.2453017962
5659,working_age_15_64,2.5163531227
5659,young_0_14,1.0016707289
5660,old_age_65_plus,1.7072214691
5660,working_age_15_64,21.7364872411
5660,young_0_14,11.6178597692
5661,old_age_65_plus,0.3963098458
5661,working_age_15_64,4.2137154937
5661,young_0_14,1.9911234262
5662,old_age_65_plus,0.0050535852
5662,working_age_15_64,0.0311896300
5662,young_0_14,0.0127492010
5663,old_age_65_plus,0.2502338246
5663,working_age_15_64,2.4593712741
5663,young_0_14,1.0802597283
5664,old_age_65_plus,0.9684633931
5664,working_age_15_64,12.5897094153
5664,young_0_14,3.7807491386
5665,old_age_65_plus,3.0820878769
5665,working_age_15_64,41.8650454816
5665,young_0_14,25.6681789287
5666,old_age_65_plus,0.0641313365
5666,working_age_15_64,0.6559858033
5666,young_0_14,0.2643063040
5667,old_age_65_plus,0.1014969240
5667,working_age_15_64,1.4145463182
5667,young_0_14,0.7657269868
5668,old_age_65_plus,1.4161636509
5668,working_age_15_64,14.5957013643
5668,young_0_14,6.0202839444
5669,old_age_65_plus,0.0178363338
5669,working_age_15_64,0.2157723308
5669,young_0_14,0.0550673662
5670,old_age_65_plus,0.0643213217
5670,working_age_15_64,0.8652118229
5670,young_0_14,0.5317775235
5671,old_age_65_plus,0.0880105404
5671,working_age_15_64,0.8986109055
5671,young_0_14,0.4801199997
5672,old_age_65_plus,0.2038122267
5672,working_age_15_64,1.7667614222
5672,young_0_14,0.8480817294
5673,old_age_65_plus,2.1663555219
5673,working_age_15_64,23.2663784623
5673,young_0_14,10.4220898151
5674,old_age_65_plus,1.7468540068
5674,working_age_15_64,18.5511743415
5674,young_0_14,6.9439881219
5675,old_age_65_plus,0.0305834826
5675,working_age_15_64,0.4362037127
5675,young_0_14,0.1471530587
5676,old_age_65_plus,0.3214800153
5676,working_age_15_64,6.0548948273
5676,young_0_14,1.0342933163
5677,old_age_65_plus,0.1483438083
5677,working_age_15_64,1.6109588998
5677,young_0_14,0.4979447795
5678,old_age_65_plus,0.0839559378
5678,working_age_15_64,0.7625415029
5678,young_0_14,0.2840609256
5679,old_age_65_plus,0.5855914223
5679,working_age_15_64,4.7582897925
5679,young_0_14,1.7870831050
5680,old_age_65_plus,0.0189857537
5680,working_age_15_64,0.1395183844
5680,young_0_14,0.0244373867
5681,old_age_65_plus,0.2188075295
5681,working_age_15_64,3.4629853386
5681,young_0_14,0.9283887685
5682,old_age_65_plus,0.1950915148
5682,working_age_15_64,2.2394233749
5682,young_0_14,1.2759737958
5683,old_age_65_plus,0.0703323122
5683,working_age_15_64,0.8028864688
5683,young_0_14,0.4385275796
5684,old_age_65_plus,0.0343469525
5684,working_age_15_64,0.3610840959
5684,young_0_14,0.1359170175
5685,old_age_65_plus,0.0963432230
5685,working_age_15_64,0.9415268172
5685,young_0_14,0.3293590283
5686,old_age_65_plus,0.0779370562
5686,working_age_15_64,0.7971946541
5686,young_0_14,0.3212016495
5687,old_age_65_plus,0.4535189384
5687,working_age_15_64,5.0207895464
5687,young_0_14,1.2789929647
5688,old_age_65_plus,0.5041750987
5688,working_age_15_64,4.3080495250
5688,young_0_14,2.1276064506
5689,old_age_65_plus,4.8763294318
5689,working_age_15_64,43.4728398398
5689,young_0_14,15.1080521215
5690,old_age_65_plus,0.1437181877
5690,working_age_15_64,1.4826584612
5690,young_0_14,0.6041083562
5691,old_age_65_plus,0.1220323336
5691,working_age_15_64,1.4518030223
5691,young_0_14,0.7716189984
5692,old_age_65_plus,0.4422442744
5692,working_age_15_64,4.5210505596
5692,young_0_14,1.8039289076
5693,old_age_65_plus,0.9834033193
5693,working_age_15_64,9.8652061039
5693,young_0_14,3.9443739504
5694,old_age_65_plus,1.5093694497
5694,working_age_15_64,13.3870690465
5694,young_0_14,4.7955296189
5695,old_age_65_plus,0.6481486681
5695,working_age_15_64,3.9056258160
5695,young_0_14,1.3311928536
5696,old_age_65_plus,0.0433933939
5696,working_age_15_64,0.5915265549
5696,young_0_14,0.1895834084
5697,old_age_65_plus,0.1362324473
5697,working_age_15_64,1.3029511990
5697,young_0_14,0.5682745996
5698,old_age_65_plus,0.2368264360
5698,working_age_15_64,2.4654578352
5698,young_0_14,1.0818885908
5699,old_age_65_plus,3.3361099059
5699,working_age_15_64,48.7397955519
5699,young_0_14,16.2954028253
5700,old_age_65_plus,0.1063110695
5700,working_age_15_64,1.1029278068
5700,young_0_14,0.3602801925
5701,old_age_65_plus,34.2532678368
5701,working_age_15_64,401.4501209897
5701,young_0_14,161.6057968195
5702,old_age_65_plus,1.9527919645
5702,working_age_15_64,22.6764051924
5702,young_0_14,5.6749781256
5703,old_age_65_plus,11.1644040999
5703,working_age_15_64,125.0562044540
5703,young_0_14,49.6587455806
5704,old_age_65_plus,0.1162163259
5704,working_age_15_64,1.1665411199
5704,young_0_14,0.4577680642
5705,old_age_65_plus,0.0679561295
5705,working_age_15_64,0.6610272513
5705,young_0_14,0.2465278757
5706,old_age_65_plus,0.0493455017
5706,working_age_15_64,0.6492450004
5706,young_0_14,0.2626075186
5707,old_age_65_plus,1.2070420529
5707,working_age_15_64,11.3985764813
5707,young_0_14,4.1264996415
5708,old_age_65_plus,0.8029508614
5708,working_age_15_64,9.8970636777
5708,young_0_14,3.3080216197
5709,old_age_65_plus,2.7014605217
5709,working_age_15_64,27.6325532794
5709,young_0_14,11.1335669160
5710,old_age_65_plus,0.0590532952
5710,working_age_15_64,0.8064171542
5710,young_0_14,0.4973130850
5711,old_age_65_plus,0.1425315031
5711,working_age_15_64,1.6093951431
5711,young_0_14,0.4904686438
5712,old_age_65_plus,0.0900862642
5712,working_age_15_64,0.9431771906
5712,young_0_14,0.4223390834
5713,old_age_65_plus,1.1281797928
5713,working_age_15_64,12.8367044739
5713,young_0_14,4.6550964424
5714,old_age_65_plus,0.0654107631
5714,working_age_15_64,0.8928928822
5714,young_0_14,0.5505680386
5715,old_age_65_plus,0.0325776952
5715,working_age_15_64,0.3332101586
5715,young_0_14,0.1342550921
5716,old_age_65_plus,1.4694430074
5716,working_age_15_64,16.0846679751
5716,young_0_14,6.4371256355
5717,old_age_65_plus,4.3714458735
5717,working_age_15_64,44.6466629407
5717,young_0_14,14.3174878950
5718,old_age_65_plus,0.0552295797
5718,working_age_15_64,0.6682437453
5718,young_0_14,0.2873609788
5719,old_age_65_plus,0.0434352603
5719,working_age_15_64,0.4442795459
5719,young_0_14,0.1790077942
5720,old_age_65_plus,0.2458679128
5720,working_age_15_64,2.9866138063
5720,young_0_14,1.7317274306
5721,old_age_65_plus,0.0609273513
5721,working_age_15_64,0.5703873307
5721,young_0_14,0.1480439500
5722,old_age_65_plus,0.2039172816
5722,working_age_15_64,2.5039006323
5722,young_0_14,0.8642265163
5723,old_age_65_plus,15.0540880502
5723,working_age_15_64,175.9282078160
5723,young_0_14,71.1175103679
5724,old_age_65_plus,1.3596993340
5724,working_age_15_64,15.9069316534
5724,young_0_14,8.0643733847
5725,old_age_65_plus,0.2106507573
5725,working_age_15_64,1.6869782414
5725,young_0_14,1.0541106639
5726,old_age_65_plus,0.2153663221
5726,working_age_15_64,2.1291900976
5726,young_0_14,0.6221691356
5727,old_age_65_plus,0.4626576891
5727,working_age_15_64,6.3157262579
5727,young_0_14,3.8944287598
5728,old_age_65_plus,1.1285908888
5728,working_age_15_64,10.0280910677
5728,young_0_14,3.5855086260
5729,old_age_65_plus,8.2632710917
5729,working_age_15_64,96.6575942826
5729,young_0_14,39.1154630082
5730,old_age_65_plus,0.1671305474
5730,working_age_15_64,1.1353061721
5730,young_0_14,0.3531024361
5731,old_age_65_plus,0.0105862951
5731,working_age_15_64,0.0648586466
5731,young_0_14,0.0182422194
5732,old_age_65_plus,0.0617305126
5732,working_age_15_64,0.7211863501
5732,young_0_14,0.3857452711
5733,old_age_65_plus,0.7850998642
5733,working_age_15_64,9.1680404766
5733,young_0_14,3.7240412291
5734,old_age_65_plus,0.0000000000
5734,working_age_15_64,0.0000000000
5734,young_0_14,0.0000000000
5735,old_age_65_plus,0.1252038973
5735,working_age_15_64,1.0021104146
5735,young_0_14,0.4033300820
5736,old_age_65_plus,1.4367705858
5736,working_age_15_64,16.8240443710
5736,young_0_14,6.7525771318
5737,old_age_65_plus,0.0810624317
5737,working_age_15_64,0.7612200771
5737,young_0_14,0.1975933225
5738,old_age_65_plus,0.0000000000
5738,working_age_15_64,0.0000000000
5738,young_0_14,0.0000000000
5739,old_age_65_plus,0.0261502238
5739,working_age_15_64,0.3029086110
5739,young_0_14,0.0872854115
5740,old_age_65_plus,1.8762900429
5740,working_age_15_64,19.1988165644
5740,young_0_14,7.7270122689
5741,old_age_65_plus,0.0605261483
5741,working_age_15_64,0.6191100320
5741,young_0_14,0.2494497439
5742,old_age_65_plus,0.0142490686
5742,working_age_15_64,0.1047168163
5742,young_0_14,0.0183415441
5743,old_age_65_plus,0.1600901794
5743,working_age_15_64,1.8216155742
5743,young_0_14,0.6084843511
5744,old_age_65_plus,0.1080071244
5744,working_age_15_64,1.3284571660
5744,young_0_14,0.6619038599
5745,old_age_65_plus,20.0300905174
5745,working_age_15_64,234.3928135713
5745,young_0_14,94.8389280695
5746,old_age_65_plus,0.2006318818
5746,working_age_15_64,2.1982769039
5746,young_0_14,0.9731754407
5747,old_age_65_plus,2.1870840699
5747,working_age_15_64,22.3191402176
5747,young_0_14,8.9948618450
5748,old_age_65_plus,1.2228858244
5748,working_age_15_64,14.5695290799
5748,young_0_14,8.9195323918
5749,old_age_65_plus,0.3621168467
5749,working_age_15_64,3.7040166203
5749,young_0_14,1.4924046025
5750,old_age_65_plus,1.3841570620
5750,working_age_15_64,15.0036390177
5750,young_0_14,5.3455164882
5751,old_age_65_plus,4.8236273496
5751,working_age_15_64,43.0789427853
5751,young_0_14,15.4430479352
5752,old_age_65_plus,0.0229921779
5752,working_age_15_64,0.1689850274
5752,young_0_14,0.0295979460
5753,old_age_65_plus,0.9295137930
5753,working_age_15_64,9.6345021492
5753,young_0_14,3.8692544342
5754,old_age_65_plus,0.1146625232
5754,working_age_15_64,1.4013332222
5754,young_0_14,0.5634779350
5755,old_age_65_plus,0.1861818234
5755,working_age_15_64,2.1140913190
5755,young_0_14,1.0032555303
5756,old_age_65_plus,0.0922307805
5756,working_age_15_64,1.1462903329
5756,young_0_14,0.6258824688
5757,old_age_65_plus,0.2071456737
5757,working_age_15_64,1.5709305042
5757,young_0_14,0.6371873489
5758,old_age_65_plus,0.1702512299
5758,working_age_15_64,0.7964917985
5758,young_0_14,0.4553511633
5759,old_age_65_plus,1.7664347374
5759,working_age_15_64,24.0172979082
5759,young_0_14,14.8074926925
5760,old_age_65_plus,4.0915433445
5760,working_age_15_64,35.3777097454
5760,young_0_14,12.9732083343
5761,old_age_65_plus,0.0000000000
5761,working_age_15_64,0.0000000000
5761,young_0_14,0.0000000000
5762,old_age_65_plus,0.1155011030
5762,working_age_15_64,1.2049391808
5762,young_0_14,0.7515001549
5763,old_age_65_plus,0.0268185389
5763,working_age_15_64,0.1970931783
5763,young_0_14,0.0345204338
5764,old_age_65_plus,0.0016517865
5764,working_age_15_64,0.0079760444
5764,young_0_14,0.0033508910
5765,old_age_65_plus,0.0000000000
5765,working_age_15_64,0.0000000000
5765,young_0_14,0.0000000000
5766,old_age_65_plus,0.0091732572
5766,working_age_15_64,0.1282031522
5766,young_0_14,0.0416653702
5767,old_age_65_plus,0.0000000000
5767,working_age_15_64,0.0000000000
5767,young_0_14,0.0000000000
5768,old_age_65_plus,0.0409084724
5768,working_age_15_64,0.3672823613
5768,young_0_14,0.1026389174
5769,old_age_65_plus,0.0317683046
5769,working_age_15_64,0.3383815198
5769,young_0_14,0.1045083461
5770,old_age_65_plus,0.3557640164
5770,working_age_15_64,3.2225920297
5770,young_0_14,1.1340220438
5771,old_age_65_plus,6.0931797132
5771,working_age_15_64,69.8800174240
5771,young_0_14,28.2248098091
5772,old_age_65_plus,10.4040584922
5772,working_age_15_64,121.8002382556
5772,young_0_14,49.4282604511
5773,old_age_65_plus,0.0703817476
5773,working_age_15_64,0.7456923774
5773,young_0_14,0.2929546662
5774,old_age_65_plus,0.0000000000
5774,working_age_15_64,0.0000000000
5774,young_0_14,0.0000000000
5775,old_age_65_plus,0.1266967410
5775,working_age_15_64,1.3485122256
5775,young_0_14,0.5756733955
5776,old_age_65_plus,0.8133482385
5776,working_age_15_64,7.8485770547
5776,young_0_14,3.0815977410
5777,old_age_65_plus,0.1561151036
5777,working_age_15_64,1.5561153116
5777,young_0_14,0.5124911480
5778,old_age_65_plus,2.7285382580
5778,working_age_15_64,33.5036802292
5778,young_0_14,11.5638086796
5779,old_age_65_plus,3.1526837116
5779,working_age_15_64,27.9456082117
5779,young_0_14,10.0120881891
5780,old_age_65_plus,0.0983071756
5780,working_age_15_64,0.9250615868
5780,young_0_14,0.3580964885
5781,old_age_65_plus,0.6882930428
5781,working_age_15_64,7.0264063925
5781,young_0_14,2.8212221775
5782,old_age_65_plus,6.7320457388
5782,working_age_15_64,97.7200480192
5782,young_0_14,40.7207657606
5783,old_age_65_plus,0.5395524489
5783,working_age_15_64,5.1121055246
5783,young_0_14,2.5350324351
5784,old_age_65_plus,0.0271464128
5784,working_age_15_64,0.2776764650
5784,young_0_14,0.1118817434
5785,old_age_65_plus,0.0000000000
5785,working_age_15_64,0.0000000000
5785,young_0_14,0.0000000000
5786,old_age_65_plus,0.0000000000
5786,working_age_15_64,0.0000000000
5786,young_0_14,0.0000000000
5787,old_age_65_plus,2.5274478642
5787,working_age_15_64,14.4767322118
5787,young_0_14,2.8434536992
5788,old_age_65_plus,0.5769562419
5788,working_age_15_64,6.3979239208
5788,young_0_14,3.2557638558
5789,old_age_65_plus,0.0737612728
5789,working_age_15_64,0.9358339864
5789,young_0_14,0.4736500992
5790,old_age_65_plus,0.5024370675
5790,working_age_15_64,5.0830813660
5790,young_0_14,2.0153736471
5791,old_age_65_plus,0.0209098607
5791,working_age_15_64,0.1305118812
5791,young_0_14,0.0449874762
5792,old_age_65_plus,0.0398720747
5792,working_age_15_64,0.4078177791
5792,young_0_14,0.1643162183
5793,old_age_65_plus,0.6543620344
5793,working_age_15_64,6.7921981765
5793,young_0_14,2.7540212302
5794,old_age_65_plus,0.4376352530
5794,working_age_15_64,4.5783919055
5794,young_0_14,1.8178373458
5795,old_age_65_plus,0.4749247087
5795,working_age_15_64,4.8578826562
5795,young_0_14,1.9573140666
5796,old_age_65_plus,0.0255050539
5796,working_age_15_64,0.4089210010
5796,young_0_14,0.1473271972
5797,old_age_65_plus,0.1508242879
5797,working_age_15_64,1.6166298236
5797,young_0_14,0.5266913376
5798,old_age_65_plus,2.6033333979
5798,working_age_15_64,24.4882938359
5798,young_0_14,9.1669208857
5799,old_age_65_plus,0.0445438459
5799,working_age_15_64,0.4303954889
5799,young_0_14,0.1106785264
5800,old_age_65_plus,0.8963805878
5800,working_age_15_64,9.3056226783
5800,young_0_14,3.9288618048
5801,old_age_65_plus,0.0282080344
5801,working_age_15_64,0.2643425660
5801,young_0_14,0.0776434244
5802,old_age_65_plus,5.8848178521
5802,working_age_15_64,68.8028660351
5802,young_0_14,24.5456093778
5803,old_age_65_plus,0.2487833439
5803,working_age_15_64,1.5325261895
5803,young_0_14,0.3603750656
5804,old_age_65_plus,0.1532803300
5804,working_age_15_64,1.8821176849
5804,young_0_14,0.6496145688
5805,old_age_65_plus,3.9091921432
5805,working_age_15_64,39.6741447421
5805,young_0_14,16.1223645955
5806,old_age_65_plus,0.0693955641
5806,working_age_15_64,0.7340387977
5806,young_0_14,0.2651754105
5807,old_age_65_plus,0.0000000000
5807,working_age_15_64,0.0000000000
5807,young_0_14,0.0000000000
5808,old_age_65_plus,0.5099286771
5808,working_age_15_64,5.9017600110
5808,young_0_14,2.8778024134
5809,old_age_65_plus,2.8742898328
5809,working_age_15_64,32.5817932260
5809,young_0_14,11.2166389147
5810,old_age_65_plus,0.6183628858
5810,working_age_15_64,6.4349107803
5810,young_0_14,2.5974986886
5811,old_age_65_plus,0.0608675288
5811,working_age_15_64,0.6822058359
5811,young_0_14,0.3257129952
5812,old_age_65_plus,0.0424274313
5812,working_age_15_64,0.3992253589
5812,young_0_14,0.2023571525
5813,old_age_65_plus,0.0000000000
5813,working_age_15_64,0.0000000000
5813,young_0_14,0.0000000000
5814,old_age_65_plus,1.0413861535
5814,working_age_15_64,10.6520598382
5814,young_0_14,4.2918691337
5815,old_age_65_plus,3.7358099890
5815,working_age_15_64,43.2995196282
5815,young_0_14,17.4839902650
5816,old_age_65_plus,0.4847729945
5816,working_age_15_64,4.9606337510
5816,young_0_14,1.9354540929
5817,old_age_65_plus,0.5874075638
5817,working_age_15_64,6.0083944127
5817,young_0_14,2.4208695516
5818,old_age_65_plus,0.6908891681
5818,working_age_15_64,9.4075683294
5818,young_0_14,5.7948081545
5819,old_age_65_plus,0.0054939435
5819,working_age_15_64,0.0642827365
5819,young_0_14,0.0156886867
5820,old_age_65_plus,13.7547061423
5820,working_age_15_64,157.5810986874
5820,young_0_14,63.4661335736
5821,old_age_65_plus,0.1161809789
5821,working_age_15_64,0.7643371539
5821,young_0_14,0.2593176948
5822,old_age_65_plus,0.0705846717
5822,working_age_15_64,0.7219540109
5822,young_0_14,0.2908875346
5823,old_age_65_plus,0.9247459726
5823,working_age_15_64,9.4434446543
5823,young_0_14,3.8186265137
5824,old_age_65_plus,0.0651420944
5824,working_age_15_64,0.7881787103
5824,young_0_14,0.3389354078
5825,old_age_65_plus,0.0000000000
5825,working_age_15_64,0.0000000000
5825,young_0_14,0.0000000000
5826,old_age_65_plus,11.3586038835
5826,working_age_15_64,132.9084331989
5826,young_0_14,53.7860352993
5827,old_age_65_plus,3.3425059209
5827,working_age_15_64,29.7720751036
5827,young_0_14,10.7074951418
5828,old_age_65_plus,0.1823276799
5828,working_age_15_64,4.1492402442
5828,young_0_14,3.2317445725
5829,old_age_65_plus,8.0498315815
5829,working_age_15_64,75.5087370687
5829,young_0_14,30.4799441580
5830,old_age_65_plus,7.0986594726
5830,working_age_15_64,45.1652973875
5830,young_0_14,9.8620032430
5831,old_age_65_plus,0.6542477931
5831,working_age_15_64,6.9910846577
5831,young_0_14,3.0705416743
5832,old_age_65_plus,0.0864255018
5832,working_age_15_64,1.0497189923
5832,young_0_14,0.5641947887
5833,old_age_65_plus,0.1967099358
5833,working_age_15_64,1.7777731493
5833,young_0_14,0.7055469686
5834,old_age_65_plus,0.3729099430
5834,working_age_15_64,2.9702594285
5834,young_0_14,1.0093969708
5835,old_age_65_plus,0.0479749486
5835,working_age_15_64,0.5373651781
5835,young_0_14,0.1576167024
5836,old_age_65_plus,0.2043935223
5836,working_age_15_64,2.8320075450
5836,young_0_14,1.2348794250
5837,old_age_65_plus,0.5552480598
5837,working_age_15_64,5.0841729478
5837,young_0_14,1.9333810054
5838,old_age_65_plus,0.0000000000
5838,working_age_15_64,0.0000000000
5838,young_0_14,0.0000000000
5839,old_age_65_plus,0.0564110264
5839,working_age_15_64,0.6517943684
5839,young_0_14,0.3668154671
5840,old_age_65_plus,4.4898435969
5840,working_age_15_64,50.2428355748
5840,young_0_14,19.3458148097
5841,old_age_65_plus,0.4663142542
5841,working_age_15_64,4.7698363503
5841,young_0_14,1.9218400884
5842,old_age_65_plus,0.5746522156
5842,working_age_15_64,6.1021853313
5842,young_0_14,2.6489566788
5843,old_age_65_plus,2.6096825264
5843,working_age_15_64,30.2268449664
5843,young_0_14,8.7100889534
5844,old_age_65_plus,1.2109492523
5844,working_age_15_64,16.8615020252
5844,young_0_14,6.9431402043
5845,old_age_65_plus,1.1152065978
5845,working_age_15_64,12.9884287305
5845,young_0_14,5.2554663564
5846,old_age_65_plus,4.8083273023
5846,working_age_15_64,56.2628011704
5846,young_0_14,22.7687066793
5847,old_age_65_plus,0.0000000000
5847,working_age_15_64,0.0000000000
5847,young_0_14,0.0000000000
5848,old_age_65_plus,0.1775522354
5848,working_age_15_64,1.8161410978
5848,young_0_14,0.7317516990
5849,old_age_65_plus,0.4893801540
5849,working_age_15_64,4.4303425923
5849,young_0_14,1.2905353936
5850,old_age_65_plus,0.0380059779
5850,working_age_15_64,0.3887478570
5850,young_0_14,0.1566334427
5851,old_age_65_plus,0.0384427980
5851,working_age_15_64,0.5247969488
5851,young_0_14,0.3236023439
5852,old_age_65_plus,2.4454568505
5852,working_age_15_64,28.1581401930
5852,young_0_14,11.3391695569
5853,old_age_65_plus,0.2618640142
5853,working_age_15_64,2.7907893290
5853,young_0_14,1.5037000731
5854,old_age_65_plus,0.3396963824
5854,working_age_15_64,2.3590946198
5854,young_0_14,0.9677756187
5855,old_age_65_plus,0.2627186711
5855,working_age_15_64,2.5359707940
5855,young_0_14,0.7786956131
5856,old_age_65_plus,0.0493105636
5856,working_age_15_64,0.5043854574
5856,young_0_14,0.2032250888
5857,old_age_65_plus,0.1079512075
5857,working_age_15_64,1.4576722686
5857,young_0_14,0.2567712402
5858,old_age_65_plus,0.0000000000
5858,working_age_15_64,0.0000000000
5858,young_0_14,0.0000000000
5859,old_age_65_plus,1.9444765159
5859,working_age_15_64,22.5698942742
5859,young_0_14,9.1390505326
5860,old_age_65_plus,0.1098108690
5860,working_age_15_64,1.3132017376
5860,young_0_14,0.6910606404
5861,old_age_65_plus,5.3405674858
5861,working_age_15_64,62.5648892060
5861,young_0_14,25.4827097421
5862,old_age_65_plus,0.0000000000
5862,working_age_15_64,0.0000000000
5862,young_0_14,0.0000000000
5863,old_age_65_plus,31.7649345510
5863,working_age_15_64,371.6854624748
5863,young_0_14,150.4154665470
5864,old_age_65_plus,0.0793312315
5864,working_age_15_64,0.9978321018
5864,young_0_14,0.4914103691
5865,old_age_65_plus,0.0180433064
5865,working_age_15_64,0.2468430819
5865,young_0_14,0.1523169330
5866,old_age_65_plus,0.1031593699
5866,working_age_15_64,1.0551681649
5866,young_0_14,0.4251506245
5867,old_age_65_plus,1.2606093504
5867,working_age_15_64,12.8866092807
5867,young_0_14,5.1907832218
5868,old_age_65_plus,0.0423792048
5868,working_age_15_64,0.4334840234
5868,young_0_14,0.1746569178
5869,old_age_65_plus,0.2506380361
5869,working_age_15_64,2.5637043305
5869,young_0_14,1.0329559408
5870,old_age_65_plus,0.7649295568
5870,working_age_15_64,6.4035492428
5870,young_0_14,2.4334297383
5871,old_age_65_plus,0.1388127611
5871,working_age_15_64,1.3776989109
5871,young_0_14,0.4901418143
5872,old_age_65_plus,0.0147258286
5872,working_age_15_64,0.0853424669
5872,young_0_14,0.0370862851
5873,old_age_65_plus,0.1571071746
5873,working_age_15_64,1.6069829478
5873,young_0_14,0.6474781511
5874,old_age_65_plus,0.0559477625
5874,working_age_15_64,0.6997643586
5874,young_0_14,0.3378465734
5875,old_age_65_plus,0.7130791792
5875,working_age_15_64,6.5977916978
5875,young_0_14,2.6318796491
5876,old_age_65_plus,0.0000000000
5876,working_age_15_64,0.0000000000
5876,young_0_14,0.0000000000
5877,old_age_65_plus,0.0000000000
5877,working_age_15_64,0.0000000000
5877,young_0_14,0.0000000000
5878,old_age_65_plus,6.4656663614
5878,working_age_15_64,70.7001745757
5878,young_0_14,25.9413212161
5879,old_age_65_plus,0.2021987985
5879,working_age_15_64,2.8258722760
5879,young_0_14,0.9184056837
5880,old_age_65_plus,0.0961929327
5880,working_age_15_64,0.9289556404
5880,young_0_14,0.3524885210
5881,old_age_65_plus,0.1923640855
5881,working_age_15_64,1.9292209045
5881,young_0_14,0.7755719075
5882,old_age_65_plus,0.2506410382
5882,working_age_15_64,2.5637363009
5882,young_0_14,1.0329709537
5883,old_age_65_plus,0.1162661649
5883,working_age_15_64,1.2331404942
5883,young_0_14,0.4549054144
5884,old_age_65_plus,1.0763628231
5884,working_age_15_64,12.9827827704
5884,young_0_14,4.4854601345
5885,old_age_65_plus,0.6450392968
5885,working_age_15_64,6.4989901169
5885,young_0_14,2.6001876284
5886,old_age_65_plus,0.8330216870
5886,working_age_15_64,11.2989839001
5886,young_0_14,3.2945751152
5887,old_age_65_plus,0.0000000000
5887,working_age_15_64,0.0000000000
5887,young_0_14,0.0000000000
5888,old_age_65_plus,1.5970341079
5888,working_age_15_64,15.1181754321
5888,young_0_14,5.7363409251
5889,old_age_65_plus,5.0869768182
5889,working_age_15_64,44.5530496023
5889,young_0_14,11.5924626743
5890,old_age_65_plus,0.2931809472
5890,working_age_15_64,3.0695715323
5890,young_0_14,1.3654590379
5891,old_age_65_plus,0.0003778612
5891,working_age_15_64,0.0038492244
5891,young_0_14,0.0009439386
5892,old_age_65_plus,0.0458282470
5892,working_age_15_64,0.5544859571
5892,young_0_14,0.2384433434
5893,old_age_65_plus,0.0000000000
5893,working_age_15_64,0.0000000000
5893,young_0_14,0.0000000000
5894,old_age_65_plus,1.2507134329
5894,working_age_15_64,13.7918719098
5894,young_0_14,7.5558658192
5895,old_age_65_plus,0.1357633733
5895,working_age_15_64,1.2884698976
5895,young_0_14,0.3869118930
5896,old_age_65_plus,0.5122411675
5896,working_age_15_64,5.2953719283
5896,young_0_14,2.1343638548
5897,old_age_65_plus,0.4707887478
5897,working_age_15_64,2.2286991253
5897,young_0_14,0.4552534213
5898,old_age_65_plus,1.7414016667
5898,working_age_15_64,17.6675462145
5898,young_0_14,7.0762766330
5899,old_age_65_plus,0.0000000000
5899,working_age_15_64,0.0000000000
5899,young_0_14,0.0000000000
5900,old_age_65_plus,0.0000000000
5900,working_age_15_64,0.0000000000
5900,young_0_14,0.0000000000
5901,old_age_65_plus,0.0652939250
5901,working_age_15_64,0.8641470768
5901,young_0_14,0.4527706896
5902,old_age_65_plus,0.0000000000
5902,working_age_15_64,0.0000000000
5902,young_0_14,0.0000000000
5903,old_age_65_plus,3.4810675485
5903,working_age_15_64,40.7537609451
5903,young_0_14,16.5238774912
5904,old_age_65_plus,0.0000000000
5904,working_age_15_64,0.0000000000
5904,young_0_14,0.0000000000
5905,old_age_65_plus,0.0000000000
5905,working_age_15_64,0.0000000000
5905,young_0_14,0.0000000000
5906,old_age_65_plus,0.9935613014
5906,working_age_15_64,14.3607409392
5906,young_0_14,4.8112029447
5907,old_age_65_plus,2.8731081578
5907,working_age_15_64,41.8074009602
5907,young_0_14,17.4257757440
5908,old_age_65_plus,0.0931372924
5908,working_age_15_64,0.8729287833
5908,young_0_14,0.2946124312
5909,old_age_65_plus,1.2041867157
5909,working_age_15_64,14.4530959912
5909,young_0_14,5.8440127736
5910,old_age_65_plus,1.4497543188
5910,working_age_15_64,16.8297331156
5910,young_0_14,4.9308050326
5911,old_age_65_plus,0.4117903394
5911,working_age_15_64,4.9148809037
5911,young_0_14,2.1429310147
5912,old_age_65_plus,0.0000000000
5912,working_age_15_64,0.0000000000
5912,young_0_14,0.0000000000
5913,old_age_65_plus,3.6209004588
5913,working_age_15_64,42.2835145320
5913,young_0_14,17.1549979195
5914,old_age_65_plus,0.4850965977
5914,working_age_15_64,5.0241807895
5914,young_0_14,2.0771809719
5915,old_age_65_plus,2.3565288248
5915,working_age_15_64,28.1670743152
5915,young_0_14,9.9434264973
5916,old_age_65_plus,0.8046564250
5916,working_age_15_64,8.2710550679
5916,young_0_14,3.2938609360
5917,old_age_65_plus,0.0641349020
5917,working_age_15_64,0.6550925681
5917,young_0_14,0.3428186653
5918,old_age_65_plus,8.6103501394
5918,working_age_15_64,100.7506468296
5918,young_0_14,40.7722564340
5919,old_age_65_plus,0.0000000000
5919,working_age_15_64,0.0000000000
5919,young_0_14,0.0000000000
5920,old_age_65_plus,0.1269840887
5920,working_age_15_64,1.7746750480
5920,young_0_14,0.5767652518
5921,old_age_65_plus,0.0786271683
5921,working_age_15_64,1.0553022926
5921,young_0_14,0.6175078052
5922,old_age_65_plus,0.0387327311
5922,working_age_15_64,0.4686459303
5922,young_0_14,0.2015282949
5923,old_age_65_plus,11.0183097352
5923,working_age_15_64,69.7891941071
5923,young_0_14,15.1067405939
5924,old_age_65_plus,0.1892228455
5924,working_age_15_64,1.9355008714
5924,young_0_14,0.7798433173
5925,old_age_65_plus,4.6322069245
5925,working_age_15_64,53.7315259469
5925,young_0_14,15.5036004132
5926,old_age_65_plus,0.0775541762
5926,working_age_15_64,0.5117642700
5926,young_0_14,0.1416547133
5927,old_age_65_plus,0.0083250963
5927,working_age_15_64,0.0510079088
5927,young_0_14,0.0143485437
5928,old_age_65_plus,2.2417262923
5928,working_age_15_64,26.2307363749
5928,young_0_14,10.6151822209
5929,old_age_65_plus,5.6511222217
5929,working_age_15_64,65.8738831449
5929,young_0_14,26.5720142126
5930,old_age_65_plus,0.4903255170
5930,working_age_15_64,5.0154492632
5930,young_0_14,2.0208021998
5931,old_age_65_plus,0.0000340122
5931,working_age_15_64,0.0004441568
5931,young_0_14,0.0001800539
5932,old_age_65_plus,0.0000000000
5932,working_age_15_64,0.0000000000
5932,young_0_14,0.0000000000
5933,old_age_65_plus,7.4540833905
5933,working_age_15_64,87.2211313248
5933,young_0_14,35.2970684171
5934,old_age_65_plus,1.5257423961
5934,working_age_15_64,13.5167986042
5934,young_0_14,4.8283273128
5935,old_age_65_plus,2.5834584869
5935,working_age_15_64,16.3634565175
5935,young_0_14,3.5420720875
5936,old_age_65_plus,0.0000000000
5936,working_age_15_64,0.0000000000
5936,young_0_14,0.0000000000
5937,old_age_65_plus,0.0000000000
5937,working_age_15_64,0.0000000000
5937,young_0_14,0.0000000000
5938,old_age_65_plus,0.0024526343
5938,working_age_15_64,0.0142254151
5938,young_0_14,0.0061807136
5939,old_age_65_plus,0.0549732309
5939,working_age_15_64,0.6232041847
5939,young_0_14,0.3030221569
5940,old_age_65_plus,0.0000000000
5940,working_age_15_64,0.0000000000
5940,young_0_14,0.0000000000
5941,old_age_65_plus,0.8293001555
5941,working_age_15_64,8.4827053554
5941,young_0_14,3.4178096129
5942,old_age_65_plus,0.1537604558
5942,working_age_15_64,1.4642627896
5942,young_0_14,0.5287185453
5943,old_age_65_plus,0.0978571226
5943,working_age_15_64,1.3358474672
5943,young_0_14,0.8237177804
5944,old_age_65_plus,0.0899369658
5944,working_age_15_64,1.3182338439
5944,young_0_14,0.4386340650
5945,old_age_65_plus,0.5288285509
5945,working_age_15_64,5.4530614559
5945,young_0_14,2.2582501442
5946,old_age_65_plus,0.0902340101
5946,working_age_15_64,1.2137514255
5946,young_0_14,0.7152496163
5947,old_age_65_plus,0.1394305103
5947,working_age_15_64,1.8976152553
5947,young_0_14,0.6746329962
5948,old_age_65_plus,1.7089944500
5948,working_age_15_64,25.0490063131
5948,young_0_14,8.3349016905
5949,old_age_65_plus,3.4151821217
5949,working_age_15_64,32.9304007827
5949,young_0_14,13.3330501663
5950,old_age_65_plus,0.0000000000
5950,working_age_15_64,0.0000000000
5950,young_0_14,0.0000000000
5951,old_age_65_plus,0.4369479386
5951,working_age_15_64,5.2602531097
5951,young_0_14,1.3912163478
5952,old_age_65_plus,2.4280775750
5952,working_age_15_64,28.4477026029
5952,young_0_14,11.4944860975
5953,old_age_65_plus,0.3614109199
5953,working_age_15_64,7.8403694262
5953,young_0_14,6.0515097173
5954,old_age_65_plus,0.0000000000
5954,working_age_15_64,0.0000000000
5954,young_0_14,0.0000000000
5955,old_age_65_plus,0.0475868232
5955,working_age_15_64,0.4973388680
5955,young_0_14,0.1900051196
5956,old_age_65_plus,0.0348565362
5956,working_age_15_64,0.4758365620
5956,young_0_14,0.2934073918
5957,old_age_65_plus,0.0107758116
5957,working_age_15_64,0.1260795908
5957,young_0_14,0.0307671907
5958,old_age_65_plus,0.1439629979
5958,working_age_15_64,1.6844995329
5958,young_0_14,0.4675947679
5959,old_age_65_plus,1.6402768930
5959,working_age_15_64,15.6234710813
5959,young_0_14,5.9582866728
5960,old_age_65_plus,4.5884883206
5960,working_age_15_64,53.7180377357
5960,young_0_14,21.4502869620
5961,old_age_65_plus,0.0624633650
5961,working_age_15_64,0.7499079364
5961,young_0_14,0.3815390368
5962,old_age_65_plus,0.0396938733
5962,working_age_15_64,0.5430525839
5962,young_0_14,0.3350948552
5963,old_age_65_plus,0.0244306904
5963,working_age_15_64,0.2289499063
5963,young_0_14,0.0672452870
5964,old_age_65_plus,0.0227871136
5964,working_age_15_64,0.2666541128
5964,young_0_14,0.1079093027
5965,old_age_65_plus,0.2760730595
5965,working_age_15_64,3.1103663649
5965,young_0_14,1.4963725563
5966,old_age_65_plus,0.0761255415
5966,working_age_15_64,1.0392049644
5966,young_0_14,0.6407998707
5967,old_age_65_plus,0.0296965431
5967,working_age_15_64,0.3431057427
5967,young_0_14,0.1930917347
5968,old_age_65_plus,0.0000000000
5968,working_age_15_64,0.0000000000
5968,young_0_14,0.0000000000
5969,old_age_65_plus,0.8731139596
5969,working_age_15_64,7.8237434672
5969,young_0_14,2.8294676542
5970,old_age_65_plus,0.0009030609
5970,working_age_15_64,0.0065960863
5970,young_0_14,0.0025462287
5971,old_age_65_plus,1.6187464492
5971,working_age_15_64,18.9411681592
5971,young_0_14,7.6652003825
5972,old_age_65_plus,0.0764021114
5972,working_age_15_64,0.9686605665
5972,young_0_14,0.5498166352
5973,old_age_65_plus,0.0000000000
5973,working_age_15_64,0.0000000000
5973,young_0_14,0.0000000000
5974,old_age_65_plus,0.0558899843
5974,working_age_15_64,0.5235157985
5974,young_0_14,0.1829528077
5975,old_age_65_plus,0.0000000000
5975,working_age_15_64,0.0000000000
5975,young_0_14,0.0000000000
5976,old_age_65_plus,0.0166709198
5976,working_age_15_64,0.2329930570
5976,young_0_14,0.0757224821
5977,old_age_65_plus,0.6728389990
5977,working_age_15_64,6.8822757602
5977,young_0_14,2.7729722857
5978,old_age_65_plus,0.9355759157
5978,working_age_15_64,6.4293021802
5978,young_0_14,1.7401319158
5979,old_age_65_plus,0.0145091177
5979,working_age_15_64,0.1680607037
5979,young_0_14,0.0484276553
5980,old_age_65_plus,1.9055278546
5980,working_age_15_64,19.3990075195
5980,young_0_14,7.7625908187
5981,old_age_65_plus,0.0510627184
5981,working_age_15_64,0.6969983578
5981,young_0_14,0.4297762392
5982,old_age_65_plus,0.3825719089
5982,working_age_15_64,3.9132167762
5982,young_0_14,1.5766941407
5983,old_age_65_plus,8.8802427873
5983,working_age_15_64,79.9978530407
5983,young_0_14,15.5329996496
5984,old_age_65_plus,0.0000000000
5984,working_age_15_64,0.0000000000
5984,young_0_14,0.0000000000
5985,old_age_65_plus,0.0408921273
5985,working_age_15_64,0.4182442790
5985,young_0_14,0.1685180948
5986,old_age_65_plus,3.7125803763
5986,working_age_15_64,38.0948618772
5986,young_0_14,15.3351544618
5987,old_age_65_plus,0.1113139518
5987,working_age_15_64,1.3294846779
5987,young_0_14,0.6983877723
5988,old_age_65_plus,0.0000000000
5988,working_age_15_64,0.0000000000
5988,young_0_14,0.0000000000
5989,old_age_65_plus,0.5904146973
5989,working_age_15_64,6.0392258614
5989,young_0_14,2.4332951307
5990,old_age_65_plus,0.0119362553
5990,working_age_15_64,0.1095244440
5990,young_0_14,0.0270772045
5991,old_age_65_plus,0.0000000000
5991,working_age_15_64,0.0000000000
5991,young_0_14,0.0000000000
5992,old_age_65_plus,0.0534368901
5992,working_age_15_64,0.7294432605
5992,young_0_14,0.4497848712
5993,old_age_65_plus,0.8865241520
5993,working_age_15_64,9.0680299252
5993,young_0_14,3.6536437795
5994,old_age_65_plus,0.5653624153
5994,working_age_15_64,5.7829465196
5994,young_0_14,2.3300351948
5995,old_age_65_plus,1.2636761905
5995,working_age_15_64,11.2089350186
5995,young_0_14,4.0144151313
5996,old_age_65_plus,0.0433384848
5996,working_age_15_64,0.6140352504
5996,young_0_14,0.2840111284
5997,old_age_65_plus,0.5953583424
5997,working_age_15_64,5.2804162800
5997,young_0_14,1.8915548325
5998,old_age_65_plus,1.0158828404
5998,working_age_15_64,10.3911930621
5998,young_0_14,4.1867672056
5999,old_age_65_plus,0.0325736942
5999,working_age_15_64,0.3332121614
5999,young_0_14,0.1342550963
6000,old_age_65_plus,0.0783678201
6000,working_age_15_64,1.2563394187
6000,young_0_14,0.4526357835
6001,old_age_65_plus,9.5047297069
6001,working_age_15_64,111.2552291537
6001,young_0_14,45.0092903920
6002,old_age_65_plus,17.0229037926
6002,working_age_15_64,199.1870865822
6002,young_0_14,80.6079906225
6003,old_age_65_plus,1.4269114426
6003,working_age_15_64,14.5330424728
6003,young_0_14,5.9169381699
6004,old_age_65_plus,0.4962471067
6004,working_age_15_64,6.7742789388
6004,young_0_14,4.1771874726
6005,old_age_65_plus,0.7443587366
6005,working_age_15_64,7.6139042675
6005,young_0_14,3.0677568018
6006,old_age_65_plus,2.5062129300
6006,working_age_15_64,29.1193458114
6006,young_0_14,11.6534676631
6007,old_age_65_plus,0.0473997863
6007,working_age_15_64,0.5175486570
6007,young_0_14,0.1505014612
6008,old_age_65_plus,10.3142323832
6008,working_age_15_64,120.5607877378
6008,young_0_14,49.8743634091
6009,old_age_65_plus,0.4348526332
6009,working_age_15_64,4.4479907565
6009,young_0_14,1.7921668729
6010,old_age_65_plus,0.0098874976
6010,working_age_15_64,0.1156639070
6010,young_0_14,0.0282244316
6011,old_age_65_plus,0.3842109907
6011,working_age_15_64,3.9299795404
6011,young_0_14,1.5834499449
6012,old_age_65_plus,0.0000000000
6012,working_age_15_64,0.0000000000
6012,young_0_14,0.0000000000
6013,old_age_65_plus,0.0000000000
6013,working_age_15_64,0.0000000000
6013,young_0_14,0.0000000000
6014,old_age_65_plus,0.0271464128
6014,working_age_15_64,0.2776764650
6014,young_0_14,0.1118817434
6015,old_age_65_plus,0.0208003774
6015,working_age_15_64,0.3917460870
6015,young_0_14,0.0669181421
6016,old_age_65_plus,18.6331213415
6016,working_age_15_64,218.0284566879
6016,young_0_14,88.2327997684
6017,old_age_65_plus,0.1966333464
6017,working_age_15_64,1.7439916916
6017,young_0_14,0.6247367747
6018,old_age_65_plus,0.0000000000
6018,working_age_15_64,0.0000000000
6018,young_0_14,0.0000000000
6019,old_age_65_plus,0.5831043292
6019,working_age_15_64,5.9644152075
6019,young_0_14,2.4031550959
6020,old_age_65_plus,0.3155304138
6020,working_age_15_64,3.2274855897
6020,young_0_14,1.3004011698
6021,old_age_65_plus,0.1379442579
6021,working_age_15_64,1.2234652862
6021,young_0_14,0.4382719081
6022,old_age_65_plus,0.0140554649
6022,working_age_15_64,0.1123422735
6022,young_0_14,0.0231860230
6023,old_age_65_plus,0.0000000000
6023,working_age_15_64,0.0000000000
6023,young_0_14,0.0000000000
6024,old_age_65_plus,0.0108258590
6024,working_age_15_64,0.0993177679
6024,young_0_14,0.0245534398
6025,old_age_65_plus,0.0000000000
6025,working_age_15_64,0.0000000000
6025,young_0_14,0.0000000000
6026,old_age_65_plus,0.1509619459
6026,working_age_15_64,1.3389167041
6026,young_0_14,0.4796257662
6027,old_age_65_plus,1.4814798030
6027,working_age_15_64,15.5187095187
6027,young_0_14,6.3661463069
6028,old_age_65_plus,5.0162930419
6028,working_age_15_64,58.7220463015
6028,young_0_14,23.7488128535
6029,old_age_65_plus,2.0104398131
6029,working_age_15_64,17.8312001824
6029,young_0_14,6.3875159621
6030,old_age_65_plus,0.0000000000
6030,working_age_15_64,0.0000000000
6030,young_0_14,0.0000000000
6031,old_age_65_plus,0.0677575949
6031,working_age_15_64,0.8691959386
6031,young_0_14,0.5003647383
6032,old_age_65_plus,0.0223749626
6032,working_age_15_64,0.2258430673
6032,young_0_14,0.0665260417
6033,old_age_65_plus,0.0657022687
6033,working_age_15_64,0.6694438010
6033,young_0_14,0.2486686766
6034,old_age_65_plus,0.0057250252
6034,working_age_15_64,0.0669746873
6034,young_0_14,0.0163448826
6035,old_age_65_plus,52.5858281031
6035,working_age_15_64,586.7956321537
6035,young_0_14,249.3385456353
6036,old_age_65_plus,0.0174742720
6036,working_age_15_64,0.2385433372
6036,young_0_14,0.1470912467
6037,old_age_65_plus,0.0000000000
6037,working_age_15_64,0.0000000000
6037,young_0_14,0.0000000000
6038,old_age_65_plus,0.0000000000
6038,working_age_15_64,0.0000000000
6038,young_0_14,0.0000000000
6039,old_age_65_plus,0.8364495095
6039,working_age_15_64,8.5558189303
6039,young_0_14,3.4472637922
6040,old_age_65_plus,0.0539718484
6040,working_age_15_64,0.0821617574
6040,young_0_14,0.0309891154
6041,old_age_65_plus,0.0568631615
6041,working_age_15_64,0.6103177629
6041,young_0_14,0.1599369694
6042,old_age_65_plus,0.0209145225
6042,working_age_15_64,0.2855015467
6042,young_0_14,0.1760440385
6043,old_age_65_plus,0.6915379872
6043,working_age_15_64,7.0735830553
6043,young_0_14,2.8500560224
6044,old_age_65_plus,0.0000000000
6044,working_age_15_64,0.0000000000
6044,young_0_14,0.0000000000
6045,old_age_65_plus,0.2140010393
6045,working_age_15_64,2.0347647597
6045,young_0_14,0.7295230001
6046,old_age_65_plus,0.0000000000
6046,working_age_15_64,0.0000000000
6046,young_0_14,0.0000000000
6047,old_age_65_plus,0.0108267842
6047,working_age_15_64,0.1481032483
6047,young_0_14,0.0913889604
6048,old_age_65_plus,0.0000000000
6048,working_age_15_64,0.0000000000
6048,young_0_14,0.0000000000
6049,old_age_65_plus,0.0240285471
6049,working_age_15_64,0.2251745556
6049,young_0_14,0.0661389525
6050,old_age_65_plus,0.0000000000
6050,working_age_15_64,0.0000000000
6050,young_0_14,0.0000000000
6051,old_age_65_plus,0.1080146201
6051,working_age_15_64,1.1048635878
6051,young_0_14,0.4451660467
6052,old_age_65_plus,0.0000000000
6052,working_age_15_64,0.0000000000
6052,young_0_14,0.0000000000
6053,old_age_65_plus,0.0000000000
6053,working_age_15_64,0.0000000000
6053,young_0_14,0.0000000000
6054,old_age_65_plus,0.0108595650
6054,working_age_15_64,0.1110713875
6054,young_0_14,0.0447516986
6055,old_age_65_plus,1.8552019683
6055,working_age_15_64,13.2744741403
6055,young_0_14,4.1255609244
6056,old_age_65_plus,0.0000000000
6056,working_age_15_64,0.0000000000
6056,young_0_14,0.0000000000
6057,old_age_65_plus,0.0000000000
6057,working_age_15_64,0.0000000000
6057,young_0_14,0.0000000000
6058,old_age_65_plus,0.0368471276
6058,working_age_15_64,0.4701669444
6058,young_0_14,0.2295071383
6059,old_age_65_plus,0.0000000000
6059,working_age_15_64,0.0000000000
6059,young_0_14,0.0000000000
6060,old_age_65_plus,0.0000000000
6060,working_age_15_64,0.0000000000
6060,young_0_14,0.0000000000
6061,old_age_65_plus,1.3075894676
6061,working_age_15_64,16.0558091402
6061,young_0_14,5.5416661948
6062,old_age_65_plus,0.0243117706
6062,working_age_15_64,0.3318596929
6062,young_0_14,0.2046287772
6063,old_age_65_plus,0.0000000000
6063,working_age_15_64,0.0000000000
6063,young_0_14,0.0000000000
6064,old_age_65_plus,3.3450964397
6064,working_age_15_64,39.3054340649
6064,young_0_14,16.1496613976
6065,old_age_65_plus,0.0000000000
6065,working_age_15_64,0.0000000000
6065,young_0_14,0.0000000000
6066,old_age_65_plus,0.0000000000
6066,working_age_15_64,0.0000000000
6066,young_0_14,0.0000000000
6067,old_age_65_plus,0.0000000000
6067,working_age_15_64,0.0000000000
6067,young_0_14,0.0000000000
6068,old_age_65_plus,0.4711745609
6068,working_age_15_64,4.2806862281
6068,young_0_14,2.1928591519
6069,old_age_65_plus,4.2930167932
6069,working_age_15_64,50.2330969572
6069,young_0_14,20.3285728395
6070,old_age_65_plus,0.7238386599
6070,working_age_15_64,7.4039250463
6070,young_0_14,2.9831541851
6071,old_age_65_plus,0.0000000000
6071,working_age_15_64,0.0000000000
6071,young_0_14,0.0000000000
6072,old_age_65_plus,0.0000000000
6072,working_age_15_64,0.0000000000
6072,young_0_14,0.0000000000
6073,old_age_65_plus,2.5793381366
6073,working_age_15_64,26.3832556382
6073,young_0_14,10.6302065551
6074,old_age_65_plus,0.6882689408
6074,working_age_15_64,7.2228992973
6074,young_0_14,3.0658457335
6075,old_age_65_plus,0.3530085584
6075,working_age_15_64,1.9986527227
6075,young_0_14,0.3957895329
6076,old_age_65_plus,0.8451689624
6076,working_age_15_64,8.6450334187
6076,young_0_14,3.4832117155
6077,old_age_65_plus,0.0000000000
6077,working_age_15_64,0.0000000000
6077,young_0_14,0.0000000000
6078,old_age_65_plus,0.0000000000
6078,working_age_15_64,0.0000000000
6078,young_0_14,0.0000000000
6079,old_age_65_plus,0.0149552903
6079,working_age_15_64,0.1749758872
6079,young_0_14,0.0426997549
6080,old_age_65_plus,4.0342506925
6080,working_age_15_64,47.0685935318
6080,young_0_14,17.4915495142
6081,old_age_65_plus,1.0950219929
6081,working_age_15_64,11.2006341368
6081,young_0_14,4.5129096806
6082,old_age_65_plus,0.0000000000
6082,working_age_15_64,0.0000000000
6082,young_0_14,0.0000000000
6083,old_age_65_plus,0.2297329508
6083,working_age_15_64,2.3499169573
6083,young_0_14,0.9468194582
6084,old_age_65_plus,0.3981487846
6084,working_age_15_64,4.6587874070
6084,young_0_14,1.8853373118
6085,old_age_65_plus,0.5464224626
6085,working_age_15_64,6.3425822030
6085,young_0_14,1.7786661934
6086,old_age_65_plus,0.0000000000
6086,working_age_15_64,0.0000000000
6086,young_0_14,0.0000000000
6087,old_age_65_plus,0.0576244898
6087,working_age_15_64,0.5174063286
6087,young_0_14,0.1252357375
6088,old_age_65_plus,0.0522703467
6088,working_age_15_64,0.6354919667
6088,young_0_14,0.3512877497
6089,old_age_65_plus,0.0000000000
6089,working_age_15_64,0.0000000000
6089,young_0_14,0.0000000000
6090,old_age_65_plus,0.0000000000
6090,working_age_15_64,0.0000000000
6090,young_0_14,0.0000000000
6091,old_age_65_plus,0.3858858743
6091,working_age_15_64,4.2841514349
6091,young_0_14,1.5409356579
6092,old_age_65_plus,0.0772214966
6092,working_age_15_64,0.7945547346
6092,young_0_14,0.2489973013
6093,old_age_65_plus,0.1370889911
6093,working_age_15_64,1.8709893860
6093,young_0_14,1.1535349712
6094,old_age_65_plus,0.0000000000
6094,working_age_15_64,0.0000000000
6094,young_0_14,0.0000000000
6095,old_age_65_plus,0.0655937769
6095,working_age_15_64,0.8953991048
6095,young_0_14,0.5521152634
6096,old_age_65_plus,0.6249883766
6096,working_age_15_64,6.5343290241
6096,young_0_14,2.7533295983
6097,old_age_65_plus,0.2470278520
6097,working_age_15_64,2.5267685261
6097,young_0_14,1.0180713814
6098,old_age_65_plus,0.0000000000
6098,working_age_15_64,0.0000000000
6098,young_0_14,0.0000000000
6099,old_age_65_plus,1.3499142304
6099,working_age_15_64,13.8079346120
6099,young_0_14,5.5634220988
6100,old_age_65_plus,0.1102980624
6100,working_age_15_64,1.5052446704
6100,young_0_14,0.9275493771
6101,old_age_65_plus,0.5922985063
6101,working_age_15_64,3.3534044176
6101,young_0_14,0.6640702337
6102,old_age_65_plus,0.0537857053
6102,working_age_15_64,0.8940611901
6102,young_0_14,0.3540012022
6103,old_age_65_plus,0.0000000000
6103,working_age_15_64,0.0000000000
6103,young_0_14,0.0000000000
6104,old_age_65_plus,0.0000000000
6104,working_age_15_64,0.0000000000
6104,young_0_14,0.0000000000
6105,old_age_65_plus,0.1291807226
6105,working_age_15_64,1.3213181235
6105,young_0_14,0.5323765036
6106,old_age_65_plus,0.0000000000
6106,working_age_15_64,0.0000000000
6106,young_0_14,0.0000000000
6107,old_age_65_plus,0.6019124234
6107,working_age_15_64,6.1739772386
6107,young_0_14,2.5022560155
6108,old_age_65_plus,0.0117926776
6108,working_age_15_64,0.0598422198
6108,young_0_14,0.0124144927
6109,old_age_65_plus,0.0000000000
6109,working_age_15_64,0.0000000000
6109,young_0_14,0.0000000000
6110,old_age_65_plus,0.0000000000
6110,working_age_15_64,0.0000000000
6110,young_0_14,0.0000000000
6111,old_age_65_plus,0.1819676642
6111,working_age_15_64,2.5659455303
6111,young_0_14,0.9404752557
6112,old_age_65_plus,0.0001440508
6112,working_age_15_64,0.0016655917
6112,young_0_14,0.0004801453
6113,old_age_65_plus,0.0260442645
6113,working_age_15_64,0.2440673145
6113,young_0_14,0.0716886295
6114,old_age_65_plus,0.0000000000
6114,working_age_15_64,0.0000000000
6114,young_0_14,0.0000000000
6115,old_age_65_plus,0.2656248189
6115,working_age_15_64,2.7169817723
6115,young_0_14,1.0947111398
6116,old_age_65_plus,0.3817238598
6116,working_age_15_64,5.0133079346
6116,young_0_14,3.0567950765
6117,old_age_65_plus,0.0224334268
6117,working_age_15_64,0.1083044407
6117,young_0_14,0.0455135981
6118,old_age_65_plus,0.2636190141
6118,working_age_15_64,3.1716670915
6118,young_0_14,0.9212931059
6119,old_age_65_plus,0.0000000000
6119,working_age_15_64,0.0000000000
6119,young_0_14,0.0000000000
6120,old_age_65_plus,0.0655589445
6120,working_age_15_64,0.0997982565
6120,young_0_14,0.0376412509
6121,old_age_65_plus,0.0000000000
6121,working_age_15_64,0.0000000000
6121,young_0_14,0.0000000000
6122,old_age_65_plus,0.0000000000
6122,working_age_15_64,0.0000000000
6122,young_0_14,0.0000000000
6123,old_age_65_plus,0.0000000000
6123,working_age_15_64,0.0000000000
6123,young_0_14,0.0000000000
6124,old_age_65_plus,0.0000000000
6124,working_age_15_64,0.0000000000
6124,young_0_14,0.0000000000
6125,old_age_65_plus,0.0000000000
6125,working_age_15_64,0.0000000000
6125,young_0_14,0.0000000000
6126,old_age_65_plus,0.0000000000
6126,working_age_15_64,0.0000000000
6126,young_0_14,0.0000000000
6127,old_age_65_plus,0.0000000000
6127,working_age_15_64,0.0000000000
6127,young_0_14,0.0000000000
6128,old_age_65_plus,0.0000000000
6128,working_age_15_64,0.0000000000
6128,young_0_14,0.0000000000
6129,old_age_65_plus,0.0000000000
6129,working_age_15_64,0.0000000000
6129,young_0_14,0.0000000000
6130,old_age_65_plus,1.7844886927
6130,working_age_15_64,18.2718419582
6130,young_0_14,7.3382164235
6131,old_age_65_plus,0.0000000000
6131,working_age_15_64,0.0000000000
6131,young_0_14,0.0000000000
6132,old_age_65_plus,0.9588558977
6132,working_age_15_64,9.8078636825
6132,young_0_14,3.9517309945
6133,old_age_65_plus,5.0392143918
6133,working_age_15_64,39.7760578450
6133,young_0_14,11.0271420353
6134,old_age_65_plus,0.0000000000
6134,working_age_15_64,0.0000000000
6134,young_0_14,0.0000000000
6135,old_age_65_plus,0.0000000000
6135,working_age_15_64,0.0000000000
6135,young_0_14,0.0000000000
6136,old_age_65_plus,0.0000000000
6136,working_age_15_64,0.0000000000
6136,young_0_14,0.0000000000
6137,old_age_65_plus,1.4951860715
6137,working_age_15_64,10.6900405111
6137,young_0_14,3.9543332187
6138,old_age_65_plus,15.9188368991
6138,working_age_15_64,186.2682700157
6138,young_0_14,75.3799377680
6139,old_age_65_plus,0.0000000000
6139,working_age_15_64,0.0000000000
6139,young_0_14,0.0000000000
6140,old_age_65_plus,0.0000000000
6140,working_age_15_64,0.0000000000
6140,young_0_14,0.0000000000
6141,old_age_65_plus,0.0000000000
6141,working_age_15_64,0.0000000000
6141,young_0_14,0.0000000000
6142,old_age_65_plus,6.4305520169
6142,working_age_15_64,75.2447451353
6142,young_0_14,30.4504097700
6143,old_age_65_plus,0.0000000000
6143,working_age_15_64,0.0000000000
6143,young_0_14,0.0000000000
6144,old_age_65_plus,0.7190858666
6144,working_age_15_64,6.3777757585
6144,young_0_14,2.2846489400
6145,old_age_65_plus,0.0000000000
6145,working_age_15_64,0.0000000000
6145,young_0_14,0.0000000000
6146,old_age_65_plus,0.0054342762
6146,working_age_15_64,0.0389997857
6146,young_0_14,0.0096250886
6147,old_age_65_plus,0.0000000000
6147,working_age_15_64,0.0000000000
6147,young_0_14,0.0000000000
6148,old_age_65_plus,0.0000000000
6148,working_age_15_64,0.0000000000
6148,young_0_14,0.0000000000
6149,old_age_65_plus,0.0158015900
6149,working_age_15_64,0.1848963937
6149,young_0_14,0.0451204795
6150,old_age_65_plus,0.0000000000
6150,working_age_15_64,0.0000000000
6150,young_0_14,0.0000000000
6151,old_age_65_plus,0.0000000000
6151,working_age_15_64,0.0000000000
6151,young_0_14,0.0000000000
6152,old_age_65_plus,0.0486521621
6152,working_age_15_64,0.5635191854
6152,young_0_14,0.1623841359
6153,old_age_65_plus,0.0656514141
6153,working_age_15_64,0.6715335678
6153,young_0_14,0.2705711322
6154,old_age_65_plus,0.0000000000
6154,working_age_15_64,0.0000000000
6154,young_0_14,0.0000000000
6155,old_age_65_plus,0.0000000000
6155,working_age_15_64,0.0000000000
6155,young_0_14,0.0000000000
6156,old_age_65_plus,0.0000000000
6156,working_age_15_64,0.0000000000
6156,young_0_14,0.0000000000
6157,old_age_65_plus,0.0000000000
6157,working_age_15_64,0.0000000000
6157,young_0_14,0.0000000000
6158,old_age_65_plus,0.0960041361
6158,working_age_15_64,0.8620124366
6158,young_0_14,0.2086508744
6159,old_age_65_plus,0.0000000000
6159,working_age_15_64,0.0000000000
6159,young_0_14,0.0000000000
6160,old_age_65_plus,0.1350060231
6160,working_age_15_64,1.3809699584
6160,young_0_14,0.5564108044
6161,old_age_65_plus,0.0000000000
6161,working_age_15_64,0.0000000000
6161,young_0_14,0.0000000000
6162,old_age_65_plus,0.0000000000
6162,working_age_15_64,0.0000000000
6162,young_0_14,0.0000000000
6163,old_age_65_plus,1.2595784185
6163,working_age_15_64,16.7146923691
6163,young_0_14,9.6963043418
6164,old_age_65_plus,0.0000000000
6164,working_age_15_64,0.0000000000
6164,young_0_14,0.0000000000
6165,old_age_65_plus,0.0526807404
6165,working_age_15_64,0.5388401318
6165,young_0_14,0.2171076783
6166,old_age_65_plus,0.0982811151
6166,working_age_15_64,1.0052817594
6166,young_0_14,0.4050412076
6167,old_age_65_plus,0.0000000000
6167,working_age_15_64,0.0000000000
6167,young_0_14,0.0000000000
6168,old_age_65_plus,0.0000000000
6168,working_age_15_64,0.0000000000
6168,young_0_14,0.0000000000
6169,old_age_65_plus,0.1709372350
6169,working_age_15_64,1.0472791083
6169,young_0_14,0.2945640427
6170,old_age_65_plus,0.0000000000
6170,working_age_15_64,0.0000000000
6170,young_0_14,0.0000000000
6171,old_age_65_plus,0.0099575361
6171,working_age_15_64,0.1204386086
6171,young_0_14,0.0307371360
6172,old_age_65_plus,0.0000000000
6172,working_age_15_64,0.0000000000
6172,young_0_14,0.0000000000
6173,old_age_65_plus,0.4207646754
6173,working_age_15_64,3.9513550848
6173,young_0_14,1.0256625433
6174,old_age_65_plus,0.0000000000
6174,working_age_15_64,0.0000000000
6174,young_0_14,0.0000000000
6175,old_age_65_plus,0.0000000000
6175,working_age_15_64,0.0000000000
6175,young_0_14,0.0000000000
6176,old_age_65_plus,0.5145447804
6176,working_age_15_64,5.2631552964
6176,young_0_14,2.1206042916
6177,old_age_65_plus,0.0000000000
6177,working_age_15_64,0.0000000000
6177,young_0_14,0.0000000000
6178,old_age_65_plus,0.0346462551
6178,working_age_15_64,0.4054223923
6178,young_0_14,0.0989345533
6179,old_age_65_plus,0.0000000000
6179,working_age_15_64,0.0000000000
6179,young_0_14,0.0000000000
6180,old_age_65_plus,0.0000000000
6180,working_age_15_64,0.0000000000
6180,young_0_14,0.0000000000
6181,old_age_65_plus,0.0000000000
6181,working_age_15_64,0.0000000000
6181,young_0_14,0.0000000000
6182,old_age_65_plus,0.0215596731
6182,working_age_15_64,0.2176431264
6182,young_0_14,0.0641093153
6183,old_age_65_plus,0.0219167812
6183,working_age_15_64,0.2532431171
6183,young_0_14,0.1425180908
6184,old_age_65_plus,0.1666186657
6184,working_age_15_64,1.7042566459
6184,young_0_14,0.6866700179
6185,old_age_65_plus,0.0000000000
6185,working_age_15_64,0.0000000000
6185,young_0_14,0.0000000000
6186,old_age_65_plus,0.0000000000
6186,working_age_15_64,0.0000000000
6186,young_0_14,0.0000000000
6187,old_age_65_plus,0.6459114030
6187,working_age_15_64,5.0511716735
6187,young_0_14,1.9188179877
6188,old_age_65_plus,0.0000000000
6188,working_age_15_64,0.0000000000
6188,young_0_14,0.0000000000
6189,old_age_65_plus,1.1046334499
6189,working_age_15_64,11.2989728954
6189,young_0_14,4.5525235310
6190,old_age_65_plus,0.0000000000
6190,working_age_15_64,0.0000000000
6190,young_0_14,0.0000000000
6191,old_age_65_plus,0.6156030776
6191,working_age_15_64,6.7988887392
6191,young_0_14,3.1673934534
6192,old_age_65_plus,0.0000000000
6192,working_age_15_64,0.0000000000
6192,young_0_14,0.0000000000
6193,old_age_65_plus,0.0000000000
6193,working_age_15_64,0.0000000000
6193,young_0_14,0.0000000000
6194,old_age_65_plus,0.0000000000
6194,working_age_15_64,0.0000000000
6194,young_0_14,0.0000000000
6195,old_age_65_plus,0.0000000001
6195,working_age_15_64,0.0000000007
6195,young_0_14,0.0000000003
6196,old_age_65_plus,0.1593302878
6196,working_age_15_64,1.6297340300
6196,young_0_14,0.6566438992
6197,old_age_65_plus,0.0000000000
6197,working_age_15_64,0.0000000000
6197,young_0_14,0.0000000000
6198,old_age_65_plus,1.3966596350
6198,working_age_15_64,19.0659017563
6198,young_0_14,11.7565034628
6199,old_age_65_plus,0.0588680664
6199,working_age_15_64,0.7309679538
6199,young_0_14,0.3843346469
6200,old_age_65_plus,0.0977151140
6200,working_age_15_64,1.3338853456
6200,young_0_14,0.8224906288
6201,old_age_65_plus,2.0935976920
6201,working_age_15_64,13.2607210577
6201,young_0_14,2.8704511300
6202,old_age_65_plus,0.0000000000
6202,working_age_15_64,0.0000000000
6202,young_0_14,0.0000000000
6203,old_age_65_plus,0.0000000000
6203,working_age_15_64,0.0000000000
6203,young_0_14,0.0000000000
6204,old_age_65_plus,0.0230031141
6204,working_age_15_64,0.2664196459
6204,young_0_14,0.0767722306
6205,old_age_65_plus,0.0000000000
6205,working_age_15_64,0.0000000000
6205,young_0_14,0.0000000000
6206,old_age_65_plus,0.0144340451
6206,working_age_15_64,0.1974736636
6206,young_0_14,0.1218509451
6207,old_age_65_plus,0.0074059712
6207,working_age_15_64,0.0538474205
6207,young_0_14,0.0202745997
6208,old_age_65_plus,0.0000000000
6208,working_age_15_64,0.0000000000
6208,young_0_14,0.0000000000
6209,old_age_65_plus,0.0000000000
6209,working_age_15_64,0.0000000000
6209,young_0_14,0.0000000000
6210,old_age_65_plus,0.0000000000
6210,working_age_15_64,0.0000000000
6210,young_0_14,0.0000000000
6211,old_age_65_plus,0.0064713406
6211,working_age_15_64,0.0573946889
6211,young_0_14,0.0205604328
6212,old_age_65_plus,0.0000000000
6212,working_age_15_64,0.0000000000
6212,young_0_14,0.0000000000
6213,old_age_65_plus,0.0000000000
6213,working_age_15_64,0.0000000000
6213,young_0_14,0.0000000000
6214,old_age_65_plus,0.0000000000
6214,working_age_15_64,0.0000000000
6214,young_0_14,0.0000000000
6215,old_age_65_plus,0.0000000000
6215,working_age_15_64,0.0000000000
6215,young_0_14,0.0000000000
6216,old_age_65_plus,0.0000000000
6216,working_age_15_64,0.0000000000
6216,young_0_14,0.0000000000
6217,old_age_65_plus,0.0000000000
6217,working_age_15_64,0.0000000000
6217,young_0_14,0.0000000000
6218,old_age_65_plus,0.0000000000
6218,working_age_15_64,0.0000000000
6218,young_0_14,0.0000000000
6219,old_age_65_plus,0.0000000000
6219,working_age_15_64,0.0000000000
6219,young_0_14,0.0000000000
6220,old_age_65_plus,0.8550693374
6220,working_age_15_64,8.3803088367
6220,young_0_14,2.6262641847
6221,old_age_65_plus,3.5249535391
6221,working_age_15_64,31.3334504133
6221,young_0_14,11.2476947587
6222,old_age_65_plus,1.1439643651
6222,working_age_15_64,10.1779860556
6222,young_0_14,1.7532253377
6223,old_age_65_plus,0.0250858928
6223,working_age_15_64,0.3080364661
6223,young_0_14,0.1063196866
6224,old_age_65_plus,0.0000000000
6224,working_age_15_64,0.0000000000
6224,young_0_14,0.0000000000
6225,old_age_65_plus,0.0000000000
6225,working_age_15_64,0.0000000000
6225,young_0_14,0.0000000000
6226,old_age_65_plus,0.0000000000
6226,working_age_15_64,0.0000000000
6226,young_0_14,0.0000000000
6227,old_age_65_plus,0.0000000000
6227,working_age_15_64,0.0000000000
6227,young_0_14,0.0000000000
6228,old_age_65_plus,0.0000000000
6228,working_age_15_64,0.0000000000
6228,young_0_14,0.0000000000
6229,old_age_65_plus,0.0000000000
6229,working_age_15_64,0.0000000000
6229,young_0_14,0.0000000000
6230,old_age_65_plus,0.0594123265
6230,working_age_15_64,0.8110485673
6230,young_0_14,0.5001144502
6231,old_age_65_plus,1.3611791050
6231,working_age_15_64,18.5813342333
6231,young_0_14,11.4576294720
6232,old_age_65_plus,0.0000000000
6232,working_age_15_64,0.0000000000
6232,young_0_14,0.0000000000
6233,old_age_65_plus,0.0000000000
6233,working_age_15_64,0.0000000001
6233,young_0_14,0.0000000000
6234,old_age_65_plus,0.0026665933
6234,working_age_15_64,0.0163400267
6234,young_0_14,0.0045953375
6235,old_age_65_plus,1.6658327002
6235,working_age_15_64,14.7747568786
6235,young_0_14,5.2926309705
6236,old_age_65_plus,0.0000000000
6236,working_age_15_64,0.0000000000
6236,young_0_14,0.0000000000
6237,old_age_65_plus,0.0000000000
6237,working_age_15_64,0.0000000001
6237,young_0_14,0.0000000000
6238,old_age_65_plus,0.0000000000
6238,working_age_15_64,0.0000000000
6238,young_0_14,0.0000000000
6239,old_age_65_plus,0.0000000000
6239,working_age_15_64,0.0000000000
6239,young_0_14,0.0000000000
6240,old_age_65_plus,0.9390733875
6240,working_age_15_64,12.8188449889
6240,young_0_14,7.9042494297
6241,old_age_65_plus,0.0000000000
6241,working_age_15_64,0.0000000000
6241,young_0_14,0.0000000000
6242,old_age_65_plus,0.0000000000
6242,working_age_15_64,0.0000000000
6242,young_0_14,0.0000000000
6243,old_age_65_plus,0.1679872294
6243,working_age_15_64,2.2931161225
6243,young_0_14,1.4139640667
6244,old_age_65_plus,0.0000000000
6244,working_age_15_64,0.0000000000
6244,young_0_14,0.0000000000
6245,old_age_65_plus,0.0000000000
6245,working_age_15_64,0.0000000000
6245,young_0_14,0.0000000000
6246,old_age_65_plus,0.0000000000
6246,working_age_15_64,0.0000000000
6246,young_0_14,0.0000000000
6247,old_age_65_plus,0.0000000000
6247,working_age_15_64,0.0000000000
6247,young_0_14,0.0000000000
6248,old_age_65_plus,0.0000000000
6248,working_age_15_64,0.0000000000
6248,young_0_14,0.0000000000
6249,old_age_65_plus,1.8741950078
6249,working_age_15_64,13.6269815862
6249,young_0_14,5.1308932602
6250,old_age_65_plus,0.0000000000
6250,working_age_15_64,0.0000000000
6250,young_0_14,0.0000000000
6251,old_age_65_plus,0.0384437983
6251,working_age_15_64,0.5247959476
6251,young_0_14,0.3236033488
6252,old_age_65_plus,0.0000000000
6252,working_age_15_64,0.0000000000
6252,young_0_14,0.0000000000
6253,old_age_65_plus,0.0244637809
6253,working_age_15_64,0.3339608777
6253,young_0_14,0.2059279513
6254,old_age_65_plus,0.0000000000
6254,working_age_15_64,0.0000000000
6254,young_0_14,0.0000000000
6255,old_age_65_plus,7.1646261803
6255,working_age_15_64,83.5943042617
6255,young_0_14,33.7222631392
6256,old_age_65_plus,0.0528768497
6256,working_age_15_64,0.7218045769
6256,young_0_14,0.4450752437
6257,old_age_65_plus,0.0000000000
6257,working_age_15_64,0.0000000000
6257,young_0_14,0.0000000000
6258,old_age_65_plus,0.1139059087
6258,working_age_15_64,0.1733972873
6258,young_0_14,0.0654028415
6259,old_age_65_plus,0.2390805159
6259,working_age_15_64,1.5143178068
6259,young_0_14,0.3277928866
6260,old_age_65_plus,0.3300253391
6260,working_age_15_64,2.3995636776
6260,young_0_14,0.9034935981
6261,old_age_65_plus,0.0221448768
6261,working_age_15_64,0.2075282428
6261,young_0_14,0.0609563919
6262,old_age_65_plus,0.0360058733
6262,working_age_15_64,0.3683048561
6262,young_0_14,0.1483956808
6263,old_age_65_plus,0.0853541938
6263,working_age_15_64,1.1665843567
6263,young_0_14,0.7196241654
6264,old_age_65_plus,0.0336184995
6264,working_age_15_64,0.2550423123
6264,young_0_14,0.0781335440
6265,old_age_65_plus,0.0000000000
6265,working_age_15_64,0.0000000000
6265,young_0_14,0.0000000000
6266,old_age_65_plus,0.0000000000
6266,working_age_15_64,0.0000000000
6266,young_0_14,0.0000000000
6267,old_age_65_plus,0.0235955252
6267,working_age_15_64,0.1197394005
6267,young_0_14,0.0248391497
6268,old_age_65_plus,0.0000000000
6268,working_age_15_64,0.0000000000
6268,young_0_14,0.0000000000
6269,old_age_65_plus,0.0000000000
6269,working_age_15_64,0.0000000000
6269,young_0_14,0.0000000000
6270,old_age_65_plus,0.0000000000
6270,working_age_15_64,0.0000000000
6270,young_0_14,0.0000000000
6271,old_age_65_plus,0.0000000000
6271,working_age_15_64,0.0000000000
6271,young_0_14,0.0000000000
6272,old_age_65_plus,0.0000000000
6272,working_age_15_64,0.0000000000
6272,young_0_14,0.0000000000
6273,old_age_65_plus,0.0000000000
6273,working_age_15_64,0.0000000000
6273,young_0_14,0.0000000000
6274,old_age_65_plus,0.0000000000
6274,working_age_15_64,0.0000000000
6274,young_0_14,0.0000000000
6275,old_age_65_plus,0.0000000000
6275,working_age_15_64,0.0000000000
6275,young_0_14,0.0000000000
6276,old_age_65_plus,0.0000000000
6276,working_age_15_64,0.0000000000
6276,young_0_14,0.0000000000
6277,old_age_65_plus,0.0000000000
6277,working_age_15_64,0.0000000000
6277,young_0_14,0.0000000000
6278,old_age_65_plus,0.0000000000
6278,working_age_15_64,0.0000000000
6278,young_0_14,0.0000000000
6279,old_age_65_plus,0.0000000000
6279,working_age_15_64,0.0000000000
6279,young_0_14,0.0000000000
6280,old_age_65_plus,0.0000000000
6280,working_age_15_64,0.0000000000
6280,young_0_14,0.0000000000
6281,old_age_65_plus,0.0331937267
6281,working_age_15_64,0.3395324722
6281,young_0_14,0.1368020205
6282,old_age_65_plus,0.0000000000
6282,working_age_15_64,0.0000000000
6282,young_0_14,0.0000000000
6283,old_age_65_plus,0.0000000000
6283,working_age_15_64,0.0000000000
6283,young_0_14,0.0000000000
6284,old_age_65_plus,0.0000000000
6284,working_age_15_64,0.0000000000
6284,young_0_14,0.0000000000
6285,old_age_65_plus,0.0000000000
6285,working_age_15_64,0.0000000000
6285,young_0_14,0.0000000000
6286,old_age_65_plus,0.0000000000
6286,working_age_15_64,0.0000000000
6286,young_0_14,0.0000000000
6287,old_age_65_plus,0.0000000000
6287,working_age_15_64,0.0000000000
6287,young_0_14,0.0000000000
6288,old_age_65_plus,0.6484862054
6288,working_age_15_64,10.3962848783
6288,young_0_14,3.7455535829
6289,old_age_65_plus,0.0000000000
6289,working_age_15_64,0.0000000000
6289,young_0_14,0.0000000000
6290,old_age_65_plus,2.6731842915
6290,working_age_15_64,30.6774616838
6290,young_0_14,10.5397359431
6291,old_age_65_plus,0.0000000000
6291,working_age_15_64,0.0000000000
6291,young_0_14,0.0000000000
6292,old_age_65_plus,0.0000000000
6292,working_age_15_64,0.0000000000
6292,young_0_14,0.0000000000
6293,old_age_65_plus,0.0431311997
6293,working_age_15_64,0.3911993932
6293,young_0_14,0.2067070762
6294,old_age_65_plus,0.0000000000
6294,working_age_15_64,0.0000000000
6294,young_0_14,0.0000000000
6295,old_age_65_plus,0.0209734518
6295,working_age_15_64,0.2863255003
6295,young_0_14,0.1765377535
6296,old_age_65_plus,0.0000000000
6296,working_age_15_64,0.0000000000
6296,young_0_14,0.0000000000
6297,old_age_65_plus,0.0000000000
6297,working_age_15_64,0.0000000000
6297,young_0_14,0.0000000000
6298,old_age_65_plus,0.0000000000
6298,working_age_15_64,0.0000000000
6298,young_0_14,0.0000000000
6299,old_age_65_plus,0.0000000000
6299,working_age_15_64,0.0000000000
6299,young_0_14,0.0000000000
6300,old_age_65_plus,0.0000000000
6300,working_age_15_64,0.0000000000
6300,young_0_14,0.0000000000
6301,old_age_65_plus,2.5674606608
6301,working_age_15_64,18.6675674915
6301,young_0_14,7.0288035572
6302,old_age_65_plus,0.0000000000
6302,working_age_15_64,0.0000000000
6302,young_0_14,0.0000000000
6303,old_age_65_plus,0.0313712842
6303,working_age_15_64,0.4282533089
6303,young_0_14,0.2640675539
6304,old_age_65_plus,0.0000000000
6304,working_age_15_64,0.0000000000
6304,young_0_14,0.0000000000
6305,old_age_65_plus,0.0000000000
6305,working_age_15_64,0.0000000000
6305,young_0_14,0.0000000000
6306,old_age_65_plus,0.0000000000
6306,working_age_15_64,0.0000000000
6306,young_0_14,0.0000000000
6307,old_age_65_plus,1.5517110645
6307,working_age_15_64,35.3118588328
6307,young_0_14,27.5035713911
6308,old_age_65_plus,0.0000000000
6308,working_age_15_64,0.0000000000
6308,young_0_14,0.0000000000
6309,old_age_65_plus,0.0000000000
6309,working_age_15_64,0.0000000000
6309,young_0_14,0.0000000000
6310,old_age_65_plus,0.0000000000
6310,working_age_15_64,0.0000000000
6310,young_0_14,0.0000000000
6311,old_age_65_plus,0.2867158810
6311,working_age_15_64,3.9138691425
6311,young_0_14,2.4133368284
6312,old_age_65_plus,0.0000000000
6312,working_age_15_64,0.0000000000
6312,young_0_14,0.0000000000
6313,old_age_65_plus,0.0000000000
6313,working_age_15_64,0.0000000000
6313,young_0_14,0.0000000000
6314,old_age_65_plus,0.0000000000
6314,working_age_15_64,0.0000000000
6314,young_0_14,0.0000000000
6315,old_age_65_plus,0.0000000000
6315,working_age_15_64,0.0000000000
6315,young_0_14,0.0000000000
6316,old_age_65_plus,0.0000000000
6316,working_age_15_64,0.0000000000
6316,young_0_14,0.0000000000
6317,old_age_65_plus,0.0000000000
6317,working_age_15_64,0.0000000000
6317,young_0_14,0.0000000000
6318,old_age_65_plus,0.0000000000
6318,working_age_15_64,0.0000000000
6318,young_0_14,0.0000000000
6319,old_age_65_plus,0.0664038355
6319,working_age_15_64,0.9064681046
6319,young_0_14,0.5589501355
6320,old_age_65_plus,0.0000000000
6320,working_age_15_64,0.0000000000
6320,young_0_14,0.0000000000
6321,old_age_65_plus,0.0000000000
6321,working_age_15_64,0.0000000000
6321,young_0_14,0.0000000000
6322,old_age_65_plus,0.0000000000
6322,working_age_15_64,0.0000000000
6322,young_0_14,0.0000000000
6323,old_age_65_plus,0.0000000000
6323,working_age_15_64,0.0000000000
6323,young_0_14,0.0000000000
6324,old_age_65_plus,0.0000000000
6324,working_age_15_64,0.0000000000
6324,young_0_14,0.0000000000
6325,old_age_65_plus,0.0091272465
6325,working_age_15_64,0.0670822250
6325,young_0_14,0.0117495511
6326,old_age_65_plus,0.0000000000
6326,working_age_15_64,0.0000000000
6326,young_0_14,0.0000000000
6327,old_age_65_plus,0.0000000000
6327,working_age_15_64,0.0000000000
6327,young_0_14,0.0000000000
6328,old_age_65_plus,0.0000000000
6328,working_age_15_64,0.0000000000
6328,young_0_14,0.0000000000
6329,old_age_65_plus,0.0000000000
6329,working_age_15_64,0.0000000000
6329,young_0_14,0.0000000000
6330,old_age_65_plus,0.0000000000
6330,working_age_15_64,0.0000000000
6330,young_0_14,0.0000000000
6331,old_age_65_plus,0.0000000000
6331,working_age_15_64,0.0000000000
6331,young_0_14,0.0000000000
6332,old_age_65_plus,0.0000000000
6332,working_age_15_64,0.0000000000
6332,young_0_14,0.0000000000
6333,old_age_65_plus,0.0000000000
6333,working_age_15_64,0.0000000000
6333,young_0_14,0.0000000000
6334,old_age_65_plus,0.0000000000
6334,working_age_15_64,0.0000000000
6334,young_0_14,0.0000000000
6335,old_age_65_plus,0.0000000000
6335,working_age_15_64,0.0000000000
6335,young_0_14,0.0000000000
6336,old_age_65_plus,0.0000000000
6336,working_age_15_64,0.0000000000
6336,young_0_14,0.0000000000
6337,old_age_65_plus,0.0000000000
6337,working_age_15_64,0.0000000000
6337,young_0_14,0.0000000000
6338,old_age_65_plus,0.6852144817
6338,working_age_15_64,4.3400975466
6338,young_0_14,0.9394682571
6339,old_age_65_plus,0.1249730793
6339,working_age_15_64,1.4475172460
6339,young_0_14,0.4171122289
6340,old_age_65_plus,0.0211335143
6340,working_age_15_64,0.1897413321
6340,young_0_14,0.0459268409
6341,old_age_65_plus,0.0000000000
6341,working_age_15_64,0.0000000000
6341,young_0_14,0.0000000000
6342,old_age_65_plus,0.0000000000
6342,working_age_15_64,0.0000000000
6342,young_0_14,0.0000000000
6343,old_age_65_plus,0.0000000000
6343,working_age_15_64,0.0000000000
6343,young_0_14,0.0000000000
6344,old_age_65_plus,0.0000000000
6344,working_age_15_64,0.0000000000
6344,young_0_14,0.0000000000
6345,old_age_65_plus,0.0838781068
6345,working_age_15_64,1.1450074147
6345,young_0_14,0.7060413901
6346,old_age_65_plus,1.5069403499
6346,working_age_15_64,13.3655071557
6346,young_0_14,4.7878110111
6347,old_age_65_plus,0.0000000000
6347,working_age_15_64,0.0000000000
6347,young_0_14,0.0000000000
6348,old_age_65_plus,0.0000000000
6348,working_age_15_64,0.0000000000
6348,young_0_14,0.0000000000
6349,old_age_65_plus,2.2392888051
6349,working_age_15_64,27.4961921573
6349,young_0_14,9.4903180003
6350,old_age_65_plus,0.0371489325
6350,working_age_15_64,0.3799794279
6350,young_0_14,0.1530995471
6351,old_age_65_plus,0.0000000000
6351,working_age_15_64,0.0000000000
6351,young_0_14,0.0000000000
6352,old_age_65_plus,0.0128005460
6352,working_age_15_64,0.1548717914
6352,young_0_14,0.0395257457
6353,old_age_65_plus,0.0000000000
6353,working_age_15_64,0.0000000000
6353,young_0_14,0.0000000000
6354,old_age_65_plus,0.0000000000
6354,working_age_15_64,0.0000000000
6354,young_0_14,0.0000000000
6355,old_age_65_plus,0.0000000000
6355,working_age_15_64,0.0000000000
6355,young_0_14,0.0000000000
6356,old_age_65_plus,0.0613444408
6356,working_age_15_64,0.8392590825
6356,young_0_14,0.5178757831
6357,old_age_65_plus,0.0150441028
6357,working_age_15_64,0.2055223910
6357,young_0_14,0.1265725652
6358,old_age_65_plus,0.0000000000
6358,working_age_15_64,0.0000000000
6358,young_0_14,0.0000000000
6359,old_age_65_plus,0.0000000000
6359,working_age_15_64,0.0000000000
6359,young_0_14,0.0000000000
6360,old_age_65_plus,0.0000000000
6360,working_age_15_64,0.0000000000
6360,young_0_14,0.0000000000
6361,old_age_65_plus,0.0000000000
6361,working_age_15_64,0.0000000000
6361,young_0_14,0.0000000000
6362,old_age_65_plus,0.0000000000
6362,working_age_15_64,0.0000000000
6362,young_0_14,0.0000000000
6363,old_age_65_plus,0.0000000000
6363,working_age_15_64,0.0000000000
6363,young_0_14,0.0000000000
6364,old_age_65_plus,0.0000000000
6364,working_age_15_64,0.0000000000
6364,young_0_14,0.0000000000
6365,old_age_65_plus,0.0000000000
6365,working_age_15_64,0.0000000000
6365,young_0_14,0.0000000000
6366,old_age_65_plus,0.0000000000
6366,working_age_15_64,0.0000000000
6366,young_0_14,0.0000000000
6367,old_age_65_plus,0.0000000000
6367,working_age_15_64,0.0000000000
6367,young_0_14,0.0000000000
6368,old_age_65_plus,0.0000000000
6368,working_age_15_64,0.0000000000
6368,young_0_14,0.0000000000
6369,old_age_65_plus,0.0000000000
6369,working_age_15_64,0.0000000000
6369,young_0_14,0.0000000000
6370,old_age_65_plus,0.0209145225
6370,working_age_15_64,0.2855015467
6370,young_0_14,0.1760440385
6371,old_age_65_plus,0.0484758252
6371,working_age_15_64,0.2098849025
6371,young_0_14,0.0645220907
6372,old_age_65_plus,0.0000000000
6372,working_age_15_64,0.0000000000
6372,young_0_14,0.0000000000
6373,old_age_65_plus,0.0000000000
6373,working_age_15_64,0.0000000000
6373,young_0_14,0.0000000000
6374,old_age_65_plus,0.0000000000
6374,working_age_15_64,0.0000000000
6374,young_0_14,0.0000000000
6375,old_age_65_plus,0.0000000000
6375,working_age_15_64,0.0000000000
6375,young_0_14,0.0000000000
6376,old_age_65_plus,0.6312775849
6376,working_age_15_64,5.8848909675
6376,young_0_14,2.3961045702
6377,old_age_65_plus,0.0000000000
6377,working_age_15_64,0.0000000000
6377,young_0_14,0.0000000000
6378,old_age_65_plus,0.0000000000
6378,working_age_15_64,0.0000000000
6378,young_0_14,0.0000000000
6379,old_age_65_plus,0.0218127627
6379,working_age_15_64,0.2201840370
6379,young_0_14,0.0648565394
6380,old_age_65_plus,0.0000000000
6380,working_age_15_64,0.0000000000
6380,young_0_14,0.0000000000
6381,old_age_65_plus,0.0000000000
6381,working_age_15_64,0.0000000000
6381,young_0_14,0.0000000000
6382,old_age_65_plus,0.0000000000
6382,working_age_15_64,0.0000000000
6382,young_0_14,0.0000000000
6383,old_age_65_plus,0.0000000000
6383,working_age_15_64,0.0000000000
6383,young_0_14,0.0000000000
6384,old_age_65_plus,0.0000000000
6384,working_age_15_64,0.0000000000
6384,young_0_14,0.0000000000
6385,old_age_65_plus,0.0000000000
6385,working_age_15_64,0.0000000000
6385,young_0_14,0.0000000000
6386,old_age_65_plus,0.0000000000
6386,working_age_15_64,0.0000000000
6386,young_0_14,0.0000000000
6387,old_age_65_plus,0.0000000000
6387,working_age_15_64,0.0000000000
6387,young_0_14,0.0000000000
6388,old_age_65_plus,0.0000000000
6388,working_age_15_64,0.0000000000
6388,young_0_14,0.0000000000
6389,old_age_65_plus,0.0000000000
6389,working_age_15_64,0.0000000000
6389,young_0_14,0.0000000000
6390,old_age_65_plus,0.0000000000
6390,working_age_15_64,0.0000000001
6390,young_0_14,0.0000000000
6391,old_age_65_plus,0.0000000000
6391,working_age_15_64,0.0000000000
6391,young_0_14,0.0000000000
6392,old_age_65_plus,0.0400441002
6392,working_age_15_64,0.3948682821
6392,young_0_14,0.1342196040
6393,old_age_65_plus,2.9591659235
6393,working_age_15_64,26.3316352367
6393,young_0_14,12.3885717094
6394,old_age_65_plus,0.0000000000
6394,working_age_15_64,0.0000000000
6394,young_0_14,0.0000000000
6395,old_age_65_plus,0.0000000000
6395,working_age_15_64,0.0000000000
6395,young_0_14,0.0000000000
6396,old_age_65_plus,0.0000000000
6396,working_age_15_64,0.0000000000
6396,young_0_14,0.0000000000
6397,old_age_65_plus,0.0000000000
6397,working_age_15_64,0.0000000000
6397,young_0_14,0.0000000000
6398,old_age_65_plus,0.0000000000
6398,working_age_15_64,0.0000000000
6398,young_0_14,0.0000000000
6399,old_age_65_plus,0.0000000000
6399,working_age_15_64,0.0000000000
6399,young_0_14,0.0000000000
6400,old_age_65_plus,0.0000000000
6400,working_age_15_64,0.0000000000
6400,young_0_14,0.0000000000
6401,old_age_65_plus,0.0000000000
6401,working_age_15_64,0.0000000000
6401,young_0_14,0.0000000000
6402,old_age_65_plus,0.0000000000
6402,working_age_15_64,0.0000000000
6402,young_0_14,0.0000000000
6403,old_age_65_plus,0.0139420152
6403,working_age_15_64,0.1903350255
6403,young_0_14,0.1173633575
6404,old_age_65_plus,0.0000000000
6404,working_age_15_64,0.0000000000
6404,young_0_14,0.0000000000
6405,old_age_65_plus,0.0588342573
6405,working_age_15_64,0.2984935697
6405,young_0_14,0.0619250971
6406,old_age_65_plus,0.0000000000
6406,working_age_15_64,0.0000000000
6406,young_0_14,0.0000000000
6407,old_age_65_plus,0.0000000000
6407,working_age_15_64,0.0000000000
6407,young_0_14,0.0000000000
6408,old_age_65_plus,0.0000000000
6408,working_age_15_64,0.0000000000
6408,young_0_14,0.0000000000
6409,old_age_65_plus,0.0000000000
6409,working_age_15_64,0.0000000000
6409,young_0_14,0.0000000000
6410,old_age_65_plus,0.0000000000
6410,working_age_15_64,0.0000000000
6410,young_0_14,0.0000000000
6411,old_age_65_plus,0.0000000000
6411,working_age_15_64,0.0000000000
6411,young_0_14,0.0000000000
6412,old_age_65_plus,0.0000000000
6412,working_age_15_64,0.0000000000
6412,young_0_14,0.0000000000
6413,old_age_65_plus,0.9320675116
6413,working_age_15_64,9.5338661820
6413,young_0_14,3.8413371071
6414,old_age_65_plus,0.0000000000
6414,working_age_15_64,0.0000000000
6414,young_0_14,0.0000000000
6415,old_age_65_plus,0.1148739101
6415,working_age_15_64,1.4606656358
6415,young_0_14,0.7029747847
6416,old_age_65_plus,0.0000000000
6416,working_age_15_64,0.0000000000
6416,young_0_14,0.0000000000
6417,old_age_65_plus,0.0000000000
6417,working_age_15_64,0.0000000000
6417,young_0_14,0.0000000000
6418,old_age_65_plus,0.0000000000
6418,working_age_15_64,0.0000000000
6418,young_0_14,0.0000000000
6419,old_age_65_plus,0.0000000000
6419,working_age_15_64,0.0000000000
6419,young_0_14,0.0000000000
6420,old_age_65_plus,0.0000000000
6420,working_age_15_64,0.0000000000
6420,young_0_14,0.0000000000
6421,old_age_65_plus,0.0000000000
6421,working_age_15_64,0.0000000000
6421,young_0_14,0.0000000000
6422,old_age_65_plus,0.0000000000
6422,working_age_15_64,0.0000000000
6422,young_0_14,0.0000000000
6423,old_age_65_plus,0.5301852190
6423,working_age_15_64,2.9302437566
6423,young_0_14,0.7010910884
6424,old_age_65_plus,0.0000000000
6424,working_age_15_64,0.0000000000
6424,young_0_14,0.0000000000
6425,old_age_65_plus,0.0000000000
6425,working_age_15_64,0.0000000000
6425,young_0_14,0.0000000000
6426,old_age_65_plus,0.0000000000
6426,working_age_15_64,0.0000000000
6426,young_0_14,0.0000000000
6427,old_age_65_plus,0.0000000000
6427,working_age_15_64,0.0000000000
6427,young_0_14,0.0000000000
6428,old_age_65_plus,0.0000000000
6428,working_age_15_64,0.0000000000
6428,young_0_14,0.0000000000
6429,old_age_65_plus,0.0320423366
6429,working_age_15_64,0.4372401228
6429,young_0_14,0.2695432790
6430,old_age_65_plus,0.0000000000
6430,working_age_15_64,0.0000000000
6430,young_0_14,0.0000000000
6431,old_age_65_plus,0.0000000000
6431,working_age_15_64,0.0000000000
6431,young_0_14,0.0000000000
6432,old_age_65_plus,0.0000000000
6432,working_age_15_64,0.0000000000
6432,young_0_14,0.0000000000
6433,old_age_65_plus,0.0000000000
6433,working_age_15_64,0.0000000000
6433,young_0_14,0.0000000000
6434,old_age_65_plus,0.0419390534
6434,working_age_15_64,0.5725052180
6434,young_0_14,0.3530221954
6435,old_age_65_plus,0.0000000000
6435,working_age_15_64,0.0000000000
6435,young_0_14,0.0000000000
6436,old_age_65_plus,0.0000000000
6436,working_age_15_64,0.0000000000
6436,young_0_14,0.0000000000
6437,old_age_65_plus,0.0217141297
6437,working_age_15_64,0.2221407737
6437,young_0_14,0.0895033970
6438,old_age_65_plus,0.0000000000
6438,working_age_15_64,0.0000000000
6438,young_0_14,0.0000000000
6439,old_age_65_plus,0.0000000000
6439,working_age_15_64,0.0000000000
6439,young_0_14,0.0000000000
6440,old_age_65_plus,0.0000000000
6440,working_age_15_64,0.0000000000
6440,young_0_14,0.0000000000
6441,old_age_65_plus,0.0000000000
6441,working_age_15_64,0.0000000000
6441,young_0_14,0.0000000000
6442,old_age_65_plus,0.0000000000
6442,working_age_15_64,0.0000000000
6442,young_0_14,0.0000000000
6443,old_age_65_plus,0.0000000000
6443,working_age_15_64,0.0000000000
6443,young_0_14,0.0000000000
6444,old_age_65_plus,0.0000000000
6444,working_age_15_64,0.0000000000
6444,young_0_14,0.0000000000
6445,old_age_65_plus,0.0000000000
6445,working_age_15_64,0.0000000000
6445,young_0_14,0.0000000000
6446,old_age_65_plus,0.0000000000
6446,working_age_15_64,0.0000000000
6446,young_0_14,0.0000000000
6447,old_age_65_plus,0.2290075806
6447,working_age_15_64,3.1330733113
6447,young_0_14,1.9333010167
6448,old_age_65_plus,0.0000000000
6448,working_age_15_64,0.0000000000
6448,young_0_14,0.0000000000
6449,old_age_65_plus,0.0000000000
6449,working_age_15_64,0.0000000000
6449,young_0_14,0.0000000000
6450,old_age_65_plus,0.0111059507
6450,working_age_15_64,0.0816024682
6450,young_0_14,0.0142923205
6451,old_age_65_plus,0.0000000000
6451,working_age_15_64,0.0000000000
6451,young_0_14,0.0000000000
6452,old_age_65_plus,0.0000000000
6452,working_age_15_64,0.0000000000
6452,young_0_14,0.0000000000
6453,old_age_65_plus,0.0000000000
6453,working_age_15_64,0.0000000000
6453,young_0_14,0.0000000000
6454,old_age_65_plus,0.0000000000
6454,working_age_15_64,0.0000000000
6454,young_0_14,0.0000000000
6455,old_age_65_plus,0.0000000000
6455,working_age_15_64,0.0000000000
6455,young_0_14,0.0000000000
6456,old_age_65_plus,0.0000000000
6456,working_age_15_64,0.0000000000
6456,young_0_14,0.0000000000
6457,old_age_65_plus,0.0000000000
6457,working_age_15_64,0.0000000000
6457,young_0_14,0.0000000000
6458,old_age_65_plus,0.0000000000
6458,working_age_15_64,0.0000000000
6458,young_0_14,0.0000000000
6459,old_age_65_plus,0.0000000000
6459,working_age_15_64,0.0000000000
6459,young_0_14,0.0000000000
6460,old_age_65_plus,0.0000000000
6460,working_age_15_64,0.0000000000
6460,young_0_14,0.0000000000
6461,old_age_65_plus,0.0000000000
6461,working_age_15_64,0.0000000000
6461,young_0_14,0.0000000000
6462,old_age_65_plus,1.6200063229
6462,working_age_15_64,14.3683360815
6462,young_0_14,5.1470401734
6463,old_age_65_plus,0.0000000000
6463,working_age_15_64,0.0000000000
6463,young_0_14,0.0000000000
6464,old_age_65_plus,0.0000000000
6464,working_age_15_64,0.0000000000
6464,young_0_14,0.0000000000
6465,old_age_65_plus,0.0000000000
6465,working_age_15_64,0.0000000000
6465,young_0_14,0.0000000000
6466,old_age_65_plus,0.0000000000
6466,working_age_15_64,0.0000000000
6466,young_0_14,0.0000000000
6467,old_age_65_plus,0.0000000000
6467,working_age_15_64,0.0000000000
6467,young_0_14,0.0000000000
6468,old_age_65_plus,0.0000000000
6468,working_age_15_64,0.0000000000
6468,young_0_14,0.0000000000
6469,old_age_65_plus,0.0000000000
6469,working_age_15_64,0.0000000000
6469,young_0_14,0.0000000000
6470,old_age_65_plus,0.2576426682
6470,working_age_15_64,3.0556663759
6470,young_0_14,0.9188389536
6471,old_age_65_plus,0.0000000000
6471,working_age_15_64,0.0000000000
6471,young_0_14,0.0000000000
6472,old_age_65_plus,0.0000000000
6472,working_age_15_64,0.0000000000
6472,young_0_14,0.0000000000
6473,old_age_65_plus,0.0000000000
6473,working_age_15_64,0.0000000000
6473,young_0_14,0.0000000000
6474,old_age_65_plus,0.0093542996
6474,working_age_15_64,0.1083574945
6474,young_0_14,0.0312244492
6475,old_age_65_plus,0.3583368626
6475,working_age_15_64,3.1782028526
6475,young_0_14,1.1384995990
6476,old_age_65_plus,0.0000000000
6476,working_age_15_64,0.0000000000
6476,young_0_14,0.0000000000
6477,old_age_65_plus,0.0000000000
6477,working_age_15_64,0.0000000000
6477,young_0_14,0.0000000000
6478,old_age_65_plus,0.0000000000
6478,working_age_15_64,0.0000000000
6478,young_0_14,0.0000000000
6479,old_age_65_plus,0.0000000000
6479,working_age_15_64,0.0000000000
6479,young_0_14,0.0000000000
6480,old_age_65_plus,0.0000000000
6480,working_age_15_64,0.0000000000
6480,young_0_14,0.0000000000
6481,old_age_65_plus,0.0000000000
6481,working_age_15_64,0.0000000000
6481,young_0_14,0.0000000000
6482,old_age_65_plus,0.0000000000
6482,working_age_15_64,0.0000000000
6482,young_0_14,0.0000000000
6483,old_age_65_plus,0.0000000000
6483,working_age_15_64,0.0000000000
6483,young_0_14,0.0000000000
6484,old_age_65_plus,1.3861889672
6484,working_age_15_64,12.2945299745
6484,young_0_14,4.4041625112
6485,old_age_65_plus,0.0000000000
6485,working_age_15_64,0.0000000000
6485,young_0_14,0.0000000000
6486,old_age_65_plus,0.0000000000
6486,working_age_15_64,0.0000000000
6486,young_0_14,0.0000000000
6487,old_age_65_plus,0.0000000000
6487,working_age_15_64,0.0000000000
6487,young_0_14,0.0000000000
6488,old_age_65_plus,0.0209145225
6488,working_age_15_64,0.2855015467
6488,young_0_14,0.1760440385
6489,old_age_65_plus,0.0000000000
6489,working_age_15_64,0.0000000000
6489,young_0_14,0.0000000000
6490,old_age_65_plus,0.0000000000
6490,working_age_15_64,0.0000000000
6490,young_0_14,0.0000000000
6491,old_age_65_plus,0.0000000000
6491,working_age_15_64,0.0000000000
6491,young_0_14,0.0000000000
6492,old_age_65_plus,0.0000000000
6492,working_age_15_64,0.0000000000
6492,young_0_14,0.0000000000
6493,old_age_65_plus,0.0000000000
6493,working_age_15_64,0.0000000000
6493,young_0_14,0.0000000000
6494,old_age_65_plus,0.0000000000
6494,working_age_15_64,0.0000000000
6494,young_0_14,0.0000000000
6495,old_age_65_plus,0.0000000000
6495,working_age_15_64,0.0000000000
6495,young_0_14,0.0000000000
6496,old_age_65_plus,0.0000000000
6496,working_age_15_64,0.0000000000
6496,young_0_14,0.0000000000
6497,old_age_65_plus,0.0000000000
6497,working_age_15_64,0.0000000000
6497,young_0_14,0.0000000000
6498,old_age_65_plus,0.0000000000
6498,working_age_15_64,0.0000000000
6498,young_0_14,0.0000000000
6499,old_age_65_plus,0.0000000000
6499,working_age_15_64,0.0000000000
6499,young_0_14,0.0000000000
6500,old_age_65_plus,0.0000000000
6500,working_age_15_64,0.0000000000
6500,young_0_14,0.0000000000
6501,old_age_65_plus,0.0000000000
6501,working_age_15_64,0.0000000000
6501,young_0_14,0.0000000000
6502,old_age_65_plus,0.0000000000
6502,working_age_15_64,0.0000000000
6502,young_0_14,0.0000000000
6503,old_age_65_plus,0.0000000000
6503,working_age_15_64,0.0000000000
6503,young_0_14,0.0000000000
6504,old_age_65_plus,0.0000000000
6504,working_age_15_64,0.0000000000
6504,young_0_14,0.0000000000
6505,old_age_65_plus,0.0000000000
6505,working_age_15_64,0.0000000000
6505,young_0_14,0.0000000000
6506,old_age_65_plus,0.0000000000
6506,working_age_15_64,0.0000000000
6506,young_0_14,0.0000000000
6507,old_age_65_plus,0.0000000000
6507,working_age_15_64,0.0000000000
6507,young_0_14,0.0000000000
6508,old_age_65_plus,0.0000000000
6508,working_age_15_64,0.0000000000
6508,young_0_14,0.0000000000
6509,old_age_65_plus,0.0000000000
6509,working_age_15_64,0.0000000000
6509,young_0_14,0.0000000000
6510,old_age_65_plus,0.0000000000
6510,working_age_15_64,0.0000000000
6510,young_0_14,0.0000000000
6511,old_age_65_plus,0.0000000000
6511,working_age_15_64,0.0000000000
6511,young_0_14,0.0000000000
6512,old_age_65_plus,0.0000000000
6512,working_age_15_64,0.0000000000
6512,young_0_14,0.0000000000
6513,old_age_65_plus,0.0000000000
6513,working_age_15_64,0.0000000000
6513,young_0_14,0.0000000000
6514,old_age_65_plus,0.0000000000
6514,working_age_15_64,0.0000000000
6514,young_0_14,0.0000000000
6515,old_age_65_plus,0.0000000000
6515,working_age_15_64,0.0000000000
6515,young_0_14,0.0000000000
6516,old_age_65_plus,0.0000000000
6516,working_age_15_64,0.0000000000
6516,young_0_14,0.0000000000
6517,old_age_65_plus,0.0000000000
6517,working_age_15_64,0.0000000000
6517,young_0_14,0.0000000000
6518,old_age_65_plus,0.0000000000
6518,working_age_15_64,0.0000000000
6518,young_0_14,0.0000000000
6519,old_age_65_plus,0.0000000000
6519,working_age_15_64,0.0000000000
6519,young_0_14,0.0000000000
6520,old_age_65_plus,0.0314532899
6520,working_age_15_64,0.4293794055
6520,young_0_14,0.2647676496
6521,old_age_65_plus,0.0000000000
6521,working_age_15_64,0.0000000000
6521,young_0_14,0.0000000000
6522,old_age_65_plus,0.0000000000
6522,working_age_15_64,0.0000000000
6522,young_0_14,0.0000000000
6523,old_age_65_plus,0.0000000000
6523,working_age_15_64,0.0000000000
6523,young_0_14,0.0000000000
6524,old_age_65_plus,0.0000000000
6524,working_age_15_64,0.0000000000
6524,young_0_14,0.0000000000
6525,old_age_65_plus,0.0000000000
6525,working_age_15_64,0.0000000000
6525,young_0_14,0.0000000000
6526,old_age_65_plus,0.0000000000
6526,working_age_15_64,0.0000000000
6526,young_0_14,0.0000000000
6527,old_age_65_plus,0.0000000000
6527,working_age_15_64,0.0000000000
6527,young_0_14,0.0000000000
6528,old_age_65_plus,0.0000000000
6528,working_age_15_64,0.0000000000
6528,young_0_14,0.0000000000
6529,old_age_65_plus,0.0000000000
6529,working_age_15_64,0.0000000000
6529,young_0_14,0.0000000000
6530,old_age_65_plus,0.0000000000
6530,working_age_15_64,0.0000000000
6530,young_0_14,0.0000000000
6531,old_age_65_plus,0.0000000000
6531,working_age_15_64,0.0000000000
6531,young_0_14,0.0000000000
6532,old_age_65_plus,0.0000000000
6532,working_age_15_64,0.0000000000
6532,young_0_14,0.0000000000
6533,old_age_65_plus,0.1139890831
6533,working_age_15_64,0.5783241587
6533,young_0_14,0.1199728877
6534,old_age_65_plus,0.0000000000
6534,working_age_15_64,0.0000000000
6534,young_0_14,0.0000000000
6535,old_age_65_plus,0.0000000000
6535,working_age_15_64,0.0000000000
6535,young_0_14,0.0000000000
6536,old_age_65_plus,0.0129319412
6536,working_age_15_64,0.1765137899
6536,young_0_14,0.1088432409
6537,old_age_65_plus,0.0000000000
6537,working_age_15_64,0.0000000000
6537,young_0_14,0.0000000000
6538,old_age_65_plus,0.0000000000
6538,working_age_15_64,0.0000000000
6538,young_0_14,0.0000000000
6539,old_age_65_plus,0.0000000000
6539,working_age_15_64,0.0000000000
6539,young_0_14,0.0000000000
6540,old_age_65_plus,0.0000000000
6540,working_age_15_64,0.0000000000
6540,young_0_14,0.0000000000
6541,old_age_65_plus,0.0000000000
6541,working_age_15_64,0.0000000000
6541,young_0_14,0.0000000000
6542,old_age_65_plus,0.0000000000
6542,working_age_15_64,0.0000000000
6542,young_0_14,0.0000000000
6543,old_age_65_plus,0.0554538865
6543,working_age_15_64,0.5672145067
6543,young_0_14,0.2285403488
6544,old_age_65_plus,0.0000000000
6544,working_age_15_64,0.0000000000
6544,young_0_14,0.0000000000
6545,old_age_65_plus,0.0000000000
6545,working_age_15_64,0.0000000000
6545,young_0_14,0.0000000000
6546,old_age_65_plus,0.0000000000
6546,working_age_15_64,0.0000000000
6546,young_0_14,0.0000000000
6547,old_age_65_plus,0.0000000000
6547,working_age_15_64,0.0000000000
6547,young_0_14,0.0000000000
6548,old_age_65_plus,0.0000000000
6548,working_age_15_64,0.0000000000
6548,young_0_14,0.0000000000
6549,old_age_65_plus,0.0000000000
6549,working_age_15_64,0.0000000000
6549,young_0_14,0.0000000000
6550,old_age_65_plus,0.0307429831
6550,working_age_15_64,0.3162933681
6550,young_0_14,0.0991141780
6551,old_age_65_plus,0.0000000000
6551,working_age_15_64,0.0000000000
6551,young_0_14,0.0000000000
6552,old_age_65_plus,0.0000000000
6552,working_age_15_64,0.0000000000
6552,young_0_14,0.0000000000
6553,old_age_65_plus,0.0000000000
6553,working_age_15_64,0.0000000000
6553,young_0_14,0.0000000000
6554,old_age_65_plus,0.0000000000
6554,working_age_15_64,0.0000000000
6554,young_0_14,0.0000000000
6555,old_age_65_plus,0.0000000000
6555,working_age_15_64,0.0000000000
6555,young_0_14,0.0000000000
6556,old_age_65_plus,0.0000000000
6556,working_age_15_64,0.0000000000
6556,young_0_14,0.0000000000
6557,old_age_65_plus,0.0000000000
6557,working_age_15_64,0.0000000000
6557,young_0_14,0.0000000000
6558,old_age_65_plus,0.0000000000
6558,working_age_15_64,0.0000000000
6558,young_0_14,0.0000000000
6559,old_age_65_plus,0.0000000000
6559,working_age_15_64,0.0000000000
6559,young_0_14,0.0000000000
6560,old_age_65_plus,0.0000000000
6560,working_age_15_64,0.0000000000
6560,young_0_14,0.0000000000
6561,old_age_65_plus,0.0000000000
6561,working_age_15_64,0.0000000000
6561,young_0_14,0.0000000000
6562,old_age_65_plus,0.1558354092
6562,working_age_15_64,1.3992008604
6562,young_0_14,0.3386750598
6563,old_age_65_plus,0.0000000000
6563,working_age_15_64,0.0000000000
6563,young_0_14,0.0000000000
6564,old_age_65_plus,0.0000000000
6564,working_age_15_64,0.0000000000
6564,young_0_14,0.0000000000
6565,old_age_65_plus,0.0000000000
6565,working_age_15_64,0.0000000000
6565,young_0_14,0.0000000000
6566,old_age_65_plus,0.0072185225
6566,working_age_15_64,0.0987408326
6566,young_0_14,0.0609279731
6567,old_age_65_plus,0.0000000000
6567,working_age_15_64,0.0000000000
6567,young_0_14,0.0000000000
6568,old_age_65_plus,0.0000000000
6568,working_age_15_64,0.0000000000
6568,young_0_14,0.0000000000
6569,old_age_65_plus,0.0000000000
6569,working_age_15_64,0.0000000000
6569,young_0_14,0.0000000000
6570,old_age_65_plus,0.0000000000
6570,working_age_15_64,0.0000000000
6570,young_0_14,0.0000000000
6571,old_age_65_plus,0.1585647670
6571,working_age_15_64,1.4382561408
6571,young_0_14,0.7599645462
6572,old_age_65_plus,0.0000000000
6572,working_age_15_64,0.0000000000
6572,young_0_14,0.0000000000
6573,old_age_65_plus,1.2426104043
6573,working_age_15_64,11.0210953653
6573,young_0_14,3.9479921982
6574,old_age_65_plus,0.0000000000
6574,working_age_15_64,0.0000000000
6574,young_0_14,0.0000000000
6575,old_age_65_plus,0.0000000000
6575,working_age_15_64,0.0000000000
6575,young_0_14,0.0000000000
6576,old_age_65_plus,0.0000000000
6576,working_age_15_64,0.0000000000
6576,young_0_14,0.0000000000
6577,old_age_65_plus,0.0000000000
6577,working_age_15_64,0.0000000000
6577,young_0_14,0.0000000000
6578,old_age_65_plus,0.0000000000
6578,working_age_15_64,0.0000000000
6578,young_0_14,0.0000000000
6579,old_age_65_plus,0.0000000000
6579,working_age_15_64,0.0000000000
6579,young_0_14,0.0000000000
6580,old_age_65_plus,0.0000000000
6580,working_age_15_64,0.0000000000
6580,young_0_14,0.0000000000
6581,old_age_65_plus,0.0000000000
6581,working_age_15_64,0.0000000000
6581,young_0_14,0.0000000000
6582,old_age_65_plus,0.0000000000
6582,working_age_15_64,0.0000000000
6582,young_0_14,0.0000000000
6583,old_age_65_plus,0.0000000000
6583,working_age_15_64,0.0000000000
6583,young_0_14,0.0000000000
6584,old_age_65_plus,0.0000000000
6584,working_age_15_64,0.0000000000
6584,young_0_14,0.0000000000
6585,old_age_65_plus,0.0000000000
6585,working_age_15_64,0.0000000000
6585,young_0_14,0.0000000000
6586,old_age_65_plus,0.0000000000
6586,working_age_15_64,0.0000000000
6586,young_0_14,0.0000000000
6587,old_age_65_plus,0.0000000000
6587,working_age_15_64,0.0000000000
6587,young_0_14,0.0000000000
6588,old_age_65_plus,0.0000000000
6588,working_age_15_64,0.0000000000
6588,young_0_14,0.0000000000
6589,old_age_65_plus,0.0000000000
6589,working_age_15_64,0.0000000000
6589,young_0_14,0.0000000000
6590,old_age_65_plus,0.0000000000
6590,working_age_15_64,0.0000000000
6590,young_0_14,0.0000000000
6591,old_age_65_plus,0.0000000000
6591,working_age_15_64,0.0000000000
6591,young_0_14,0.0000000000
6592,old_age_65_plus,0.0000000000
6592,working_age_15_64,0.0000000000
6592,young_0_14,0.0000000000
6593,old_age_65_plus,0.0000000000
6593,working_age_15_64,0.0000000000
6593,young_0_14,0.0000000000
6594,old_age_65_plus,0.0000000000
6594,working_age_15_64,0.0000000000
6594,young_0_14,0.0000000000
6595,old_age_65_plus,0.0000000000
6595,working_age_15_64,0.0000000000
6595,young_0_14,0.0000000000
6596,old_age_65_plus,0.0000000000
6596,working_age_15_64,0.0000000000
6596,young_0_14,0.0000000000
6597,old_age_65_plus,0.0000000000
6597,working_age_15_64,0.0000000000
6597,young_0_14,0.0000000000
6598,old_age_65_plus,0.0000000000
6598,working_age_15_64,0.0000000000
6598,young_0_14,0.0000000000
6599,old_age_65_plus,0.0700851992
6599,working_age_15_64,0.6356995218
6599,young_0_14,0.3358979980
6600,old_age_65_plus,0.0000000000
6600,working_age_15_64,0.0000000000
6600,young_0_14,0.0000000000
6601,old_age_65_plus,0.0000000000
6601,working_age_15_64,0.0000000000
6601,young_0_14,0.0000000000
6602,old_age_65_plus,0.0104847633
6602,working_age_15_64,0.1431278046
6602,young_0_14,0.0882565503
6603,old_age_65_plus,0.0000000000
6603,working_age_15_64,0.0000000000
6603,young_0_14,0.0000000000
6604,old_age_65_plus,0.0000000000
6604,working_age_15_64,0.0000000000
6604,young_0_14,0.0000000000
6605,old_age_65_plus,0.0000000000
6605,working_age_15_64,0.0000000000
6605,young_0_14,0.0000000000
6606,old_age_65_plus,0.0000000000
6606,working_age_15_64,0.0000000000
6606,young_0_14,0.0000000000
6607,old_age_65_plus,0.0000000000
6607,working_age_15_64,0.0000000000
6607,young_0_14,0.0000000000
6608,old_age_65_plus,0.0607054322
6608,working_age_15_64,0.8289491772
6608,young_0_14,0.5108748577
6609,old_age_65_plus,0.0000000000
6609,working_age_15_64,0.0000000000
6609,young_0_14,0.0000000000
6610,old_age_65_plus,0.0000000000
6610,working_age_15_64,0.0000000000
6610,young_0_14,0.0000000000
6611,old_age_65_plus,0.0000000000
6611,working_age_15_64,0.0000000000
6611,young_0_14,0.0000000000
6612,old_age_65_plus,0.0000000000
6612,working_age_15_64,0.0000000000
6612,young_0_14,0.0000000000
6613,old_age_65_plus,0.0000000000
6613,working_age_15_64,0.0000000000
6613,young_0_14,0.0000000000
6614,old_age_65_plus,0.0000000000
6614,working_age_15_64,0.0000000000
6614,young_0_14,0.0000000000
6615,old_age_65_plus,0.0000000000
6615,working_age_15_64,0.0000000000
6615,young_0_14,0.0000000000
6616,old_age_65_plus,0.0000000000
6616,working_age_15_64,0.0000000000
6616,young_0_14,0.0000000000
6617,old_age_65_plus,0.0195709663
6617,working_age_15_64,0.2204183331
6617,young_0_14,0.0995956912
6618,old_age_65_plus,0.0000000000
6618,working_age_15_64,0.0000000000
6618,young_0_14,0.0000000000
6619,old_age_65_plus,0.0000000000
6619,working_age_15_64,0.0000000000
6619,young_0_14,0.0000000000
6620,old_age_65_plus,0.0000000000
6620,working_age_15_64,0.0000000000
6620,young_0_14,0.0000000000
6621,old_age_65_plus,0.0000000000
6621,working_age_15_64,0.0000000000
6621,young_0_14,0.0000000000
6622,old_age_65_plus,0.0000000000
6622,working_age_15_64,0.0000000000
6622,young_0_14,0.0000000000
6623,old_age_65_plus,0.0000000000
6623,working_age_15_64,0.0000000000
6623,young_0_14,0.0000000000
6624,old_age_65_plus,0.0000000000
6624,working_age_15_64,0.0000000000
6624,young_0_14,0.0000000000
6625,old_age_65_plus,0.0000000000
6625,working_age_15_64,0.0000000000
6625,young_0_14,0.0000000000
6626,old_age_65_plus,0.0533467775
6626,working_age_15_64,0.6549523589
6626,young_0_14,0.3362135750
6627,old_age_65_plus,0.0000000000
6627,working_age_15_64,0.0000000000
6627,young_0_14,0.0000000000
6628,old_age_65_plus,0.0000000000
6628,working_age_15_64,0.0000000000
6628,young_0_14,0.0000000000
6629,old_age_65_plus,0.0000000000
6629,working_age_15_64,0.0000000000
6629,young_0_14,0.0000000000
6630,old_age_65_plus,0.0000000000
6630,working_age_15_64,0.0000000000
6630,young_0_14,0.0000000000
6631,old_age_65_plus,0.0000000000
6631,working_age_15_64,0.0000000000
6631,young_0_14,0.0000000000
6632,old_age_65_plus,0.0000000000
6632,working_age_15_64,0.0000000000
6632,young_0_14,0.0000000000
6633,old_age_65_plus,0.0000000000
6633,working_age_15_64,0.0000000000
6633,young_0_14,0.0000000000
6634,old_age_65_plus,0.0000000000
6634,working_age_15_64,0.0000000000
6634,young_0_14,0.0000000000
6635,old_age_65_plus,0.0000000000
6635,working_age_15_64,0.0000000000
6635,young_0_14,0.0000000000
6636,old_age_65_plus,0.0562520909
6636,working_age_15_64,0.3057030700
6636,young_0_14,0.1001658579
6637,old_age_65_plus,0.0000000000
6637,working_age_15_64,0.0000000000
6637,young_0_14,0.0000000000
6638,old_age_65_plus,0.0000000000
6638,working_age_15_64,0.0000000000
6638,young_0_14,0.0000000000
6639,old_age_65_plus,0.0000000000
6639,working_age_15_64,0.0000000000
6639,young_0_14,0.0000000000
6640,old_age_65_plus,0.0000000000
6640,working_age_15_64,0.0000000000
6640,young_0_14,0.0000000000
6641,old_age_65_plus,0.0000000000
6641,working_age_15_64,0.0000000000
6641,young_0_14,0.0000000000
6642,old_age_65_plus,0.0000000000
6642,working_age_15_64,0.0000000000
6642,young_0_14,0.0000000000
6643,old_age_65_plus,0.0000000000
6643,working_age_15_64,0.0000000000
6643,young_0_14,0.0000000000
6644,old_age_65_plus,0.0000000000
6644,working_age_15_64,0.0000000000
6644,young_0_14,0.0000000000
6645,old_age_65_plus,0.0000000000
6645,working_age_15_64,0.0000000000
6645,young_0_14,0.0000000000
6646,old_age_65_plus,0.0000000000
6646,working_age_15_64,0.0000000000
6646,young_0_14,0.0000000000
6647,old_age_65_plus,0.0000000000
6647,working_age_15_64,0.0000000000
6647,young_0_14,0.0000000000
6648,old_age_65_plus,0.0000000000
6648,working_age_15_64,0.0000000000
6648,young_0_14,0.0000000000
6649,old_age_65_plus,0.0000000000
6649,working_age_15_64,0.0000000000
6649,young_0_14,0.0000000000
6650,old_age_65_plus,0.0000000000
6650,working_age_15_64,0.0000000000
6650,young_0_14,0.0000000000
6651,old_age_65_plus,0.0000000000
6651,working_age_15_64,0.0000000000
6651,young_0_14,0.0000000000
6652,old_age_65_plus,0.0458423368
6652,working_age_15_64,0.6258129831
6652,young_0_14,0.3858954944
6653,old_age_65_plus,0.0000000000
6653,working_age_15_64,0.0000000000
6653,young_0_14,0.0000000000
6654,old_age_65_plus,0.0000000000
6654,working_age_15_64,0.0000000000
6654,young_0_14,0.0000000000
6655,old_age_65_plus,0.0000000000
6655,working_age_15_64,0.0000000000
6655,young_0_14,0.0000000000
6656,old_age_65_plus,2.7439145707
6656,working_age_15_64,33.6924870014
6656,young_0_14,11.6289735138
6657,old_age_65_plus,0.0000000000
6657,working_age_15_64,0.0000000000
6657,young_0_14,0.0000000000
6658,old_age_65_plus,0.0000000000
6658,working_age_15_64,0.0000000000
6658,young_0_14,0.0000000000
6659,old_age_65_plus,0.0000000000
6659,working_age_15_64,0.0000000000
6659,young_0_14,0.0000000000
6660,old_age_65_plus,0.0000000000
6660,working_age_15_64,0.0000000000
6660,young_0_14,0.0000000000
6661,old_age_65_plus,0.0094083186
6661,working_age_15_64,0.1089797153
6661,young_0_14,0.0314025031
6662,old_age_65_plus,0.0000000000
6662,working_age_15_64,0.0000000000
6662,young_0_14,0.0000000000
6663,old_age_65_plus,0.0330614069
6663,working_age_15_64,0.4513183832
6663,young_0_14,0.2782874107
6664,old_age_65_plus,0.0000000000
6664,working_age_15_64,0.0000000000
6664,young_0_14,0.0000000000
6665,old_age_65_plus,0.0000000000
6665,working_age_15_64,0.0000000000
6665,young_0_14,0.0000000000
6666,old_age_65_plus,0.0000000000
6666,working_age_15_64,0.0000000000
6666,young_0_14,0.0000000000
6667,old_age_65_plus,0.0000000000
6667,working_age_15_64,0.0000000000
6667,young_0_14,0.0000000000
6668,old_age_65_plus,0.0000000000
6668,working_age_15_64,0.0000000000
6668,young_0_14,0.0000000000
6669,old_age_65_plus,0.0000000000
6669,working_age_15_64,0.0000000000
6669,young_0_14,0.0000000000
6670,old_age_65_plus,0.0000000000
6670,working_age_15_64,0.0000000000
6670,young_0_14,0.0000000000
6671,old_age_65_plus,0.0000000000
6671,working_age_15_64,0.0000000000
6671,young_0_14,0.0000000000
6672,old_age_65_plus,0.0000000000
6672,working_age_15_64,0.0000000000
6672,young_0_14,0.0000000000
6673,old_age_65_plus,0.0000000000
6673,working_age_15_64,0.0000000000
6673,young_0_14,0.0000000000
6674,old_age_65_plus,0.0000000000
6674,working_age_15_64,0.0000000000
6674,young_0_14,0.0000000000
6675,old_age_65_plus,0.0000000000
6675,working_age_15_64,0.0000000000
6675,young_0_14,0.0000000000
6676,old_age_65_plus,4.1547448710
6676,working_age_15_64,60.8971879482
6676,young_0_14,20.2631482780
6677,old_age_65_plus,0.0000000000
6677,working_age_15_64,0.0000000000
6677,young_0_14,0.0000000000
6678,old_age_65_plus,0.0000000000
6678,working_age_15_64,0.0000000000
6678,young_0_14,0.0000000000
6679,old_age_65_plus,0.0000000000
6679,working_age_15_64,0.0000000000
6679,young_0_14,0.0000000000
6680,old_age_65_plus,0.0000000000
6680,working_age_15_64,0.0000000000
6680,young_0_14,0.0000000000
6681,old_age_65_plus,0.0000000000
6681,working_age_15_64,0.0000000000
6681,young_0_14,0.0000000000
6682,old_age_65_plus,0.0000000000
6682,working_age_15_64,0.0000000000
6682,young_0_14,0.0000000000
6683,old_age_65_plus,0.0000000000
6683,working_age_15_64,0.0000000000
6683,young_0_14,0.0000000000
6684,old_age_65_plus,0.0000000000
6684,working_age_15_64,0.0000000000
6684,young_0_14,0.0000000000
6685,old_age_65_plus,0.0000000000
6685,working_age_15_64,0.0000000000
6685,young_0_14,0.0000000000
6686,old_age_65_plus,0.0000000000
6686,working_age_15_64,0.0000000000
6686,young_0_14,0.0000000000
6687,old_age_65_plus,0.0000000000
6687,working_age_15_64,0.0000000000
6687,young_0_14,0.0000000000
6688,old_age_65_plus,0.0000000000
6688,working_age_15_64,0.0000000000
6688,young_0_14,0.0000000000
6689,old_age_65_plus,0.0000000000
6689,working_age_15_64,0.0000000000
6689,young_0_14,0.0000000000
6690,old_age_65_plus,0.0000000000
6690,working_age_15_64,0.0000000000
6690,young_0_14,0.0000000000
6691,old_age_65_plus,0.0000000000
6691,working_age_15_64,0.0000000000
6691,young_0_14,0.0000000000
6692,old_age_65_plus,0.0000000000
6692,working_age_15_64,0.0000000000
6692,young_0_14,0.0000000000
6693,old_age_65_plus,0.0000000000
6693,working_age_15_64,0.0000000000
6693,young_0_14,0.0000000000
6694,old_age_65_plus,0.0000000000
6694,working_age_15_64,0.0000000000
6694,young_0_14,0.0000000000
6695,old_age_65_plus,0.0000000000
6695,working_age_15_64,0.0000000000
6695,young_0_14,0.0000000000
6696,old_age_65_plus,0.0000000000
6696,working_age_15_64,0.0000000000
6696,young_0_14,0.0000000000
6697,old_age_65_plus,0.0000000000
6697,working_age_15_64,0.0000000000
6697,young_0_14,0.0000000000
6698,old_age_65_plus,0.0000000000
6698,working_age_15_64,0.0000000000
6698,young_0_14,0.0000000000
6699,old_age_65_plus,0.0000000000
6699,working_age_15_64,0.0000000000
6699,young_0_14,0.0000000000
6700,old_age_65_plus,0.0000000000
6700,working_age_15_64,0.0000000000
6700,young_0_14,0.0000000000
6701,old_age_65_plus,0.0495036073
6701,working_age_15_64,0.4390555639
6701,young_0_14,0.1572796619
6702,old_age_65_plus,0.0000000000
6702,working_age_15_64,0.0000000000
6702,young_0_14,0.0000000000
6703,old_age_65_plus,0.0000000000
6703,working_age_15_64,0.0000000000
6703,young_0_14,0.0000000000
6704,old_age_65_plus,0.0000000000
6704,working_age_15_64,0.0000000000
6704,young_0_14,0.0000000000
6705,old_age_65_plus,0.0000000000
6705,working_age_15_64,0.0000000000
6705,young_0_14,0.0000000000
6706,old_age_65_plus,0.0000000000
6706,working_age_15_64,0.0000000000
6706,young_0_14,0.0000000000
6707,old_age_65_plus,0.0000000000
6707,working_age_15_64,0.0000000000
6707,young_0_14,0.0000000000
6708,old_age_65_plus,0.0000000000
6708,working_age_15_64,0.0000000000
6708,young_0_14,0.0000000000
6709,old_age_65_plus,0.0000000000
6709,working_age_15_64,0.0000000000
6709,young_0_14,0.0000000000
6710,old_age_65_plus,0.0000000000
6710,working_age_15_64,0.0000000000
6710,young_0_14,0.0000000000
6711,old_age_65_plus,0.0000000000
6711,working_age_15_64,0.0000000000
6711,young_0_14,0.0000000000
6712,old_age_65_plus,0.0000000000
6712,working_age_15_64,0.0000000000
6712,young_0_14,0.0000000000
6713,old_age_65_plus,0.0721712244
6713,working_age_15_64,0.9873673227
6713,young_0_14,0.6092657279
6714,old_age_65_plus,0.0000000000
6714,working_age_15_64,0.0000000000
6714,young_0_14,0.0000000000
6715,old_age_65_plus,0.0000000000
6715,working_age_15_64,0.0000000000
6715,young_0_14,0.0000000000
6716,old_age_65_plus,0.0000000000
6716,working_age_15_64,0.0000000000
6716,young_0_14,0.0000000000
6717,old_age_65_plus,0.0000000000
6717,working_age_15_64,0.0000000000
6717,young_0_14,0.0000000000
6718,old_age_65_plus,0.0000000000
6718,working_age_15_64,0.0000000000
6718,young_0_14,0.0000000000
6719,old_age_65_plus,0.0000000000
6719,working_age_15_64,0.0000000000
6719,young_0_14,0.0000000000
6720,old_age_65_plus,0.0000000000
6720,working_age_15_64,0.0000000000
6720,young_0_14,0.0000000000
6721,old_age_65_plus,0.0000000000
6721,working_age_15_64,0.0000000000
6721,young_0_14,0.0000000000
6722,old_age_65_plus,0.0000000000
6722,working_age_15_64,0.0000000000
6722,young_0_14,0.0000000000
6723,old_age_65_plus,0.0000000000
6723,working_age_15_64,0.0000000000
6723,young_0_14,0.0000000000
6724,old_age_65_plus,0.0000000000
6724,working_age_15_64,0.0000000000
6724,young_0_14,0.0000000000
6725,old_age_65_plus,0.0000000000
6725,working_age_15_64,0.0000000000
6725,young_0_14,0.0000000000
6726,old_age_65_plus,0.0000000000
6726,working_age_15_64,0.0000000000
6726,young_0_14,0.0000000000
6727,old_age_65_plus,0.0000000000
6727,working_age_15_64,0.0000000000
6727,young_0_14,0.0000000000
6728,old_age_65_plus,0.0000000000
6728,working_age_15_64,0.0000000000
6728,young_0_14,0.0000000000
6729,old_age_65_plus,0.0000000000
6729,working_age_15_64,0.0000000000
6729,young_0_14,0.0000000000
6730,old_age_65_plus,0.0000000000
6730,working_age_15_64,0.0000000000
6730,young_0_14,0.0000000000
6731,old_age_65_plus,0.0000000000
6731,working_age_15_64,0.0000000000
6731,young_0_14,0.0000000000
6732,old_age_65_plus,0.0000000000
6732,working_age_15_64,0.0000000000
6732,young_0_14,0.0000000000
6733,old_age_65_plus,0.0000000000
6733,working_age_15_64,0.0000000000
6733,young_0_14,0.0000000000
6734,old_age_65_plus,0.0000000000
6734,working_age_15_64,0.0000000000
6734,young_0_14,0.0000000000
6735,old_age_65_plus,0.0000000000
6735,working_age_15_64,0.0000000000
6735,young_0_14,0.0000000000
6736,old_age_65_plus,0.0000000000
6736,working_age_15_64,0.0000000000
6736,young_0_14,0.0000000000
6737,old_age_65_plus,0.0000000000
6737,working_age_15_64,0.0000000000
6737,young_0_14,0.0000000000
6738,old_age_65_plus,0.0399951068
6738,working_age_15_64,0.4632415660
6738,young_0_14,0.1334873955
6739,old_age_65_plus,0.0000000000
6739,working_age_15_64,0.0000000000
6739,young_0_14,0.0000000000
6740,old_age_65_plus,0.0000000000
6740,working_age_15_64,0.0000000000
6740,young_0_14,0.0000000000
6741,old_age_65_plus,0.0000000000
6741,working_age_15_64,0.0000000000
6741,young_0_14,0.0000000000
6742,old_age_65_plus,0.0000000000
6742,working_age_15_64,0.0000000000
6742,young_0_14,0.0000000000
6743,old_age_65_plus,0.0000000000
6743,working_age_15_64,0.0000000000
6743,young_0_14,0.0000000000
6744,old_age_65_plus,0.0000000000
6744,working_age_15_64,0.0000000000
6744,young_0_14,0.0000000000
6745,old_age_65_plus,0.0000000000
6745,working_age_15_64,0.0000000000
6745,young_0_14,0.0000000000
6746,old_age_65_plus,0.0000000000
6746,working_age_15_64,0.0000000000
6746,young_0_14,0.0000000000
6747,old_age_65_plus,0.0000000000
6747,working_age_15_64,0.0000000000
6747,young_0_14,0.0000000000
6748,old_age_65_plus,0.0000000000
6748,working_age_15_64,0.0000000000
6748,young_0_14,0.0000000000
6749,old_age_65_plus,0.0000000000
6749,working_age_15_64,0.0000000000
6749,young_0_14,0.0000000000
6750,old_age_65_plus,0.0000000000
6750,working_age_15_64,0.0000000000
6750,young_0_14,0.0000000000
6751,old_age_65_plus,0.0000000000
6751,working_age_15_64,0.0000000000
6751,young_0_14,0.0000000000
6752,old_age_65_plus,0.0000000000
6752,working_age_15_64,0.0000000000
6752,young_0_14,0.0000000000
6753,old_age_65_plus,0.0395130557
6753,working_age_15_64,0.4041626006
6753,young_0_14,0.1628442616
6754,old_age_65_plus,0.0000000000
6754,working_age_15_64,0.0000000000
6754,young_0_14,0.0000000000
6755,old_age_65_plus,0.0000000000
6755,working_age_15_64,0.0000000000
6755,young_0_14,0.0000000000
6756,old_age_65_plus,0.0000000000
6756,working_age_15_64,0.0000000000
6756,young_0_14,0.0000000000
6757,old_age_65_plus,0.0000000000
6757,working_age_15_64,0.0000000000
6757,young_0_14,0.0000000000
6758,old_age_65_plus,0.0000000000
6758,working_age_15_64,0.0000000000
6758,young_0_14,0.0000000000
6759,old_age_65_plus,0.0000000000
6759,working_age_15_64,0.0000000000
6759,young_0_14,0.0000000000
6760,old_age_65_plus,0.0000000000
6760,working_age_15_64,0.0000000000
6760,young_0_14,0.0000000000
6761,old_age_65_plus,0.0000000000
6761,working_age_15_64,0.0000000000
6761,young_0_14,0.0000000000
6762,old_age_65_plus,0.0000000000
6762,working_age_15_64,0.0000000000
6762,young_0_14,0.0000000000
6763,old_age_65_plus,0.0000000000
6763,working_age_15_64,0.0000000000
6763,young_0_14,0.0000000000
6764,old_age_65_plus,0.0000000000
6764,working_age_15_64,0.0000000000
6764,young_0_14,0.0000000000
6765,old_age_65_plus,0.0000000000
6765,working_age_15_64,0.0000000000
6765,young_0_14,0.0000000000
6766,old_age_65_plus,0.0000000000
6766,working_age_15_64,0.0000000000
6766,young_0_14,0.0000000000
6767,old_age_65_plus,0.0000000000
6767,working_age_15_64,0.0000000000
6767,young_0_14,0.0000000000
6768,old_age_65_plus,0.0209675264
6768,working_age_15_64,0.2862526104
6768,young_0_14,0.1765090991
6769,old_age_65_plus,0.0000000000
6769,working_age_15_64,0.0000000000
6769,young_0_14,0.0000000000
6770,old_age_65_plus,0.0000000000
6770,working_age_15_64,0.0000000000
6770,young_0_14,0.0000000000
6771,old_age_65_plus,0.0000000000
6771,working_age_15_64,0.0000000000
6771,young_0_14,0.0000000000
6772,old_age_65_plus,0.0000000000
6772,working_age_15_64,0.0000000000
6772,young_0_14,0.0000000000
6773,old_age_65_plus,0.0000000000
6773,working_age_15_64,0.0000000000
6773,young_0_14,0.0000000000
6774,old_age_65_plus,0.0000000000
6774,working_age_15_64,0.0000000000
6774,young_0_14,0.0000000000
6775,old_age_65_plus,0.0000000000
6775,working_age_15_64,0.0000000000
6775,young_0_14,0.0000000000
6776,old_age_65_plus,0.0000000000
6776,working_age_15_64,0.0000000000
6776,young_0_14,0.0000000000
6777,old_age_65_plus,0.0000000000
6777,working_age_15_64,0.0000000000
6777,young_0_14,0.0000000000
6778,old_age_65_plus,0.0000000000
6778,working_age_15_64,0.0000000000
6778,young_0_14,0.0000000000
6779,old_age_65_plus,0.0000000000
6779,working_age_15_64,0.0000000000
6779,young_0_14,0.0000000000
6780,old_age_65_plus,0.0000000000
6780,working_age_15_64,0.0000000000
6780,young_0_14,0.0000000000
6781,old_age_65_plus,0.0000000000
6781,working_age_15_64,0.0000000000
6781,young_0_14,0.0000000000
6782,old_age_65_plus,0.0000000000
6782,working_age_15_64,0.0000000000
6782,young_0_14,0.0000000000
6783,old_age_65_plus,0.0000000000
6783,working_age_15_64,0.0000000000
6783,young_0_14,0.0000000000
6784,old_age_65_plus,0.0000000000
6784,working_age_15_64,0.0000000000
6784,young_0_14,0.0000000000
6785,old_age_65_plus,0.0000000000
6785,working_age_15_64,0.0000000000
6785,young_0_14,0.0000000000
6786,old_age_65_plus,0.0000000000
6786,working_age_15_64,0.0000000000
6786,young_0_14,0.0000000000
6787,old_age_65_plus,0.0000000000
6787,working_age_15_64,0.0000000000
6787,young_0_14,0.0000000000
6788,old_age_65_plus,0.0000000000
6788,working_age_15_64,0.0000000000
6788,young_0_14,0.0000000000
6789,old_age_65_plus,0.0000000000
6789,working_age_15_64,0.0000000000
6789,young_0_14,0.0000000000
6790,old_age_65_plus,0.0000000000
6790,working_age_15_64,0.0000000000
6790,young_0_14,0.0000000000
6791,old_age_65_plus,0.0000000000
6791,working_age_15_64,0.0000000000
6791,young_0_14,0.0000000000
6792,old_age_65_plus,0.0000000000
6792,working_age_15_64,0.0000000000
6792,young_0_14,0.0000000000
6793,old_age_65_plus,0.0000000000
6793,working_age_15_64,0.0000000000
6793,young_0_14,0.0000000000
6794,old_age_65_plus,0.0000000000
6794,working_age_15_64,0.0000000000
6794,young_0_14,0.0000000000
6795,old_age_65_plus,0.0000000000
6795,working_age_15_64,0.0000000000
6795,young_0_14,0.0000000000
6796,old_age_65_plus,0.0000000000
6796,working_age_15_64,0.0000000000
6796,young_0_14,0.0000000000
6797,old_age_65_plus,0.0000000000
6797,working_age_15_64,0.0000000000
6797,young_0_14,0.0000000000
6798,old_age_65_plus,0.0000000000
6798,working_age_15_64,0.0000000000
6798,young_0_14,0.0000000000
6799,old_age_65_plus,0.0000000000
6799,working_age_15_64,0.0000000000
6799,young_0_14,0.0000000000
6800,old_age_65_plus,0.0000000000
6800,working_age_15_64,0.0000000000
6800,young_0_14,0.0000000000
6801,old_age_65_plus,0.0000000000
6801,working_age_15_64,0.0000000000
6801,young_0_14,0.0000000000
6802,old_age_65_plus,0.0000000000
6802,working_age_15_64,0.0000000000
6802,young_0_14,0.0000000000
6803,old_age_65_plus,0.0000000000
6803,working_age_15_64,0.0000000000
6803,young_0_14,0.0000000000
6804,old_age_65_plus,0.0000000000
6804,working_age_15_64,0.0000000000
6804,young_0_14,0.0000000000
6805,old_age_65_plus,0.0000000000
6805,working_age_15_64,0.0000000000
6805,young_0_14,0.0000000000
6806,old_age_65_plus,0.0000000000
6806,working_age_15_64,0.0000000000
6806,young_0_14,0.0000000000
6807,old_age_65_plus,0.0000000000
6807,working_age_15_64,0.0000000000
6807,young_0_14,0.0000000000
6808,old_age_65_plus,0.0000000000
6808,working_age_15_64,0.0000000000
6808,young_0_14,0.0000000000
6809,old_age_65_plus,0.0000000000
6809,working_age_15_64,0.0000000000
6809,young_0_14,0.0000000000
6810,old_age_65_plus,0.0000000000
6810,working_age_15_64,0.0000000000
6810,young_0_14,0.0000000000
6811,old_age_65_plus,0.0000000000
6811,working_age_15_64,0.0000000000
6811,young_0_14,0.0000000000
6812,old_age_65_plus,0.0000000000
6812,working_age_15_64,0.0000000000
6812,young_0_14,0.0000000000
6813,old_age_65_plus,0.0000000000
6813,working_age_15_64,0.0000000000
6813,young_0_14,0.0000000000
6814,old_age_65_plus,0.0000000000
6814,working_age_15_64,0.0000000000
6814,young_0_14,0.0000000000
6815,old_age_65_plus,0.0000000000
6815,working_age_15_64,0.0000000000
6815,young_0_14,0.0000000000
6816,old_age_65_plus,0.0000000000
6816,working_age_15_64,0.0000000000
6816,young_0_14,0.0000000000
6817,old_age_65_plus,0.0000000000
6817,working_age_15_64,0.0000000000
6817,young_0_14,0.0000000000
6818,old_age_65_plus,0.0000000000
6818,working_age_15_64,0.0000000000
6818,young_0_14,0.0000000000
6819,old_age_65_plus,0.0000000000
6819,working_age_15_64,0.0000000000
6819,young_0_14,0.0000000000
6820,old_age_65_plus,0.0000000000
6820,working_age_15_64,0.0000000000
6820,young_0_14,0.0000000000
6821,old_age_65_plus,0.0000000000
6821,working_age_15_64,0.0000000000
6821,young_0_14,0.0000000000
6822,old_age_65_plus,0.0000000000
6822,working_age_15_64,0.0000000000
6822,young_0_14,0.0000000000
6823,old_age_65_plus,0.0174742720
6823,working_age_15_64,0.2385433372
6823,young_0_14,0.1470912467
6824,old_age_65_plus,0.0000000000
6824,working_age_15_64,0.0000000000
6824,young_0_14,0.0000000000
6825,old_age_65_plus,0.0000000000
6825,working_age_15_64,0.0000000000
6825,young_0_14,0.0000000000
6826,old_age_65_plus,0.0000000000
6826,working_age_15_64,0.0000000000
6826,young_0_14,0.0000000000
6827,old_age_65_plus,0.0000000000
6827,working_age_15_64,0.0000000000
6827,young_0_14,0.0000000000
6828,old_age_65_plus,0.0000000000
6828,working_age_15_64,0.0000000000
6828,young_0_14,0.0000000000
6829,old_age_65_plus,0.0000000000
6829,working_age_15_64,0.0000000000
6829,young_0_14,0.0000000000
6830,old_age_65_plus,0.0000000000
6830,working_age_15_64,0.0000000000
6830,young_0_14,0.0000000000
6831,old_age_65_plus,0.0000000000
6831,working_age_15_64,0.0000000000
6831,young_0_14,0.0000000000
6832,old_age_65_plus,0.0000000000
6832,working_age_15_64,0.0000000000
6832,young_0_14,0.0000000000
6833,old_age_65_plus,0.0000000000
6833,working_age_15_64,0.0000000000
6833,young_0_14,0.0000000000
6834,old_age_65_plus,0.0000000000
6834,working_age_15_64,0.0000000000
6834,young_0_14,0.0000000000
6835,old_age_65_plus,0.0000000000
6835,working_age_15_64,0.0000000000
6835,young_0_14,0.0000000000
6836,old_age_65_plus,0.0000000000
6836,working_age_15_64,0.0000000000
6836,young_0_14,0.0000000000
6837,old_age_65_plus,0.0000000000
6837,working_age_15_64,0.0000000000
6837,young_0_14,0.0000000000
6838,old_age_65_plus,0.0000000000
6838,working_age_15_64,0.0000000000
6838,young_0_14,0.0000000000
6839,old_age_65_plus,0.0000000000
6839,working_age_15_64,0.0000000000
6839,young_0_14,0.0000000000
6840,old_age_65_plus,0.0000000000
6840,working_age_15_64,0.0000000000
6840,young_0_14,0.0000000000
6841,old_age_65_plus,0.0000000000
6841,working_age_15_64,0.0000000000
6841,young_0_14,0.0000000000
6842,old_age_65_plus,0.0000000000
6842,working_age_15_64,0.0000000000
6842,young_0_14,0.0000000000
6843,old_age_65_plus,0.0000000000
6843,working_age_15_64,0.0000000000
6843,young_0_14,0.0000000000
6844,old_age_65_plus,0.0000000000
6844,working_age_15_64,0.0000000000
6844,young_0_14,0.0000000000
6845,old_age_65_plus,0.0000000000
6845,working_age_15_64,0.0000000000
6845,young_0_14,0.0000000000
6846,old_age_65_plus,0.0000000000
6846,working_age_15_64,0.0000000000
6846,young_0_14,0.0000000000
6847,old_age_65_plus,0.0000000000
6847,working_age_15_64,0.0000000000
6847,young_0_14,0.0000000000
6848,old_age_65_plus,0.0000000000
6848,working_age_15_64,0.0000000000
6848,young_0_14,0.0000000000
6849,old_age_65_plus,0.0000000000
6849,working_age_15_64,0.0000000000
6849,young_0_14,0.0000000000
6850,old_age_65_plus,0.0000000000
6850,working_age_15_64,0.0000000000
6850,young_0_14,0.0000000000
6851,old_age_65_plus,0.0000000000
6851,working_age_15_64,0.0000000000
6851,young_0_14,0.0000000000
6852,old_age_65_plus,0.0000000000
6852,working_age_15_64,0.0000000000
6852,young_0_14,0.0000000000
6853,old_age_65_plus,0.0000000000
6853,working_age_15_64,0.0000000000
6853,young_0_14,0.0000000000
6854,old_age_65_plus,0.0000000000
6854,working_age_15_64,0.0000000000
6854,young_0_14,0.0000000000
6855,old_age_65_plus,0.0000000000
6855,working_age_15_64,0.0000000000
6855,young_0_14,0.0000000000
6856,old_age_65_plus,0.0000000000
6856,working_age_15_64,0.0000000000
6856,young_0_14,0.0000000000
6857,old_age_65_plus,0.0000000000
6857,working_age_15_64,0.0000000000
6857,young_0_14,0.0000000000
6858,old_age_65_plus,0.0000000000
6858,working_age_15_64,0.0000000000
6858,young_0_14,0.0000000000
6859,old_age_65_plus,0.0000000000
6859,working_age_15_64,0.0000000000
6859,young_0_14,0.0000000000
6860,old_age_65_plus,0.0000000000
6860,working_age_15_64,0.0000000000
6860,young_0_14,0.0000000000
6861,old_age_65_plus,0.0000000000
6861,working_age_15_64,0.0000000000
6861,young_0_14,0.0000000000
6862,old_age_65_plus,0.0000000000
6862,working_age_15_64,0.0000000000
6862,young_0_14,0.0000000000
6863,old_age_65_plus,0.0000000000
6863,working_age_15_64,0.0000000000
6863,young_0_14,0.0000000000
6864,old_age_65_plus,0.0000000000
6864,working_age_15_64,0.0000000000
6864,young_0_14,0.0000000000
6865,old_age_65_plus,0.0000000000
6865,working_age_15_64,0.0000000000
6865,young_0_14,0.0000000000
6866,old_age_65_plus,0.0000000000
6866,working_age_15_64,0.0000000000
6866,young_0_14,0.0000000000
6867,old_age_65_plus,0.0000000000
6867,working_age_15_64,0.0000000000
6867,young_0_14,0.0000000000
6868,old_age_65_plus,0.0000000000
6868,working_age_15_64,0.0000000000
6868,young_0_14,0.0000000000
6869,old_age_65_plus,0.0000000000
6869,working_age_15_64,0.0000000000
6869,young_0_14,0.0000000000
6870,old_age_65_plus,0.0000000000
6870,working_age_15_64,0.0000000000
6870,young_0_14,0.0000000000
6871,old_age_65_plus,0.0000000000
6871,working_age_15_64,0.0000000000
6871,young_0_14,0.0000000000
6872,old_age_65_plus,0.0000000000
6872,working_age_15_64,0.0000000000
6872,young_0_14,0.0000000000
6873,old_age_65_plus,0.0000000000
6873,working_age_15_64,0.0000000000
6873,young_0_14,0.0000000000
6874,old_age_65_plus,0.0000000000
6874,working_age_15_64,0.0000000000
6874,young_0_14,0.0000000000
6875,old_age_65_plus,0.0000000000
6875,working_age_15_64,0.0000000000
6875,young_0_14,0.0000000000
6876,old_age_65_plus,0.0000000000
6876,working_age_15_64,0.0000000000
6876,young_0_14,0.0000000000
6877,old_age_65_plus,0.0000000000
6877,working_age_15_64,0.0000000000
6877,young_0_14,0.0000000000
6878,old_age_65_plus,0.0088126252
6878,working_age_15_64,0.1020734729
6878,young_0_14,0.0294158550
6879,old_age_65_plus,0.0000000000
6879,working_age_15_64,0.0000000000
6879,young_0_14,0.0000000000
6880,old_age_65_plus,0.0000000000
6880,working_age_15_64,0.0000000000
6880,young_0_14,0.0000000000
6881,old_age_65_plus,0.0000000000
6881,working_age_15_64,0.0000000000
6881,young_0_14,0.0000000000
6882,old_age_65_plus,0.0000000000
6882,working_age_15_64,0.0000000000
6882,young_0_14,0.0000000000
6883,old_age_65_plus,0.0000000000
6883,working_age_15_64,0.0000000000
6883,young_0_14,0.0000000000
6884,old_age_65_plus,0.0000000000
6884,working_age_15_64,0.0000000000
6884,young_0_14,0.0000000000
6885,old_age_65_plus,0.0000000000
6885,working_age_15_64,0.0000000000
6885,young_0_14,0.0000000000
6886,old_age_65_plus,0.0000000000
6886,working_age_15_64,0.0000000000
6886,young_0_14,0.0000000000
6887,old_age_65_plus,0.0000000000
6887,working_age_15_64,0.0000000000
6887,young_0_14,0.0000000000
6888,old_age_65_plus,0.0000000000
6888,working_age_15_64,0.0000000000
6888,young_0_14,0.0000000000
6889,old_age_65_plus,0.0000000000
6889,working_age_15_64,0.0000000000
6889,young_0_14,0.0000000000
6890,old_age_65_plus,0.0000000000
6890,working_age_15_64,0.0000000000
6890,young_0_14,0.0000000000
6891,old_age_65_plus,0.0000000000
6891,working_age_15_64,0.0000000000
6891,young_0_14,0.0000000000
6892,old_age_65_plus,0.0000000000
6892,working_age_15_64,0.0000000000
6892,young_0_14,0.0000000000
6893,old_age_65_plus,0.0000000000
6893,working_age_15_64,0.0000000000
6893,young_0_14,0.0000000000
6894,old_age_65_plus,0.0000000000
6894,working_age_15_64,0.0000000000
6894,young_0_14,0.0000000000
6895,old_age_65_plus,0.0419390534
6895,working_age_15_64,0.5725052180
6895,young_0_14,0.3530221954
6896,old_age_65_plus,0.0000000000
6896,working_age_15_64,0.0000000000
6896,young_0_14,0.0000000000
6897,old_age_65_plus,0.0000000000
6897,working_age_15_64,0.0000000000
6897,young_0_14,0.0000000000
6898,old_age_65_plus,0.0000000000
6898,working_age_15_64,0.0000000000
6898,young_0_14,0.0000000000
6899,old_age_65_plus,0.0000000000
6899,working_age_15_64,0.0000000000
6899,young_0_14,0.0000000000
6900,old_age_65_plus,0.0000000000
6900,working_age_15_64,0.0000000000
6900,young_0_14,0.0000000000
6901,old_age_65_plus,0.0000000000
6901,working_age_15_64,0.0000000000
6901,young_0_14,0.0000000000
6902,old_age_65_plus,0.0000000000
6902,working_age_15_64,0.0000000000
6902,young_0_14,0.0000000000
6903,old_age_65_plus,0.0000000000
6903,working_age_15_64,0.0000000000
6903,young_0_14,0.0000000000
6904,old_age_65_plus,0.0000000000
6904,working_age_15_64,0.0000000000
6904,young_0_14,0.0000000000
6905,old_age_65_plus,0.0000000000
6905,working_age_15_64,0.0000000000
6905,young_0_14,0.0000000000
6906,old_age_65_plus,0.0000000000
6906,working_age_15_64,0.0000000000
6906,young_0_14,0.0000000000
6907,old_age_65_plus,0.0000000000
6907,working_age_15_64,0.0000000000
6907,young_0_14,0.0000000000
6908,old_age_65_plus,0.0057194165
6908,working_age_15_64,0.0780849869
6908,young_0_14,0.0481493017
6909,old_age_65_plus,0.0000000000
6909,working_age_15_64,0.0000000000
6909,young_0_14,0.0000000000
6910,old_age_65_plus,0.0000000000
6910,working_age_15_64,0.0000000000
6910,young_0_14,0.0000000000
6911,old_age_65_plus,0.0000000000
6911,working_age_15_64,0.0000000000
6911,young_0_14,0.0000000000
6912,old_age_65_plus,0.0000000000
6912,working_age_15_64,0.0000000000
6912,young_0_14,0.0000000000
6913,old_age_65_plus,0.0000000000
6913,working_age_15_64,0.0000000000
6913,young_0_14,0.0000000000
6914,old_age_65_plus,0.0000000000
6914,working_age_15_64,0.0000000000
6914,young_0_14,0.0000000000
6915,old_age_65_plus,0.0000000000
6915,working_age_15_64,0.0000000000
6915,young_0_14,0.0000000000
6916,old_age_65_plus,0.0000000000
6916,working_age_15_64,0.0000000000
6916,young_0_14,0.0000000000
6917,old_age_65_plus,0.0000000000
6917,working_age_15_64,0.0000000000
6917,young_0_14,0.0000000000
6918,old_age_65_plus,0.0000000000
6918,working_age_15_64,0.0000000000
6918,young_0_14,0.0000000000
6919,old_age_65_plus,0.0000000000
6919,working_age_15_64,0.0000000000
6919,young_0_14,0.0000000000
6920,old_age_65_plus,0.0000000000
6920,working_age_15_64,0.0000000000
6920,young_0_14,0.0000000000
6921,old_age_65_plus,0.0000000000
6921,working_age_15_64,0.0000000000
6921,young_0_14,0.0000000000
6922,old_age_65_plus,0.0000000000
6922,working_age_15_64,0.0000000000
6922,young_0_14,0.0000000000
6923,old_age_65_plus,0.0000000000
6923,working_age_15_64,0.0000000000
6923,young_0_14,0.0000000000
6924,old_age_65_plus,0.0000000000
6924,working_age_15_64,0.0000000000
6924,young_0_14,0.0000000000
6925,old_age_65_plus,0.0000000000
6925,working_age_15_64,0.0000000000
6925,young_0_14,0.0000000000
6926,old_age_65_plus,0.0000000000
6926,working_age_15_64,0.0000000000
6926,young_0_14,0.0000000000
6927,old_age_65_plus,0.0000000000
6927,working_age_15_64,0.0000000000
6927,young_0_14,0.0000000000
6928,old_age_65_plus,0.0000000000
6928,working_age_15_64,0.0000000000
6928,young_0_14,0.0000000000
6929,old_age_65_plus,1.2550570732
6929,working_age_15_64,18.3956905305
6929,young_0_14,6.1210489720
6930,old_age_65_plus,0.0000000000
6930,working_age_15_64,0.0000000000
6930,young_0_14,0.0000000000
6931,old_age_65_plus,0.0000000000
6931,working_age_15_64,0.0000000000
6931,young_0_14,0.0000000000
6932,old_age_65_plus,0.0000000000
6932,working_age_15_64,0.0000000000
6932,young_0_14,0.0000000000
6933,old_age_65_plus,0.0000000000
6933,working_age_15_64,0.0000000000
6933,young_0_14,0.0000000000
6934,old_age_65_plus,0.0000000000
6934,working_age_15_64,0.0000000000
6934,young_0_14,0.0000000000
6935,old_age_65_plus,0.0000000000
6935,working_age_15_64,0.0000000000
6935,young_0_14,0.0000000000
6936,old_age_65_plus,0.0000000000
6936,working_age_15_64,0.0000000000
6936,young_0_14,0.0000000000
6937,old_age_65_plus,0.0000000000
6937,working_age_15_64,0.0000000000
6937,young_0_14,0.0000000000
6938,old_age_65_plus,0.0000000000
6938,working_age_15_64,0.0000000000
6938,young_0_14,0.0000000000
6939,old_age_65_plus,0.0000000000
6939,working_age_15_64,0.0000000000
6939,young_0_14,0.0000000000
6940,old_age_65_plus,0.0000000000
6940,working_age_15_64,0.0000000000
6940,young_0_14,0.0000000000
6941,old_age_65_plus,0.0000000000
6941,working_age_15_64,0.0000000000
6941,young_0_14,0.0000000000
6942,old_age_65_plus,0.0000000000
6942,working_age_15_64,0.0000000000
6942,young_0_14,0.0000000000
6943,old_age_65_plus,0.0000000000
6943,working_age_15_64,0.0000000000
6943,young_0_14,0.0000000000
6944,old_age_65_plus,0.0000000000
6944,working_age_15_64,0.0000000000
6944,young_0_14,0.0000000000
6945,old_age_65_plus,0.0000000000
6945,working_age_15_64,0.0000000000
6945,young_0_14,0.0000000000
6946,old_age_65_plus,0.0000000000
6946,working_age_15_64,0.0000000000
6946,young_0_14,0.0000000000
6947,old_age_65_plus,0.0000000000
6947,working_age_15_64,0.0000000000
6947,young_0_14,0.0000000000
6948,old_age_65_plus,0.0000000000
6948,working_age_15_64,0.0000000000
6948,young_0_14,0.0000000000
6949,old_age_65_plus,0.0000000000
6949,working_age_15_64,0.0000000000
6949,young_0_14,0.0000000000
6950,old_age_65_plus,0.0000000000
6950,working_age_15_64,0.0000000000
6950,young_0_14,0.0000000000
6951,old_age_65_plus,0.0000000000
6951,working_age_15_64,0.0000000000
6951,young_0_14,0.0000000000
6952,old_age_65_plus,0.0000000000
6952,working_age_15_64,0.0000000000
6952,young_0_14,0.0000000000
6953,old_age_65_plus,0.0000000000
6953,working_age_15_64,0.0000000000
6953,young_0_14,0.0000000000
6954,old_age_65_plus,0.0000000000
6954,working_age_15_64,0.0000000000
6954,young_0_14,0.0000000000
6955,old_age_65_plus,0.0000000000
6955,working_age_15_64,0.0000000000
6955,young_0_14,0.0000000000
6956,old_age_65_plus,0.0000000000
6956,working_age_15_64,0.0000000000
6956,young_0_14,0.0000000000
6957,old_age_65_plus,0.0000000000
6957,working_age_15_64,0.0000000000
6957,young_0_14,0.0000000000
6958,old_age_65_plus,0.0000000000
6958,working_age_15_64,0.0000000000
6958,young_0_14,0.0000000000
6959,old_age_65_plus,0.0000000000
6959,working_age_15_64,0.0000000000
6959,young_0_14,0.0000000000
6960,old_age_65_plus,0.0000000000
6960,working_age_15_64,0.0000000000
6960,young_0_14,0.0000000000
6961,old_age_65_plus,0.0000000000
6961,working_age_15_64,0.0000000000
6961,young_0_14,0.0000000000
6962,old_age_65_plus,0.0000000000
6962,working_age_15_64,0.0000000000
6962,young_0_14,0.0000000000
6963,old_age_65_plus,0.0000000000
6963,working_age_15_64,0.0000000000
6963,young_0_14,0.0000000000
6964,old_age_65_plus,0.0000000000
6964,working_age_15_64,0.0000000000
6964,young_0_14,0.0000000000
6965,old_age_65_plus,0.0000000000
6965,working_age_15_64,0.0000000000
6965,young_0_14,0.0000000000
6966,old_age_65_plus,0.0000000000
6966,working_age_15_64,0.0000000000
6966,young_0_14,0.0000000000
6967,old_age_65_plus,0.0000000000
6967,working_age_15_64,0.0000000000
6967,young_0_14,0.0000000000
6968,old_age_65_plus,0.0000000000
6968,working_age_15_64,0.0000000000
6968,young_0_14,0.0000000000
6969,old_age_65_plus,0.0000000000
6969,working_age_15_64,0.0000000000
6969,young_0_14,0.0000000000
6970,old_age_65_plus,0.0000000000
6970,working_age_15_64,0.0000000000
6970,young_0_14,0.0000000000
6971,old_age_65_plus,0.0000000000
6971,working_age_15_64,0.0000000000
6971,young_0_14,0.0000000000
6972,old_age_65_plus,0.0000000000
6972,working_age_15_64,0.0000000000
6972,young_0_14,0.0000000000
6973,old_age_65_plus,0.0000000000
6973,working_age_15_64,0.0000000000
6973,young_0_14,0.0000000000
6974,old_age_65_plus,0.0000000000
6974,working_age_15_64,0.0000000000
6974,young_0_14,0.0000000000
6975,old_age_65_plus,0.0000000000
6975,working_age_15_64,0.0000000000
6975,young_0_14,0.0000000000
6976,old_age_65_plus,0.0000000000
6976,working_age_15_64,0.0000000000
6976,young_0_14,0.0000000000
6977,old_age_65_plus,0.0000000000
6977,working_age_15_64,0.0000000000
6977,young_0_14,0.0000000000
6978,old_age_65_plus,0.0000000000
6978,working_age_15_64,0.0000000000
6978,young_0_14,0.0000000000
6979,old_age_65_plus,0.0000000000
6979,working_age_15_64,0.0000000000
6979,young_0_14,0.0000000000
6980,old_age_65_plus,0.0000000000
6980,working_age_15_64,0.0000000000
6980,young_0_14,0.0000000000
6981,old_age_65_plus,0.0000000000
6981,working_age_15_64,0.0000000000
6981,young_0_14,0.0000000000
6982,old_age_65_plus,0.0000000000
6982,working_age_15_64,0.0000000000
6982,young_0_14,0.0000000000
6983,old_age_65_plus,0.0000000000
6983,working_age_15_64,0.0000000000
6983,young_0_14,0.0000000000
6984,old_age_65_plus,0.0000000000
6984,working_age_15_64,0.0000000000
6984,young_0_14,0.0000000000
6985,old_age_65_plus,0.0000000000
6985,working_age_15_64,0.0000000000
6985,young_0_14,0.0000000000
6986,old_age_65_plus,0.0000000000
6986,working_age_15_64,0.0000000000
6986,young_0_14,0.0000000000
6987,old_age_65_plus,0.0000000000
6987,working_age_15_64,0.0000000000
6987,young_0_14,0.0000000000
6988,old_age_65_plus,0.0000000000
6988,working_age_15_64,0.0000000000
6988,young_0_14,0.0000000000
6989,old_age_65_plus,0.0000000000
6989,working_age_15_64,0.0000000000
6989,young_0_14,0.0000000000
6990,old_age_65_plus,0.0454333086
6990,working_age_15_64,0.6202144930
6990,young_0_14,0.3824400483
6991,old_age_65_plus,0.0000000000
6991,working_age_15_64,0.0000000000
6991,young_0_14,0.0000000000
6992,old_age_65_plus,0.0000000000
6992,working_age_15_64,0.0000000000
6992,young_0_14,0.0000000000
6993,old_age_65_plus,0.0000000000
6993,working_age_15_64,0.0000000000
6993,young_0_14,0.0000000000
6994,old_age_65_plus,0.0000000000
6994,working_age_15_64,0.0000000000
6994,young_0_14,0.0000000000
6995,old_age_65_plus,0.0000000000
6995,working_age_15_64,0.0000000000
6995,young_0_14,0.0000000000
6996,old_age_65_plus,0.0000000000
6996,working_age_15_64,0.0000000000
6996,young_0_14,0.0000000000
6997,old_age_65_plus,0.0000000000
6997,working_age_15_64,0.0000000000
6997,young_0_14,0.0000000000
6998,old_age_65_plus,0.0000000000
6998,working_age_15_64,0.0000000000
6998,young_0_14,0.0000000000
6999,old_age_65_plus,0.0000000000
6999,working_age_15_64,0.0000000000
6999,young_0_14,0.0000000000
7000,old_age_65_plus,0.0000000000
7000,working_age_15_64,0.0000000000
7000,young_0_14,0.0000000000
7001,old_age_65_plus,0.0000000000
7001,working_age_15_64,0.0000000000
7001,young_0_14,0.0000000000
7002,old_age_65_plus,0.0000000000
7002,working_age_15_64,0.0000000000
7002,young_0_14,0.0000000000
7003,old_age_65_plus,0.0000000000
7003,working_age_15_64,0.0000000000
7003,young_0_14,0.0000000000
7004,old_age_65_plus,0.0000000000
7004,working_age_15_64,0.0000000000
7004,young_0_14,0.0000000000
7005,old_age_65_plus,0.0000000000
7005,working_age_15_64,0.0000000000
7005,young_0_14,0.0000000000
7006,old_age_65_plus,0.0000000000
7006,working_age_15_64,0.0000000000
7006,young_0_14,0.0000000000
7007,old_age_65_plus,0.0000000000
7007,working_age_15_64,0.0000000000
7007,young_0_14,0.0000000000
7008,old_age_65_plus,0.0000000000
7008,working_age_15_64,0.0000000000
7008,young_0_14,0.0000000000
7009,old_age_65_plus,0.0000000000
7009,working_age_15_64,0.0000000000
7009,young_0_14,0.0000000000
7010,old_age_65_plus,0.0000000000
7010,working_age_15_64,0.0000000000
7010,young_0_14,0.0000000000
7011,old_age_65_plus,0.0000000000
7011,working_age_15_64,0.0000000000
7011,young_0_14,0.0000000000
7012,old_age_65_plus,0.0000000000
7012,working_age_15_64,0.0000000000
7012,young_0_14,0.0000000000
7013,old_age_65_plus,0.0000000000
7013,working_age_15_64,0.0000000000
7013,young_0_14,0.0000000000
7014,old_age_65_plus,0.0000000000
7014,working_age_15_64,0.0000000000
7014,young_0_14,0.0000000000
7015,old_age_65_plus,0.0000000000
7015,working_age_15_64,0.0000000000
7015,young_0_14,0.0000000000
7016,old_age_65_plus,0.0000000000
7016,working_age_15_64,0.0000000000
7016,young_0_14,0.0000000000
7017,old_age_65_plus,0.0000000000
7017,working_age_15_64,0.0000000000
7017,young_0_14,0.0000000000
7018,old_age_65_plus,0.0000000000
7018,working_age_15_64,0.0000000000
7018,young_0_14,0.0000000000
7019,old_age_65_plus,0.0000000000
7019,working_age_15_64,0.0000000000
7019,young_0_14,0.0000000000
7020,old_age_65_plus,0.0000000000
7020,working_age_15_64,0.0000000000
7020,young_0_14,0.0000000000
7021,old_age_65_plus,0.0000000000
7021,working_age_15_64,0.0000000000
7021,young_0_14,0.0000000000
7022,old_age_65_plus,0.0000000000
7022,working_age_15_64,0.0000000000
7022,young_0_14,0.0000000000
7023,old_age_65_plus,0.0000000000
7023,working_age_15_64,0.0000000000
7023,young_0_14,0.0000000000
7024,old_age_65_plus,0.0000000000
7024,working_age_15_64,0.0000000000
7024,young_0_14,0.0000000000
7025,old_age_65_plus,0.0000000000
7025,working_age_15_64,0.0000000000
7025,young_0_14,0.0000000000
7026,old_age_65_plus,0.0000000000
7026,working_age_15_64,0.0000000000
7026,young_0_14,0.0000000000
7027,old_age_65_plus,0.0000000000
7027,working_age_15_64,0.0000000000
7027,young_0_14,0.0000000000
7028,old_age_65_plus,0.0000000000
7028,working_age_15_64,0.0000000000
7028,young_0_14,0.0000000000
7029,old_age_65_plus,0.0000000000
7029,working_age_15_64,0.0000000000
7029,young_0_14,0.0000000000
7030,old_age_65_plus,0.0000000000
7030,working_age_15_64,0.0000000000
7030,young_0_14,0.0000000000
7031,old_age_65_plus,0.0000000000
7031,working_age_15_64,0.0000000000
7031,young_0_14,0.0000000000
7032,old_age_65_plus,0.0000000000
7032,working_age_15_64,0.0000000000
7032,young_0_14,0.0000000000
7033,old_age_65_plus,0.0000000000
7033,working_age_15_64,0.0000000000
7033,young_0_14,0.0000000000
7034,old_age_65_plus,0.0000000000
7034,working_age_15_64,0.0000000000
7034,young_0_14,0.0000000000
7035,old_age_65_plus,0.0000000000
7035,working_age_15_64,0.0000000000
7035,young_0_14,0.0000000000
7036,old_age_65_plus,0.0000000000
7036,working_age_15_64,0.0000000000
7036,young_0_14,0.0000000000
7037,old_age_65_plus,0.0000000000
7037,working_age_15_64,0.0000000000
7037,young_0_14,0.0000000000
7038,old_age_65_plus,0.0000000000
7038,working_age_15_64,0.0000000000
7038,young_0_14,0.0000000000
7039,old_age_65_plus,0.1432884323
7039,working_age_15_64,1.9560630284
7039,young_0_14,1.2061578631
7040,old_age_65_plus,0.0000000000
7040,working_age_15_64,0.0000000000
7040,young_0_14,0.0000000000
7041,old_age_65_plus,0.0000000000
7041,working_age_15_64,0.0000000000
7041,young_0_14,0.0000000000
7042,old_age_65_plus,0.0000000000
7042,working_age_15_64,0.0000000000
7042,young_0_14,0.0000000000
7043,old_age_65_plus,0.0000000000
7043,working_age_15_64,0.0000000000
7043,young_0_14,0.0000000000
7044,old_age_65_plus,0.0000000000
7044,working_age_15_64,0.0000000000
7044,young_0_14,0.0000000000
7045,old_age_65_plus,0.0000000000
7045,working_age_15_64,0.0000000000
7045,young_0_14,0.0000000000
7046,old_age_65_plus,0.0000000000
7046,working_age_15_64,0.0000000000
7046,young_0_14,0.0000000000
7047,old_age_65_plus,0.0000000000
7047,working_age_15_64,0.0000000000
7047,young_0_14,0.0000000000
7048,old_age_65_plus,0.0000000000
7048,working_age_15_64,0.0000000000
7048,young_0_14,0.0000000000
7049,old_age_65_plus,0.0000000000
7049,working_age_15_64,0.0000000000
7049,young_0_14,0.0000000000
7050,old_age_65_plus,0.0000000000
7050,working_age_15_64,0.0000000000
7050,young_0_14,0.0000000000
7051,old_age_65_plus,0.0000000000
7051,working_age_15_64,0.0000000000
7051,young_0_14,0.0000000000
7052,old_age_65_plus,0.0000000000
7052,working_age_15_64,0.0000000000
7052,young_0_14,0.0000000000
7053,old_age_65_plus,0.0000000000
7053,working_age_15_64,0.0000000000
7053,young_0_14,0.0000000000
7054,old_age_65_plus,0.0000000000
7054,working_age_15_64,0.0000000000
7054,young_0_14,0.0000000000
7055,old_age_65_plus,0.0000000000
7055,working_age_15_64,0.0000000000
7055,young_0_14,0.0000000000
7056,old_age_65_plus,0.0000000000
7056,working_age_15_64,0.0000000000
7056,young_0_14,0.0000000000
7057,old_age_65_plus,0.0533618837
7057,working_age_15_64,0.7284381781
7057,young_0_14,0.4491647873
7058,old_age_65_plus,0.0000000000
7058,working_age_15_64,0.0000000000
7058,young_0_14,0.0000000000
7059,old_age_65_plus,0.0000000000
7059,working_age_15_64,0.0000000000
7059,young_0_14,0.0000000000
7060,old_age_65_plus,0.0000000000
7060,working_age_15_64,0.0000000000
7060,young_0_14,0.0000000000
7061,old_age_65_plus,0.0000000000
7061,working_age_15_64,0.0000000000
7061,young_0_14,0.0000000000
7062,old_age_65_plus,0.0000000000
7062,working_age_15_64,0.0000000000
7062,young_0_14,0.0000000000
7063,old_age_65_plus,0.0000000000
7063,working_age_15_64,0.0000000000
7063,young_0_14,0.0000000000
7064,old_age_65_plus,0.0000000000
7064,working_age_15_64,0.0000000000
7064,young_0_14,0.0000000000
7065,old_age_65_plus,0.0000000000
7065,working_age_15_64,0.0000000000
7065,young_0_14,0.0000000000
7066,old_age_65_plus,0.0000000000
7066,working_age_15_64,0.0000000000
7066,young_0_14,0.0000000000
7067,old_age_65_plus,0.0000000000
7067,working_age_15_64,0.0000000000
7067,young_0_14,0.0000000000
7068,old_age_65_plus,0.0000000000
7068,working_age_15_64,0.0000000000
7068,young_0_14,0.0000000000
7069,old_age_65_plus,0.0000000000
7069,working_age_15_64,0.0000000000
7069,young_0_14,0.0000000000
7070,old_age_65_plus,0.0000000000
7070,working_age_15_64,0.0000000000
7070,young_0_14,0.0000000000
7071,old_age_65_plus,0.0000000000
7071,working_age_15_64,0.0000000000
7071,young_0_14,0.0000000000
7072,old_age_65_plus,0.0000000000
7072,working_age_15_64,0.0000000000
7072,young_0_14,0.0000000000
7073,old_age_65_plus,0.0000000000
7073,working_age_15_64,0.0000000000
7073,young_0_14,0.0000000000
7074,old_age_65_plus,0.0000000000
7074,working_age_15_64,0.0000000000
7074,young_0_14,0.0000000000
7075,old_age_65_plus,0.0000000000
7075,working_age_15_64,0.0000000000
7075,young_0_14,0.0000000000
7076,old_age_65_plus,0.0000000000
7076,working_age_15_64,0.0000000000
7076,young_0_14,0.0000000000
7077,old_age_65_plus,0.0000000000
7077,working_age_15_64,0.0000000000
7077,young_0_14,0.0000000000
7078,old_age_65_plus,0.0000000000
7078,working_age_15_64,0.0000000000
7078,young_0_14,0.0000000000
7079,old_age_65_plus,0.0000000000
7079,working_age_15_64,0.0000000000
7079,young_0_14,0.0000000000
7080,old_age_65_plus,0.0000000000
7080,working_age_15_64,0.0000000000
7080,young_0_14,0.0000000000
7081,old_age_65_plus,0.0000000000
7081,working_age_15_64,0.0000000000
7081,young_0_14,0.0000000000
7082,old_age_65_plus,0.0000000000
7082,working_age_15_64,0.0000000000
7082,young_0_14,0.0000000000
7083,old_age_65_plus,0.0000000000
7083,working_age_15_64,0.0000000000
7083,young_0_14,0.0000000000
7084,old_age_65_plus,0.0000000000
7084,working_age_15_64,0.0000000000
7084,young_0_14,0.0000000000
7085,old_age_65_plus,0.0000000000
7085,working_age_15_64,0.0000000000
7085,young_0_14,0.0000000000
7086,old_age_65_plus,0.0000000000
7086,working_age_15_64,0.0000000000
7086,young_0_14,0.0000000000
7087,old_age_65_plus,0.0000000000
7087,working_age_15_64,0.0000000000
7087,young_0_14,0.0000000000
7088,old_age_65_plus,0.0000000000
7088,working_age_15_64,0.0000000000
7088,young_0_14,0.0000000000
7089,old_age_65_plus,0.0000000000
7089,working_age_15_64,0.0000000000
7089,young_0_14,0.0000000000
7090,old_age_65_plus,0.0000000000
7090,working_age_15_64,0.0000000000
7090,young_0_14,0.0000000000
7091,old_age_65_plus,0.0000000000
7091,working_age_15_64,0.0000000000
7091,young_0_14,0.0000000000
7092,old_age_65_plus,0.0000000000
7092,working_age_15_64,0.0000000000
7092,young_0_14,0.0000000000
7093,old_age_65_plus,0.0000000000
7093,working_age_15_64,0.0000000000
7093,young_0_14,0.0000000000
7094,old_age_65_plus,0.0000000000
7094,working_age_15_64,0.0000000000
7094,young_0_14,0.0000000000
7095,old_age_65_plus,0.0489295618
7095,working_age_15_64,0.6679247590
7095,young_0_14,0.4118589032
7096,old_age_65_plus,0.0000000000
7096,working_age_15_64,0.0000000000
7096,young_0_14,0.0000000000
7097,old_age_65_plus,0.0000000000
7097,working_age_15_64,0.0000000000
7097,young_0_14,0.0000000000
7098,old_age_65_plus,0.0000000000
7098,working_age_15_64,0.0000000000
7098,young_0_14,0.0000000000
7099,old_age_65_plus,0.0000000000
7099,working_age_15_64,0.0000000000
7099,young_0_14,0.0000000000
7100,old_age_65_plus,0.0000000000
7100,working_age_15_64,0.0000000000
7100,young_0_14,0.0000000000
7101,old_age_65_plus,0.0000000000
7101,working_age_15_64,0.0000000000
7101,young_0_14,0.0000000000
7102,old_age_65_plus,0.0000000000
7102,working_age_15_64,0.0000000000
7102,young_0_14,0.0000000000
7103,old_age_65_plus,0.0000000000
7103,working_age_15_64,0.0000000000
7103,young_0_14,0.0000000000
7104,old_age_65_plus,0.0000000000
7104,working_age_15_64,0.0000000000
7104,young_0_14,0.0000000000
7105,old_age_65_plus,0.0000000000
7105,working_age_15_64,0.0000000000
7105,young_0_14,0.0000000000
7106,old_age_65_plus,0.0000000000
7106,working_age_15_64,0.0000000000
7106,young_0_14,0.0000000000
7107,old_age_65_plus,0.0000000000
7107,working_age_15_64,0.0000000000
7107,young_0_14,0.0000000000
7108,old_age_65_plus,0.0000000000
7108,working_age_15_64,0.0000000000
7108,young_0_14,0.0000000000
7109,old_age_65_plus,0.0000000000
7109,working_age_15_64,0.0000000000
7109,young_0_14,0.0000000000
7110,old_age_65_plus,0.0000000000
7110,working_age_15_64,0.0000000000
7110,young_0_14,0.0000000000
7111,old_age_65_plus,0.0000000000
7111,working_age_15_64,0.0000000000
7111,young_0_14,0.0000000000
7112,old_age_65_plus,0.0216495678
7112,working_age_15_64,0.2962114979
7112,young_0_14,0.1827799208
7113,old_age_65_plus,0.0000000000
7113,working_age_15_64,0.0000000000
7113,young_0_14,0.0000000000
7114,old_age_65_plus,0.0000000000
7114,working_age_15_64,0.0000000000
7114,young_0_14,0.0000000000
7115,old_age_65_plus,0.0000000000
7115,working_age_15_64,0.0000000000
7115,young_0_14,0.0000000000
7116,old_age_65_plus,0.0000000000
7116,working_age_15_64,0.0000000000
7116,young_0_14,0.0000000000
7117,old_age_65_plus,0.0000000000
7117,working_age_15_64,0.0000000000
7117,young_0_14,0.0000000000
7118,old_age_65_plus,0.0000000000
7118,working_age_15_64,0.0000000000
7118,young_0_14,0.0000000000
7119,old_age_65_plus,0.0000000000
7119,working_age_15_64,0.0000000000
7119,young_0_14,0.0000000000
7120,old_age_65_plus,0.0000000000
7120,working_age_15_64,0.0000000000
7120,young_0_14,0.0000000000
7121,old_age_65_plus,0.0000000000
7121,working_age_15_64,0.0000000000
7121,young_0_14,0.0000000000
7122,old_age_65_plus,0.0000000000
7122,working_age_15_64,0.0000000000
7122,young_0_14,0.0000000000
7123,old_age_65_plus,0.0000000000
7123,working_age_15_64,0.0000000000
7123,young_0_14,0.0000000000
7124,old_age_65_plus,0.0000000000
7124,working_age_15_64,0.0000000000
7124,young_0_14,0.0000000000
7125,old_age_65_plus,0.0000000000
7125,working_age_15_64,0.0000000000
7125,young_0_14,0.0000000000
7126,old_age_65_plus,0.0000000000
7126,working_age_15_64,0.0000000000
7126,young_0_14,0.0000000000
7127,old_age_65_plus,0.0000000000
7127,working_age_15_64,0.0000000000
7127,young_0_14,0.0000000000
7128,old_age_65_plus,0.0000000000
7128,working_age_15_64,0.0000000000
7128,young_0_14,0.0000000000
7129,old_age_65_plus,0.0000000000
7129,working_age_15_64,0.0000000000
7129,young_0_14,0.0000000000
7130,old_age_65_plus,0.0000000000
7130,working_age_15_64,0.0000000000
7130,young_0_14,0.0000000000
7131,old_age_65_plus,0.0000000000
7131,working_age_15_64,0.0000000000
7131,young_0_14,0.0000000000
7132,old_age_65_plus,0.0524228160
7132,working_age_15_64,0.7156300433
7132,young_0_14,0.4412747491
7133,old_age_65_plus,0.0000000000
7133,working_age_15_64,0.0000000000
7133,young_0_14,0.0000000000
7134,old_age_65_plus,0.0000000000
7134,working_age_15_64,0.0000000000
7134,young_0_14,0.0000000000
7135,old_age_65_plus,0.0000000000
7135,working_age_15_64,0.0000000000
7135,young_0_14,0.0000000000
7136,old_age_65_plus,0.0000000000
7136,working_age_15_64,0.0000000000
7136,young_0_14,0.0000000000
7137,old_age_65_plus,0.0000000000
7137,working_age_15_64,0.0000000000
7137,young_0_14,0.0000000000
7138,old_age_65_plus,0.0000000000
7138,working_age_15_64,0.0000000000
7138,young_0_14,0.0000000000
7139,old_age_65_plus,0.0000000000
7139,working_age_15_64,0.0000000000
7139,young_0_14,0.0000000000
7140,old_age_65_plus,0.0000000000
7140,working_age_15_64,0.0000000000
7140,young_0_14,0.0000000000
7141,old_age_65_plus,0.0000000000
7141,working_age_15_64,0.0000000000
7141,young_0_14,0.0000000000
7142,old_age_65_plus,0.0000000000
7142,working_age_15_64,0.0000000000
7142,young_0_14,0.0000000000
7143,old_age_65_plus,0.0000000000
7143,working_age_15_64,0.0000000000
7143,young_0_14,0.0000000000
7144,old_age_65_plus,0.0000000000
7144,working_age_15_64,0.0000000000
7144,young_0_14,0.0000000000
7145,old_age_65_plus,0.0000000000
7145,working_age_15_64,0.0000000000
7145,young_0_14,0.0000000000
7146,old_age_65_plus,0.0000000000
7146,working_age_15_64,0.0000000000
7146,young_0_14,0.0000000000
7147,old_age_65_plus,0.0000000000
7147,working_age_15_64,0.0000000000
7147,young_0_14,0.0000000000
7148,old_age_65_plus,0.0000000000
7148,working_age_15_64,0.0000000000
7148,young_0_14,0.0000000000
7149,old_age_65_plus,0.0000000000
7149,working_age_15_64,0.0000000000
7149,young_0_14,0.0000000000
7150,old_age_65_plus,0.0000000000
7150,working_age_15_64,0.0000000000
7150,young_0_14,0.0000000000
7151,old_age_65_plus,0.0000000000
7151,working_age_15_64,0.0000000000
7151,young_0_14,0.0000000000
7152,old_age_65_plus,0.0000000000
7152,working_age_15_64,0.0000000000
7152,young_0_14,0.0000000000
7153,old_age_65_plus,0.0000000000
7153,working_age_15_64,0.0000000000
7153,young_0_14,0.0000000000
7154,old_age_65_plus,0.0000000000
7154,working_age_15_64,0.0000000000
7154,young_0_14,0.0000000000
7155,old_age_65_plus,0.0000000000
7155,working_age_15_64,0.0000000000
7155,young_0_14,0.0000000000
7156,old_age_65_plus,0.0000000000
7156,working_age_15_64,0.0000000000
7156,young_0_14,0.0000000000
7157,old_age_65_plus,0.0000000000
7157,working_age_15_64,0.0000000000
7157,young_0_14,0.0000000000
7158,old_age_65_plus,0.0000000000
7158,working_age_15_64,0.0000000000
7158,young_0_14,0.0000000000
7159,old_age_65_plus,0.0000000000
7159,working_age_15_64,0.0000000000
7159,young_0_14,0.0000000000
7160,old_age_65_plus,0.0000000000
7160,working_age_15_64,0.0000000000
7160,young_0_14,0.0000000000
7161,old_age_65_plus,0.0000000000
7161,working_age_15_64,0.0000000000
7161,young_0_14,0.0000000000
7162,old_age_65_plus,0.0000000000
7162,working_age_15_64,0.0000000000
7162,young_0_14,0.0000000000
7163,old_age_65_plus,0.0000000000
7163,working_age_15_64,0.0000000000
7163,young_0_14,0.0000000000
7164,old_age_65_plus,0.0000000000
7164,working_age_15_64,0.0000000000
7164,young_0_14,0.0000000000
7165,old_age_65_plus,0.0000000000
7165,working_age_15_64,0.0000000000
7165,young_0_14,0.0000000000
7166,old_age_65_plus,0.0000000000
7166,working_age_15_64,0.0000000000
7166,young_0_14,0.0000000000
7167,old_age_65_plus,0.0000000000
7167,working_age_15_64,0.0000000000
7167,young_0_14,0.0000000000
7168,old_age_65_plus,0.0000000000
7168,working_age_15_64,0.0000000000
7168,young_0_14,0.0000000000
7169,old_age_65_plus,0.0000000000
7169,working_age_15_64,0.0000000000
7169,young_0_14,0.0000000000
7170,old_age_65_plus,0.0950579196
7170,working_age_15_64,1.2976200897
7170,young_0_14,0.8001407050
7171,old_age_65_plus,0.0000000000
7171,working_age_15_64,0.0000000000
7171,young_0_14,0.0000000000
7172,old_age_65_plus,0.0000000000
7172,working_age_15_64,0.0000000000
7172,young_0_14,0.0000000000
7173,old_age_65_plus,0.0000000000
7173,working_age_15_64,0.0000000000
7173,young_0_14,0.0000000000
7174,old_age_65_plus,0.0000000000
7174,working_age_15_64,0.0000000000
7174,young_0_14,0.0000000000
7175,old_age_65_plus,0.0000000000
7175,working_age_15_64,0.0000000000
7175,young_0_14,0.0000000000
7176,old_age_65_plus,0.0000000000
7176,working_age_15_64,0.0000000000
7176,young_0_14,0.0000000000
7177,old_age_65_plus,0.0000000000
7177,working_age_15_64,0.0000000000
7177,young_0_14,0.0000000000
7178,old_age_65_plus,0.0000000000
7178,working_age_15_64,0.0000000000
7178,young_0_14,0.0000000000
7179,old_age_65_plus,0.0000000000
7179,working_age_15_64,0.0000000000
7179,young_0_14,0.0000000000
7180,old_age_65_plus,2.2927677929
7180,working_age_15_64,28.1528745294
7180,young_0_14,9.7169704884
7181,old_age_65_plus,0.0000000000
7181,working_age_15_64,0.0000000000
7181,young_0_14,0.0000000000
7182,old_age_65_plus,0.0000000000
7182,working_age_15_64,0.0000000000
7182,young_0_14,0.0000000000
7183,old_age_65_plus,0.0000000000
7183,working_age_15_64,0.0000000000
7183,young_0_14,0.0000000000
7184,old_age_65_plus,0.0000000000
7184,working_age_15_64,0.0000000000
7184,young_0_14,0.0000000000
7185,old_age_65_plus,0.0000000000
7185,working_age_15_64,0.0000000000
7185,young_0_14,0.0000000000
7186,old_age_65_plus,0.0000000000
7186,working_age_15_64,0.0000000000
7186,young_0_14,0.0000000000
7187,old_age_65_plus,0.0000000000
7187,working_age_15_64,0.0000000000
7187,young_0_14,0.0000000000
7188,old_age_65_plus,0.0000000000
7188,working_age_15_64,0.0000000000
7188,young_0_14,0.0000000000
7189,old_age_65_plus,0.0000000000
7189,working_age_15_64,0.0000000000
7189,young_0_14,0.0000000000
7190,old_age_65_plus,0.0000000000
7190,working_age_15_64,0.0000000000
7190,young_0_14,0.0000000000
7191,old_age_65_plus,0.0000000000
7191,working_age_15_64,0.0000000000
7191,young_0_14,0.0000000000
7192,old_age_65_plus,0.0000000000
7192,working_age_15_64,0.0000000000
7192,young_0_14,0.0000000000
7193,old_age_65_plus,0.0000000000
7193,working_age_15_64,0.0000000000
7193,young_0_14,0.0000000000
7194,old_age_65_plus,0.0000000000
7194,working_age_15_64,0.0000000000
7194,young_0_14,0.0000000000
7195,old_age_65_plus,0.0000000000
7195,working_age_15_64,0.0000000000
7195,young_0_14,0.0000000000
7196,old_age_65_plus,0.0000000000
7196,working_age_15_64,0.0000000000
7196,young_0_14,0.0000000000
7197,old_age_65_plus,0.0000000000
7197,working_age_15_64,0.0000000000
7197,young_0_14,0.0000000000
7198,old_age_65_plus,0.0000000000
7198,working_age_15_64,0.0000000000
7198,young_0_14,0.0000000000
7199,old_age_65_plus,0.0000000000
7199,working_age_15_64,0.0000000000
7199,young_0_14,0.0000000000
7200,old_age_65_plus,0.0000000000
7200,working_age_15_64,0.0000000000
7200,young_0_14,0.0000000000
7201,old_age_65_plus,0.0000000000
7201,working_age_15_64,0.0000000000
7201,young_0_14,0.0000000000
7202,old_age_65_plus,0.0000000000
7202,working_age_15_64,0.0000000000
7202,young_0_14,0.0000000000
7203,old_age_65_plus,0.0000000000
7203,working_age_15_64,0.0000000000
7203,young_0_14,0.0000000000
7204,old_age_65_plus,0.0000000000
7204,working_age_15_64,0.0000000000
7204,young_0_14,0.0000000000
7205,old_age_65_plus,0.0000000000
7205,working_age_15_64,0.0000000000
7205,young_0_14,0.0000000000
7206,old_age_65_plus,0.0000000000
7206,working_age_15_64,0.0000000000
7206,young_0_14,0.0000000000
7207,old_age_65_plus,0.0000000000
7207,working_age_15_64,0.0000000000
7207,young_0_14,0.0000000000
7208,old_age_65_plus,0.0000000000
7208,working_age_15_64,0.0000000000
7208,young_0_14,0.0000000000
7209,old_age_65_plus,0.0000000000
7209,working_age_15_64,0.0000000000
7209,young_0_14,0.0000000000
7210,old_age_65_plus,0.0000000000
7210,working_age_15_64,0.0000000000
7210,young_0_14,0.0000000000
7211,old_age_65_plus,0.0000000000
7211,working_age_15_64,0.0000000000
7211,young_0_14,0.0000000000
7212,old_age_65_plus,0.0000000000
7212,working_age_15_64,0.0000000000
7212,young_0_14,0.0000000000
7213,old_age_65_plus,0.0000000000
7213,working_age_15_64,0.0000000000
7213,young_0_14,0.0000000000
7214,old_age_65_plus,0.0000000000
7214,working_age_15_64,0.0000000000
7214,young_0_14,0.0000000000
7215,old_age_65_plus,0.0000000000
7215,working_age_15_64,0.0000000000
7215,young_0_14,0.0000000000
7216,old_age_65_plus,0.0000000000
7216,working_age_15_64,0.0000000000
7216,young_0_14,0.0000000000
7217,old_age_65_plus,0.0000000000
7217,working_age_15_64,0.0000000000
7217,young_0_14,0.0000000000
7218,old_age_65_plus,0.0000000000
7218,working_age_15_64,0.0000000000
7218,young_0_14,0.0000000000
7219,old_age_65_plus,0.0000000000
7219,working_age_15_64,0.0000000000
7219,young_0_14,0.0000000000
7220,old_age_65_plus,0.0000000000
7220,working_age_15_64,0.0000000000
7220,young_0_14,0.0000000000
7221,old_age_65_plus,0.0000000000
7221,working_age_15_64,0.0000000000
7221,young_0_14,0.0000000000
7222,old_age_65_plus,0.0000000000
7222,working_age_15_64,0.0000000000
7222,young_0_14,0.0000000000
7223,old_age_65_plus,0.0000000000
7223,working_age_15_64,0.0000000000
7223,young_0_14,0.0000000000
7224,old_age_65_plus,0.0000000000
7224,working_age_15_64,0.0000000000
7224,young_0_14,0.0000000000
7225,old_age_65_plus,0.0000000000
7225,working_age_15_64,0.0000000000
7225,young_0_14,0.0000000000
7226,old_age_65_plus,0.0000000000
7226,working_age_15_64,0.0000000000
7226,young_0_14,0.0000000000
7227,old_age_65_plus,0.0000000000
7227,working_age_15_64,0.0000000000
7227,young_0_14,0.0000000000
7228,old_age_65_plus,0.0000000000
7228,working_age_15_64,0.0000000000
7228,young_0_14,0.0000000000
7229,old_age_65_plus,0.0000000000
7229,working_age_15_64,0.0000000000
7229,young_0_14,0.0000000000
7230,old_age_65_plus,0.0000000000
7230,working_age_15_64,0.0000000000
7230,young_0_14,0.0000000000
7231,old_age_65_plus,0.0000000000
7231,working_age_15_64,0.0000000000
7231,young_0_14,0.0000000000
7232,old_age_65_plus,0.0000000000
7232,working_age_15_64,0.0000000000
7232,young_0_14,0.0000000000
7233,old_age_65_plus,0.0000000000
7233,working_age_15_64,0.0000000000
7233,young_0_14,0.0000000000
7234,old_age_65_plus,0.0000000000
7234,working_age_15_64,0.0000000000
7234,young_0_14,0.0000000000
7235,old_age_65_plus,0.0000000000
7235,working_age_15_64,0.0000000000
7235,young_0_14,0.0000000000
7236,old_age_65_plus,0.0000000000
7236,working_age_15_64,0.0000000000
7236,young_0_14,0.0000000000
7237,old_age_65_plus,0.0000000000
7237,working_age_15_64,0.0000000000
7237,young_0_14,0.0000000000
7238,old_age_65_plus,0.0000000000
7238,working_age_15_64,0.0000000000
7238,young_0_14,0.0000000000
7239,old_age_65_plus,0.0000000000
7239,working_age_15_64,0.0000000000
7239,young_0_14,0.0000000000
7240,old_age_65_plus,0.0000000000
7240,working_age_15_64,0.0000000000
7240,young_0_14,0.0000000000
7241,old_age_65_plus,0.0000000000
7241,working_age_15_64,0.0000000000
7241,young_0_14,0.0000000000
7242,old_age_65_plus,0.0000000000
7242,working_age_15_64,0.0000000000
7242,young_0_14,0.0000000000
7243,old_age_65_plus,0.0000000000
7243,working_age_15_64,0.0000000000
7243,young_0_14,0.0000000000
7244,old_age_65_plus,0.0000000000
7244,working_age_15_64,0.0000000000
7244,young_0_14,0.0000000000
7245,old_age_65_plus,0.0000000000
7245,working_age_15_64,0.0000000000
7245,young_0_14,0.0000000000
7246,old_age_65_plus,0.0000000000
7246,working_age_15_64,0.0000000000
7246,young_0_14,0.0000000000
7247,old_age_65_plus,0.0000000000
7247,working_age_15_64,0.0000000000
7247,young_0_14,0.0000000000
7248,old_age_65_plus,0.0000000000
7248,working_age_15_64,0.0000000000
7248,young_0_14,0.0000000000
7249,old_age_65_plus,0.0000000000
7249,working_age_15_64,0.0000000000
7249,young_0_14,0.0000000000
7250,old_age_65_plus,0.0000000000
7250,working_age_15_64,0.0000000000
7250,young_0_14,0.0000000000
7251,old_age_65_plus,0.0000000000
7251,working_age_15_64,0.0000000000
7251,young_0_14,0.0000000000
7252,old_age_65_plus,0.0000000000
7252,working_age_15_64,0.0000000000
7252,young_0_14,0.0000000000
7253,old_age_65_plus,0.0000000000
7253,working_age_15_64,0.0000000000
7253,young_0_14,0.0000000000
7254,old_age_65_plus,0.0000000000
7254,working_age_15_64,0.0000000000
7254,young_0_14,0.0000000000
7255,old_age_65_plus,0.0000000000
7255,working_age_15_64,0.0000000000
7255,young_0_14,0.0000000000
7256,old_age_65_plus,0.0000000000
7256,working_age_15_64,0.0000000000
7256,young_0_14,0.0000000000
7257,old_age_65_plus,0.0000000000
7257,working_age_15_64,0.0000000000
7257,young_0_14,0.0000000000
7258,old_age_65_plus,0.0000000000
7258,working_age_15_64,0.0000000000
7258,young_0_14,0.0000000000
7259,old_age_65_plus,0.0000000000
7259,working_age_15_64,0.0000000000
7259,young_0_14,0.0000000000
7260,old_age_65_plus,0.0000000000
7260,working_age_15_64,0.0000000000
7260,young_0_14,0.0000000000
7261,old_age_65_plus,0.0000000000
7261,working_age_15_64,0.0000000000
7261,young_0_14,0.0000000000
7262,old_age_65_plus,0.0000000000
7262,working_age_15_64,0.0000000000
7262,young_0_14,0.0000000000
7263,old_age_65_plus,0.0000000000
7263,working_age_15_64,0.0000000000
7263,young_0_14,0.0000000000
7264,old_age_65_plus,0.0000000000
7264,working_age_15_64,0.0000000000
7264,young_0_14,0.0000000000
7265,old_age_65_plus,0.0000000000
7265,working_age_15_64,0.0000000000
7265,young_0_14,0.0000000000
7266,old_age_65_plus,0.0000000000
7266,working_age_15_64,0.0000000000
7266,young_0_14,0.0000000000
7267,old_age_65_plus,0.0000000000
7267,working_age_15_64,0.0000000000
7267,young_0_14,0.0000000000
7268,old_age_65_plus,0.0000000000
7268,working_age_15_64,0.0000000000
7268,young_0_14,0.0000000000
7269,old_age_65_plus,0.0000000000
7269,working_age_15_64,0.0000000000
7269,young_0_14,0.0000000000
7270,old_age_65_plus,0.0000000000
7270,working_age_15_64,0.0000000000
7270,young_0_14,0.0000000000
7271,old_age_65_plus,0.0000000000
7271,working_age_15_64,0.0000000000
7271,young_0_14,0.0000000000
7272,old_age_65_plus,0.0000000000
7272,working_age_15_64,0.0000000000
7272,young_0_14,0.0000000000
7273,old_age_65_plus,0.0000000000
7273,working_age_15_64,0.0000000000
7273,young_0_14,0.0000000000
7274,old_age_65_plus,0.0000000000
7274,working_age_15_64,0.0000000000
7274,young_0_14,0.0000000000
7275,old_age_65_plus,0.0000000000
7275,working_age_15_64,0.0000000000
7275,young_0_14,0.0000000000
7276,old_age_65_plus,0.0000000000
7276,working_age_15_64,0.0000000000
7276,young_0_14,0.0000000000
7277,old_age_65_plus,0.0000000000
7277,working_age_15_64,0.0000000000
7277,young_0_14,0.0000000000
7278,old_age_65_plus,0.0000000000
7278,working_age_15_64,0.0000000000
7278,young_0_14,0.0000000000
7279,old_age_65_plus,0.0000000000
7279,working_age_15_64,0.0000000000
7279,young_0_14,0.0000000000
7280,old_age_65_plus,0.0000000000
7280,working_age_15_64,0.0000000000
7280,young_0_14,0.0000000000
7281,old_age_65_plus,0.0000000000
7281,working_age_15_64,0.0000000000
7281,young_0_14,0.0000000000
7282,old_age_65_plus,0.0000000000
7282,working_age_15_64,0.0000000000
7282,young_0_14,0.0000000000
7283,old_age_65_plus,0.0000000000
7283,working_age_15_64,0.0000000000
7283,young_0_14,0.0000000000
7284,old_age_65_plus,0.0000000000
7284,working_age_15_64,0.0000000000
7284,young_0_14,0.0000000000
7285,old_age_65_plus,0.0000000000
7285,working_age_15_64,0.0000000000
7285,young_0_14,0.0000000000
7286,old_age_65_plus,0.0000000000
7286,working_age_15_64,0.0000000000
7286,young_0_14,0.0000000000
7287,old_age_65_plus,0.0000000000
7287,working_age_15_64,0.0000000000
7287,young_0_14,0.0000000000
7288,old_age_65_plus,0.0000000000
7288,working_age_15_64,0.0000000000
7288,young_0_14,0.0000000000
7289,old_age_65_plus,0.0000000000
7289,working_age_15_64,0.0000000000
7289,young_0_14,0.0000000000
7290,old_age_65_plus,0.0000000000
7290,working_age_15_64,0.0000000000
7290,young_0_14,0.0000000000
7291,old_age_65_plus,0.0000000000
7291,working_age_15_64,0.0000000000
7291,young_0_14,0.0000000000
7292,old_age_65_plus,0.0000000000
7292,working_age_15_64,0.0000000000
7292,young_0_14,0.0000000000
7293,old_age_65_plus,0.0000000000
7293,working_age_15_64,0.0000000000
7293,young_0_14,0.0000000000
7294,old_age_65_plus,0.0000000000
7294,working_age_15_64,0.0000000000
7294,young_0_14,0.0000000000
7295,old_age_65_plus,0.0000000000
7295,working_age_15_64,0.0000000000
7295,young_0_14,0.0000000000
7296,old_age_65_plus,0.0000000000
7296,working_age_15_64,0.0000000000
7296,young_0_14,0.0000000000
7297,old_age_65_plus,0.0000000000
7297,working_age_15_64,0.0000000000
7297,young_0_14,0.0000000000
7298,old_age_65_plus,0.0000000000
7298,working_age_15_64,0.0000000000
7298,young_0_14,0.0000000000
7299,old_age_65_plus,0.0000000000
7299,working_age_15_64,0.0000000000
7299,young_0_14,0.0000000000
7300,old_age_65_plus,0.0000000000
7300,working_age_15_64,0.0000000000
7300,young_0_14,0.0000000000
7301,old_age_65_plus,0.0000000000
7301,working_age_15_64,0.0000000000
7301,young_0_14,0.0000000000
7302,old_age_65_plus,0.0000000000
7302,working_age_15_64,0.0000000000
7302,young_0_14,0.0000000000
7303,old_age_65_plus,0.0000000000
7303,working_age_15_64,0.0000000000
7303,young_0_14,0.0000000000
7304,old_age_65_plus,0.0000000000
7304,working_age_15_64,0.0000000000
7304,young_0_14,0.0000000000
7305,old_age_65_plus,0.0000000000
7305,working_age_15_64,0.0000000000
7305,young_0_14,0.0000000000
7306,old_age_65_plus,0.0000000000
7306,working_age_15_64,0.0000000000
7306,young_0_14,0.0000000000
7307,old_age_65_plus,0.0000000000
7307,working_age_15_64,0.0000000000
7307,young_0_14,0.0000000000
7308,old_age_65_plus,0.0000000000
7308,working_age_15_64,0.0000000000
7308,young_0_14,0.0000000000
7309,old_age_65_plus,0.0000000000
7309,working_age_15_64,0.0000000000
7309,young_0_14,0.0000000000
7310,old_age_65_plus,0.0000000000
7310,working_age_15_64,0.0000000000
7310,young_0_14,0.0000000000
7311,old_age_65_plus,0.0000000000
7311,working_age_15_64,0.0000000000
7311,young_0_14,0.0000000000
7312,old_age_65_plus,0.0000000000
7312,working_age_15_64,0.0000000000
7312,young_0_14,0.0000000000
7313,old_age_65_plus,0.0000000000
7313,working_age_15_64,0.0000000000
7313,young_0_14,0.0000000000
7314,old_age_65_plus,0.0000000000
7314,working_age_15_64,0.0000000000
7314,young_0_14,0.0000000000
7315,old_age_65_plus,0.0000000000
7315,working_age_15_64,0.0000000000
7315,young_0_14,0.0000000000
7316,old_age_65_plus,0.0000000000
7316,working_age_15_64,0.0000000000
7316,young_0_14,0.0000000000
7317,old_age_65_plus,0.0000000000
7317,working_age_15_64,0.0000000000
7317,young_0_14,0.0000000000
7318,old_age_65_plus,0.0000000000
7318,working_age_15_64,0.0000000000
7318,young_0_14,0.0000000000
7319,old_age_65_plus,0.0000000000
7319,working_age_15_64,0.0000000000
7319,young_0_14,0.0000000000
7320,old_age_65_plus,0.0000000000
7320,working_age_15_64,0.0000000000
7320,young_0_14,0.0000000000
7321,old_age_65_plus,0.0000000000
7321,working_age_15_64,0.0000000000
7321,young_0_14,0.0000000000
7322,old_age_65_plus,0.0000000000
7322,working_age_15_64,0.0000000000
7322,young_0_14,0.0000000000
7323,old_age_65_plus,0.0000000000
7323,working_age_15_64,0.0000000000
7323,young_0_14,0.0000000000
7324,old_age_65_plus,0.0000000000
7324,working_age_15_64,0.0000000000
7324,young_0_14,0.0000000000
7325,old_age_65_plus,0.0000000000
7325,working_age_15_64,0.0000000000
7325,young_0_14,0.0000000000
7326,old_age_65_plus,0.0000000000
7326,working_age_15_64,0.0000000000
7326,young_0_14,0.0000000000
7327,old_age_65_plus,0.0000000000
7327,working_age_15_64,0.0000000000
7327,young_0_14,0.0000000000
7328,old_age_65_plus,0.0000000000
7328,working_age_15_64,0.0000000000
7328,young_0_14,0.0000000000
7329,old_age_65_plus,0.0000000000
7329,working_age_15_64,0.0000000000
7329,young_0_14,0.0000000000
7330,old_age_65_plus,0.0000000000
7330,working_age_15_64,0.0000000000
7330,young_0_14,0.0000000000
7331,old_age_65_plus,0.0000000000
7331,working_age_15_64,0.0000000000
7331,young_0_14,0.0000000000
7332,old_age_65_plus,0.0000000000
7332,working_age_15_64,0.0000000000
7332,young_0_14,0.0000000000
7333,old_age_65_plus,0.0000000000
7333,working_age_15_64,0.0000000000
7333,young_0_14,0.0000000000
7334,old_age_65_plus,0.0000000000
7334,working_age_15_64,0.0000000000
7334,young_0_14,0.0000000000
7335,old_age_65_plus,0.0000000000
7335,working_age_15_64,0.0000000000
7335,young_0_14,0.0000000000
7336,old_age_65_plus,0.0000000000
7336,working_age_15_64,0.0000000000
7336,young_0_14,0.0000000000
7337,old_age_65_plus,0.0000000000
7337,working_age_15_64,0.0000000000
7337,young_0_14,0.0000000000
7338,old_age_65_plus,0.0000000000
7338,working_age_15_64,0.0000000000
7338,young_0_14,0.0000000000
7339,old_age_65_plus,0.0000000000
7339,working_age_15_64,0.0000000000
7339,young_0_14,0.0000000000
7340,old_age_65_plus,0.0000000000
7340,working_age_15_64,0.0000000000
7340,young_0_14,0.0000000000
7341,old_age_65_plus,0.0000000000
7341,working_age_15_64,0.0000000000
7341,young_0_14,0.0000000000
7342,old_age_65_plus,0.0000000000
7342,working_age_15_64,0.0000000000
7342,young_0_14,0.0000000000
7343,old_age_65_plus,0.0000000000
7343,working_age_15_64,0.0000000000
7343,young_0_14,0.0000000000
7344,old_age_65_plus,0.0000000000
7344,working_age_15_64,0.0000000000
7344,young_0_14,0.0000000000
7345,old_age_65_plus,0.0000000000
7345,working_age_15_64,0.0000000000
7345,young_0_14,0.0000000000
7346,old_age_65_plus,0.0000000000
7346,working_age_15_64,0.0000000000
7346,young_0_14,0.0000000000
7347,old_age_65_plus,0.0000000000
7347,working_age_15_64,0.0000000000
7347,young_0_14,0.0000000000
7348,old_age_65_plus,0.0000000000
7348,working_age_15_64,0.0000000000
7348,young_0_14,0.0000000000
7349,old_age_65_plus,0.0000000000
7349,working_age_15_64,0.0000000000
7349,young_0_14,0.0000000000
7350,old_age_65_plus,0.0000000000
7350,working_age_15_64,0.0000000000
7350,young_0_14,0.0000000000
7351,old_age_65_plus,0.0000000000
7351,working_age_15_64,0.0000000000
7351,young_0_14,0.0000000000
7352,old_age_65_plus,0.0000000000
7352,working_age_15_64,0.0000000000
7352,young_0_14,0.0000000000
7353,old_age_65_plus,0.0000000000
7353,working_age_15_64,0.0000000000
7353,young_0_14,0.0000000000
7354,old_age_65_plus,0.0000000000
7354,working_age_15_64,0.0000000000
7354,young_0_14,0.0000000000
7355,old_age_65_plus,0.0000000000
7355,working_age_15_64,0.0000000000
7355,young_0_14,0.0000000000
7356,old_age_65_plus,0.0000000000
7356,working_age_15_64,0.0000000000
7356,young_0_14,0.0000000000
7357,old_age_65_plus,0.0000000000
7357,working_age_15_64,0.0000000000
7357,young_0_14,0.0000000000
7358,old_age_65_plus,0.0000000000
7358,working_age_15_64,0.0000000000
7358,young_0_14,0.0000000000
7359,old_age_65_plus,0.0000000000
7359,working_age_15_64,0.0000000000
7359,young_0_14,0.0000000000
7360,old_age_65_plus,0.0000000000
7360,working_age_15_64,0.0000000000
7360,young_0_14,0.0000000000
7361,old_age_65_plus,0.0000000000
7361,working_age_15_64,0.0000000000
7361,young_0_14,0.0000000000
7362,old_age_65_plus,0.0000000000
7362,working_age_15_64,0.0000000000
7362,young_0_14,0.0000000000
7363,old_age_65_plus,0.0000000000
7363,working_age_15_64,0.0000000000
7363,young_0_14,0.0000000000
7364,old_age_65_plus,0.0000000000
7364,working_age_15_64,0.0000000000
7364,young_0_14,0.0000000000
7365,old_age_65_plus,0.0000000000
7365,working_age_15_64,0.0000000000
7365,young_0_14,0.0000000000
7366,old_age_65_plus,0.0000000000
7366,working_age_15_64,0.0000000000
7366,young_0_14,0.0000000000
7367,old_age_65_plus,0.0000000000
7367,working_age_15_64,0.0000000000
7367,young_0_14,0.0000000000
7368,old_age_65_plus,0.0000000000
7368,working_age_15_64,0.0000000000
7368,young_0_14,0.0000000000
7369,old_age_65_plus,0.0000000000
7369,working_age_15_64,0.0000000000
7369,young_0_14,0.0000000000
7370,old_age_65_plus,0.0000000000
7370,working_age_15_64,0.0000000000
7370,young_0_14,0.0000000000
7371,old_age_65_plus,0.0000000000
7371,working_age_15_64,0.0000000000
7371,young_0_14,0.0000000000
7372,old_age_65_plus,0.0000000000
7372,working_age_15_64,0.0000000000
7372,young_0_14,0.0000000000
7373,old_age_65_plus,0.0000000000
7373,working_age_15_64,0.0000000000
7373,young_0_14,0.0000000000
7374,old_age_65_plus,0.0000000000
7374,working_age_15_64,0.0000000000
7374,young_0_14,0.0000000000
7375,old_age_65_plus,0.0000000000
7375,working_age_15_64,0.0000000000
7375,young_0_14,0.0000000000
7376,old_age_65_plus,0.0000000000
7376,working_age_15_64,0.0000000000
7376,young_0_14,0.0000000000
7377,old_age_65_plus,0.0000000000
7377,working_age_15_64,0.0000000000
7377,young_0_14,0.0000000000
7378,old_age_65_plus,0.0000000000
7378,working_age_15_64,0.0000000000
7378,young_0_14,0.0000000000
7379,old_age_65_plus,0.0000000000
7379,working_age_15_64,0.0000000000
7379,young_0_14,0.0000000000
7380,old_age_65_plus,0.0000000000
7380,working_age_15_64,0.0000000000
7380,young_0_14,0.0000000000
7381,old_age_65_plus,0.0000000000
7381,working_age_15_64,0.0000000000
7381,young_0_14,0.0000000000
7382,old_age_65_plus,0.0000000000
7382,working_age_15_64,0.0000000000
7382,young_0_14,0.0000000000
7383,old_age_65_plus,0.0000000000
7383,working_age_15_64,0.0000000000
7383,young_0_14,0.0000000000
7384,old_age_65_plus,0.0000000000
7384,working_age_15_64,0.0000000000
7384,young_0_14,0.0000000000
7385,old_age_65_plus,0.0000000000
7385,working_age_15_64,0.0000000000
7385,young_0_14,0.0000000000
7386,old_age_65_plus,0.0000000000
7386,working_age_15_64,0.0000000000
7386,young_0_14,0.0000000000
7387,old_age_65_plus,0.0000000000
7387,working_age_15_64,0.0000000000
7387,young_0_14,0.0000000000
7388,old_age_65_plus,0.0000000000
7388,working_age_15_64,0.0000000000
7388,young_0_14,0.0000000000
7389,old_age_65_plus,0.0396838924
7389,working_age_15_64,0.5416034581
7389,young_0_14,0.3339177016
7390,old_age_65_plus,0.0000000000
7390,working_age_15_64,0.0000000000
7390,young_0_14,0.0000000000
7391,old_age_65_plus,0.0000000000
7391,working_age_15_64,0.0000000000
7391,young_0_14,0.0000000000
7392,old_age_65_plus,0.0000000000
7392,working_age_15_64,0.0000000000
7392,young_0_14,0.0000000000
7393,old_age_65_plus,0.0000000000
7393,working_age_15_64,0.0000000000
7393,young_0_14,0.0000000000
7394,old_age_65_plus,0.0000000000
7394,working_age_15_64,0.0000000000
7394,young_0_14,0.0000000000
7395,old_age_65_plus,0.0000000000
7395,working_age_15_64,0.0000000000
7395,young_0_14,0.0000000000
7396,old_age_65_plus,0.0000000000
7396,working_age_15_64,0.0000000000
7396,young_0_14,0.0000000000
7397,old_age_65_plus,0.0000000000
7397,working_age_15_64,0.0000000000
7397,young_0_14,0.0000000000
7398,old_age_65_plus,0.0000000000
7398,working_age_15_64,0.0000000000
7398,young_0_14,0.0000000000
7399,old_age_65_plus,0.0000000000
7399,working_age_15_64,0.0000000000
7399,young_0_14,0.0000000000
7400,old_age_65_plus,0.0000000000
7400,working_age_15_64,0.0000000000
7400,young_0_14,0.0000000000
7401,old_age_65_plus,0.0000000000
7401,working_age_15_64,0.0000000000
7401,young_0_14,0.0000000000
7402,old_age_65_plus,0.0000000000
7402,working_age_15_64,0.0000000000
7402,young_0_14,0.0000000000
7403,old_age_65_plus,0.0000000000
7403,working_age_15_64,0.0000000000
7403,young_0_14,0.0000000000
7404,old_age_65_plus,0.0000000000
7404,working_age_15_64,0.0000000000
7404,young_0_14,0.0000000000
7405,old_age_65_plus,0.0000000000
7405,working_age_15_64,0.0000000000
7405,young_0_14,0.0000000000
7406,old_age_65_plus,0.0000000000
7406,working_age_15_64,0.0000000000
7406,young_0_14,0.0000000000
7407,old_age_65_plus,0.0000000000
7407,working_age_15_64,0.0000000000
7407,young_0_14,0.0000000000
7408,old_age_65_plus,0.0000000000
7408,working_age_15_64,0.0000000000
7408,young_0_14,0.0000000000
7409,old_age_65_plus,0.0000000000
7409,working_age_15_64,0.0000000000
7409,young_0_14,0.0000000000
7410,old_age_65_plus,0.0000000000
7410,working_age_15_64,0.0000000000
7410,young_0_14,0.0000000000
7411,old_age_65_plus,0.0000000000
7411,working_age_15_64,0.0000000000
7411,young_0_14,0.0000000000
7412,old_age_65_plus,0.0000000000
7412,working_age_15_64,0.0000000000
7412,young_0_14,0.0000000000
7413,old_age_65_plus,0.0000000000
7413,working_age_15_64,0.0000000000
7413,young_0_14,0.0000000000
7414,old_age_65_plus,0.0000000000
7414,working_age_15_64,0.0000000000
7414,young_0_14,0.0000000000
7415,old_age_65_plus,0.0000000000
7415,working_age_15_64,0.0000000000
7415,young_0_14,0.0000000000
7416,old_age_65_plus,0.0000000000
7416,working_age_15_64,0.0000000000
7416,young_0_14,0.0000000000
7417,old_age_65_plus,0.0000000000
7417,working_age_15_64,0.0000000000
7417,young_0_14,0.0000000000
7418,old_age_65_plus,0.0000000000
7418,working_age_15_64,0.0000000000
7418,young_0_14,0.0000000000
7419,old_age_65_plus,0.0000000000
7419,working_age_15_64,0.0000000000
7419,young_0_14,0.0000000000
7420,old_age_65_plus,0.0000000000
7420,working_age_15_64,0.0000000000
7420,young_0_14,0.0000000000
7421,old_age_65_plus,0.0000000000
7421,working_age_15_64,0.0000000000
7421,young_0_14,0.0000000000
7422,old_age_65_plus,0.0000000000
7422,working_age_15_64,0.0000000000
7422,young_0_14,0.0000000000
7423,old_age_65_plus,0.0000000000
7423,working_age_15_64,0.0000000000
7423,young_0_14,0.0000000000
7424,old_age_65_plus,0.0000000000
7424,working_age_15_64,0.0000000000
7424,young_0_14,0.0000000000
7425,old_age_65_plus,0.0000000000
7425,working_age_15_64,0.0000000000
7425,young_0_14,0.0000000000
7426,old_age_65_plus,0.0000000000
7426,working_age_15_64,0.0000000000
7426,young_0_14,0.0000000000
7427,old_age_65_plus,0.0000000000
7427,working_age_15_64,0.0000000000
7427,young_0_14,0.0000000000
7428,old_age_65_plus,0.0000000000
7428,working_age_15_64,0.0000000000
7428,young_0_14,0.0000000000
7429,old_age_65_plus,0.0000000000
7429,working_age_15_64,0.0000000000
7429,young_0_14,0.0000000000
7430,old_age_65_plus,0.0000000000
7430,working_age_15_64,0.0000000000
7430,young_0_14,0.0000000000
7431,old_age_65_plus,0.0000000000
7431,working_age_15_64,0.0000000000
7431,young_0_14,0.0000000000
7432,old_age_65_plus,0.0000000000
7432,working_age_15_64,0.0000000000
7432,young_0_14,0.0000000000
7433,old_age_65_plus,0.0000000000
7433,working_age_15_64,0.0000000000
7433,young_0_14,0.0000000000
7434,old_age_65_plus,0.0000000000
7434,working_age_15_64,0.0000000000
7434,young_0_14,0.0000000000
7435,old_age_65_plus,0.0000000000
7435,working_age_15_64,0.0000000000
7435,young_0_14,0.0000000000
7436,old_age_65_plus,0.0000000000
7436,working_age_15_64,0.0000000000
7436,young_0_14,0.0000000000
7437,old_age_65_plus,0.0000000000
7437,working_age_15_64,0.0000000000
7437,young_0_14,0.0000000000
7438,old_age_65_plus,0.0417707353
7438,working_age_15_64,0.4838098753
7438,young_0_14,0.1394131873
7439,old_age_65_plus,0.0000000000
7439,working_age_15_64,0.0000000000
7439,young_0_14,0.0000000000
7440,old_age_65_plus,0.0000000000
7440,working_age_15_64,0.0000000000
7440,young_0_14,0.0000000000
7441,old_age_65_plus,0.0000000000
7441,working_age_15_64,0.0000000000
7441,young_0_14,0.0000000000
7442,old_age_65_plus,0.0000000000
7442,working_age_15_64,0.0000000000
7442,young_0_14,0.0000000000
7443,old_age_65_plus,0.0000000000
7443,working_age_15_64,0.0000000000
7443,young_0_14,0.0000000000
7444,old_age_65_plus,0.0000000000
7444,working_age_15_64,0.0000000000
7444,young_0_14,0.0000000000
7445,old_age_65_plus,0.0000000000
7445,working_age_15_64,0.0000000000
7445,young_0_14,0.0000000000
7446,old_age_65_plus,0.0000000000
7446,working_age_15_64,0.0000000000
7446,young_0_14,0.0000000000
7447,old_age_65_plus,0.0000000000
7447,working_age_15_64,0.0000000000
7447,young_0_14,0.0000000000
7448,old_age_65_plus,0.0000000000
7448,working_age_15_64,0.0000000000
7448,young_0_14,0.0000000000
7449,old_age_65_plus,0.0000000000
7449,working_age_15_64,0.0000000000
7449,young_0_14,0.0000000000
7450,old_age_65_plus,0.0000000000
7450,working_age_15_64,0.0000000000
7450,young_0_14,0.0000000000
7451,old_age_65_plus,0.0000000000
7451,working_age_15_64,0.0000000000
7451,young_0_14,0.0000000000
7452,old_age_65_plus,0.0000000000
7452,working_age_15_64,0.0000000000
7452,young_0_14,0.0000000000
7453,old_age_65_plus,0.0000000000
7453,working_age_15_64,0.0000000000
7453,young_0_14,0.0000000000
7454,old_age_65_plus,0.0000000000
7454,working_age_15_64,0.0000000000
7454,young_0_14,0.0000000000
7455,old_age_65_plus,0.0000000000
7455,working_age_15_64,0.0000000000
7455,young_0_14,0.0000000000
7456,old_age_65_plus,0.0000000000
7456,working_age_15_64,0.0000000000
7456,young_0_14,0.0000000000
7457,old_age_65_plus,0.0000000000
7457,working_age_15_64,0.0000000000
7457,young_0_14,0.0000000000
7458,old_age_65_plus,0.0000000000
7458,working_age_15_64,0.0000000000
7458,young_0_14,0.0000000000
7459,old_age_65_plus,0.0000000000
7459,working_age_15_64,0.0000000000
7459,young_0_14,0.0000000000
7460,old_age_65_plus,0.0000000000
7460,working_age_15_64,0.0000000000
7460,young_0_14,0.0000000000
7461,old_age_65_plus,0.0000000000
7461,working_age_15_64,0.0000000000
7461,young_0_14,0.0000000000
7462,old_age_65_plus,0.0000000000
7462,working_age_15_64,0.0000000000
7462,young_0_14,0.0000000000
7463,old_age_65_plus,0.0000000000
7463,working_age_15_64,0.0000000000
7463,young_0_14,0.0000000000
7464,old_age_65_plus,0.0000000000
7464,working_age_15_64,0.0000000000
7464,young_0_14,0.0000000000
7465,old_age_65_plus,0.0000000000
7465,working_age_15_64,0.0000000000
7465,young_0_14,0.0000000000
7466,old_age_65_plus,0.0000000000
7466,working_age_15_64,0.0000000000
7466,young_0_14,0.0000000000
7467,old_age_65_plus,0.0000000000
7467,working_age_15_64,0.0000000000
7467,young_0_14,0.0000000000
7468,old_age_65_plus,0.0000000000
7468,working_age_15_64,0.0000000000
7468,young_0_14,0.0000000000
7469,old_age_65_plus,0.0000000000
7469,working_age_15_64,0.0000000000
7469,young_0_14,0.0000000000
7470,old_age_65_plus,0.0000000000
7470,working_age_15_64,0.0000000000
7470,young_0_14,0.0000000000
7471,old_age_65_plus,0.0000000000
7471,working_age_15_64,0.0000000000
7471,young_0_14,0.0000000000
7472,old_age_65_plus,0.0000000000
7472,working_age_15_64,0.0000000000
7472,young_0_14,0.0000000000
7473,old_age_65_plus,0.0000000000
7473,working_age_15_64,0.0000000000
7473,young_0_14,0.0000000000
7474,old_age_65_plus,0.0000000000
7474,working_age_15_64,0.0000000000
7474,young_0_14,0.0000000000
7475,old_age_65_plus,0.0000000000
7475,working_age_15_64,0.0000000000
7475,young_0_14,0.0000000000
7476,old_age_65_plus,0.0000000000
7476,working_age_15_64,0.0000000000
7476,young_0_14,0.0000000000
7477,old_age_65_plus,0.0000000000
7477,working_age_15_64,0.0000000000
7477,young_0_14,0.0000000000
7478,old_age_65_plus,0.0000000000
7478,working_age_15_64,0.0000000000
7478,young_0_14,0.0000000000
7479,old_age_65_plus,0.0000000000
7479,working_age_15_64,0.0000000000
7479,young_0_14,0.0000000000
7480,old_age_65_plus,0.0000000000
7480,working_age_15_64,0.0000000000
7480,young_0_14,0.0000000000
7481,old_age_65_plus,0.0000000000
7481,working_age_15_64,0.0000000000
7481,young_0_14,0.0000000000
7482,old_age_65_plus,0.0000000000
7482,working_age_15_64,0.0000000000
7482,young_0_14,0.0000000000
7483,old_age_65_plus,0.0000000000
7483,working_age_15_64,0.0000000000
7483,young_0_14,0.0000000000
7484,old_age_65_plus,0.0000000000
7484,working_age_15_64,0.0000000000
7484,young_0_14,0.0000000000
7485,old_age_65_plus,0.0000000000
7485,working_age_15_64,0.0000000000
7485,young_0_14,0.0000000000
7486,old_age_65_plus,0.0000000000
7486,working_age_15_64,0.0000000000
7486,young_0_14,0.0000000000
7487,old_age_65_plus,0.0000000000
7487,working_age_15_64,0.0000000000
7487,young_0_14,0.0000000000
7488,old_age_65_plus,0.0000000000
7488,working_age_15_64,0.0000000000
7488,young_0_14,0.0000000000
7489,old_age_65_plus,0.0000000000
7489,working_age_15_64,0.0000000000
7489,young_0_14,0.0000000000
7490,old_age_65_plus,0.0000000000
7490,working_age_15_64,0.0000000000
7490,young_0_14,0.0000000000
7491,old_age_65_plus,0.0000000000
7491,working_age_15_64,0.0000000000
7491,young_0_14,0.0000000000
7492,old_age_65_plus,0.0000000000
7492,working_age_15_64,0.0000000000
7492,young_0_14,0.0000000000
7493,old_age_65_plus,0.0000000000
7493,working_age_15_64,0.0000000000
7493,young_0_14,0.0000000000
7494,old_age_65_plus,0.0000000000
7494,working_age_15_64,0.0000000000
7494,young_0_14,0.0000000000
7495,old_age_65_plus,0.0000000000
7495,working_age_15_64,0.0000000000
7495,young_0_14,0.0000000000
7496,old_age_65_plus,0.0000000000
7496,working_age_15_64,0.0000000000
7496,young_0_14,0.0000000000
7497,old_age_65_plus,0.0000000000
7497,working_age_15_64,0.0000000000
7497,young_0_14,0.0000000000
7498,old_age_65_plus,0.0000000000
7498,working_age_15_64,0.0000000000
7498,young_0_14,0.0000000000
7499,old_age_65_plus,0.0000000000
7499,working_age_15_64,0.0000000000
7499,young_0_14,0.0000000000
7500,old_age_65_plus,0.0000000000
7500,working_age_15_64,0.0000000000
7500,young_0_14,0.0000000000
7501,old_age_65_plus,0.0000000000
7501,working_age_15_64,0.0000000000
7501,young_0_14,0.0000000000
7502,old_age_65_plus,0.0000000000
7502,working_age_15_64,0.0000000000
7502,young_0_14,0.0000000000
7503,old_age_65_plus,0.0000000000
7503,working_age_15_64,0.0000000000
7503,young_0_14,0.0000000000
7504,old_age_65_plus,0.0000000000
7504,working_age_15_64,0.0000000000
7504,young_0_14,0.0000000000
7505,old_age_65_plus,0.0000000000
7505,working_age_15_64,0.0000000000
7505,young_0_14,0.0000000000
7506,old_age_65_plus,0.0000000000
7506,working_age_15_64,0.0000000000
7506,young_0_14,0.0000000000
7507,old_age_65_plus,0.0000000000
7507,working_age_15_64,0.0000000000
7507,young_0_14,0.0000000000
7508,old_age_65_plus,0.0000000000
7508,working_age_15_64,0.0000000000
7508,young_0_14,0.0000000000
7509,old_age_65_plus,0.0000000000
7509,working_age_15_64,0.0000000000
7509,young_0_14,0.0000000000
7510,old_age_65_plus,0.0000000000
7510,working_age_15_64,0.0000000000
7510,young_0_14,0.0000000000
7511,old_age_65_plus,0.0000000000
7511,working_age_15_64,0.0000000000
7511,young_0_14,0.0000000000
7512,old_age_65_plus,0.0000000000
7512,working_age_15_64,0.0000000000
7512,young_0_14,0.0000000000
7513,old_age_65_plus,0.0000000000
7513,working_age_15_64,0.0000000000
7513,young_0_14,0.0000000000
7514,old_age_65_plus,0.0000000000
7514,working_age_15_64,0.0000000000
7514,young_0_14,0.0000000000
7515,old_age_65_plus,0.0000000000
7515,working_age_15_64,0.0000000000
7515,young_0_14,0.0000000000
7516,old_age_65_plus,0.0000000000
7516,working_age_15_64,0.0000000000
7516,young_0_14,0.0000000000
7517,old_age_65_plus,0.0000000000
7517,working_age_15_64,0.0000000000
7517,young_0_14,0.0000000000
7518,old_age_65_plus,0.0000000000
7518,working_age_15_64,0.0000000000
7518,young_0_14,0.0000000000
7519,old_age_65_plus,0.0000000000
7519,working_age_15_64,0.0000000000
7519,young_0_14,0.0000000000
7520,old_age_65_plus,0.0000000000
7520,working_age_15_64,0.0000000000
7520,young_0_14,0.0000000000
7521,old_age_65_plus,0.0000000000
7521,working_age_15_64,0.0000000000
7521,young_0_14,0.0000000000
7522,old_age_65_plus,0.0000000000
7522,working_age_15_64,0.0000000000
7522,young_0_14,0.0000000000
7523,old_age_65_plus,0.0000000000
7523,working_age_15_64,0.0000000000
7523,young_0_14,0.0000000000
7524,old_age_65_plus,0.0000000000
7524,working_age_15_64,0.0000000000
7524,young_0_14,0.0000000000
7525,old_age_65_plus,0.0000000000
7525,working_age_15_64,0.0000000000
7525,young_0_14,0.0000000000
7526,old_age_65_plus,0.0000000000
7526,working_age_15_64,0.0000000000
7526,young_0_14,0.0000000000
7527,old_age_65_plus,0.0000000000
7527,working_age_15_64,0.0000000000
7527,young_0_14,0.0000000000
7528,old_age_65_plus,0.0000000000
7528,working_age_15_64,0.0000000000
7528,young_0_14,0.0000000000
7529,old_age_65_plus,0.0000000000
7529,working_age_15_64,0.0000000000
7529,young_0_14,0.0000000000
7530,old_age_65_plus,0.0000000000
7530,working_age_15_64,0.0000000000
7530,young_0_14,0.0000000000
7531,old_age_65_plus,0.0000000000
7531,working_age_15_64,0.0000000000
7531,young_0_14,0.0000000000
7532,old_age_65_plus,0.0000000000
7532,working_age_15_64,0.0000000000
7532,young_0_14,0.0000000000
7533,old_age_65_plus,0.0000000000
7533,working_age_15_64,0.0000000000
7533,young_0_14,0.0000000000
7534,old_age_65_plus,0.0000000000
7534,working_age_15_64,0.0000000000
7534,young_0_14,0.0000000000
7535,old_age_65_plus,0.0000000000
7535,working_age_15_64,0.0000000000
7535,young_0_14,0.0000000000
7536,old_age_65_plus,0.0000000000
7536,working_age_15_64,0.0000000000
7536,young_0_14,0.0000000000
7537,old_age_65_plus,0.0000000000
7537,working_age_15_64,0.0000000000
7537,young_0_14,0.0000000000
7538,old_age_65_plus,0.0000000000
7538,working_age_15_64,0.0000000000
7538,young_0_14,0.0000000000
7539,old_age_65_plus,0.0000000000
7539,working_age_15_64,0.0000000000
7539,young_0_14,0.0000000000
7540,old_age_65_plus,0.0000000000
7540,working_age_15_64,0.0000000000
7540,young_0_14,0.0000000000
7541,old_age_65_plus,0.0000000000
7541,working_age_15_64,0.0000000000
7541,young_0_14,0.0000000000
7542,old_age_65_plus,0.0000000000
7542,working_age_15_64,0.0000000000
7542,young_0_14,0.0000000000
7543,old_age_65_plus,0.0000000000
7543,working_age_15_64,0.0000000000
7543,young_0_14,0.0000000000
7544,old_age_65_plus,0.0000000000
7544,working_age_15_64,0.0000000000
7544,young_0_14,0.0000000000
7545,old_age_65_plus,0.0000000000
7545,working_age_15_64,0.0000000000
7545,young_0_14,0.0000000000
7546,old_age_65_plus,0.0000000000
7546,working_age_15_64,0.0000000000
7546,young_0_14,0.0000000000
7547,old_age_65_plus,0.0000000000
7547,working_age_15_64,0.0000000000
7547,young_0_14,0.0000000000
7548,old_age_65_plus,0.0000000000
7548,working_age_15_64,0.0000000000
7548,young_0_14,0.0000000000
7549,old_age_65_plus,0.0000000000
7549,working_age_15_64,0.0000000000
7549,young_0_14,0.0000000000
7550,old_age_65_plus,0.0000000000
7550,working_age_15_64,0.0000000000
7550,young_0_14,0.0000000000
7551,old_age_65_plus,0.0000000000
7551,working_age_15_64,0.0000000000
7551,young_0_14,0.0000000000
7552,old_age_65_plus,0.0000000000
7552,working_age_15_64,0.0000000000
7552,young_0_14,0.0000000000
7553,old_age_65_plus,0.0000000000
7553,working_age_15_64,0.0000000000
7553,young_0_14,0.0000000000
7554,old_age_65_plus,0.0000000000
7554,working_age_15_64,0.0000000000
7554,young_0_14,0.0000000000
7555,old_age_65_plus,0.0000000000
7555,working_age_15_64,0.0000000000
7555,young_0_14,0.0000000000
7556,old_age_65_plus,0.0000000000
7556,working_age_15_64,0.0000000000
7556,young_0_14,0.0000000000
7557,old_age_65_plus,0.0000000000
7557,working_age_15_64,0.0000000000
7557,young_0_14,0.0000000000
7558,old_age_65_plus,0.0000000000
7558,working_age_15_64,0.0000000000
7558,young_0_14,0.0000000000
7559,old_age_65_plus,0.0000000000
7559,working_age_15_64,0.0000000000
7559,young_0_14,0.0000000000
7560,old_age_65_plus,0.0000000000
7560,working_age_15_64,0.0000000000
7560,young_0_14,0.0000000000
7561,old_age_65_plus,0.0000000000
7561,working_age_15_64,0.0000000000
7561,young_0_14,0.0000000000
7562,old_age_65_plus,0.0000000000
7562,working_age_15_64,0.0000000000
7562,young_0_14,0.0000000000
7563,old_age_65_plus,0.0000000000
7563,working_age_15_64,0.0000000000
7563,young_0_14,0.0000000000
7564,old_age_65_plus,0.0000000000
7564,working_age_15_64,0.0000000000
7564,young_0_14,0.0000000000
7565,old_age_65_plus,0.0000000000
7565,working_age_15_64,0.0000000000
7565,young_0_14,0.0000000000
7566,old_age_65_plus,0.0000000000
7566,working_age_15_64,0.0000000000
7566,young_0_14,0.0000000000
7567,old_age_65_plus,0.0000000000
7567,working_age_15_64,0.0000000000
7567,young_0_14,0.0000000000
7568,old_age_65_plus,0.0000000000
7568,working_age_15_64,0.0000000000
7568,young_0_14,0.0000000000
7569,old_age_65_plus,0.0000000000
7569,working_age_15_64,0.0000000000
7569,young_0_14,0.0000000000
7570,old_age_65_plus,0.0000000000
7570,working_age_15_64,0.0000000000
7570,young_0_14,0.0000000000
7571,old_age_65_plus,0.0000000000
7571,working_age_15_64,0.0000000000
7571,young_0_14,0.0000000000
7572,old_age_65_plus,0.0000000000
7572,working_age_15_64,0.0000000000
7572,young_0_14,0.0000000000
7573,old_age_65_plus,0.0000000000
7573,working_age_15_64,0.0000000000
7573,young_0_14,0.0000000000
7574,old_age_65_plus,0.0000000000
7574,working_age_15_64,0.0000000000
7574,young_0_14,0.0000000000
7575,old_age_65_plus,0.0000000000
7575,working_age_15_64,0.0000000000
7575,young_0_14,0.0000000000
7576,old_age_65_plus,0.0000000000
7576,working_age_15_64,0.0000000000
7576,young_0_14,0.0000000000
7577,old_age_65_plus,0.0000000000
7577,working_age_15_64,0.0000000000
7577,young_0_14,0.0000000000
7578,old_age_65_plus,0.0000000000
7578,working_age_15_64,0.0000000000
7578,young_0_14,0.0000000000
7579,old_age_65_plus,0.0000000000
7579,working_age_15_64,0.0000000000
7579,young_0_14,0.0000000000
7580,old_age_65_plus,0.0000000000
7580,working_age_15_64,0.0000000000
7580,young_0_14,0.0000000000
7581,old_age_65_plus,0.0000000000
7581,working_age_15_64,0.0000000000
7581,young_0_14,0.0000000000
7582,old_age_65_plus,0.0000000000
7582,working_age_15_64,0.0000000000
7582,young_0_14,0.0000000000
7583,old_age_65_plus,0.0000000000
7583,working_age_15_64,0.0000000000
7583,young_0_14,0.0000000000
7584,old_age_65_plus,0.0000000000
7584,working_age_15_64,0.0000000000
7584,young_0_14,0.0000000000
7585,old_age_65_plus,0.0000000000
7585,working_age_15_64,0.0000000000
7585,young_0_14,0.0000000000
7586,old_age_65_plus,0.0000000000
7586,working_age_15_64,0.0000000000
7586,young_0_14,0.0000000000
7587,old_age_65_plus,0.0000000000
7587,working_age_15_64,0.0000000000
7587,young_0_14,0.0000000000
7588,old_age_65_plus,0.0000000000
7588,working_age_15_64,0.0000000000
7588,young_0_14,0.0000000000
7589,old_age_65_plus,0.0000000000
7589,working_age_15_64,0.0000000000
7589,young_0_14,0.0000000000
7590,old_age_65_plus,0.0000000000
7590,working_age_15_64,0.0000000000
7590,young_0_14,0.0000000000
7591,old_age_65_plus,0.0000000000
7591,working_age_15_64,0.0000000000
7591,young_0_14,0.0000000000
7592,old_age_65_plus,0.0000000000
7592,working_age_15_64,0.0000000000
7592,young_0_14,0.0000000000
7593,old_age_65_plus,0.0000000000
7593,working_age_15_64,0.0000000000
7593,young_0_14,0.0000000000
7594,old_age_65_plus,0.0000000000
7594,working_age_15_64,0.0000000000
7594,young_0_14,0.0000000000
7595,old_age_65_plus,0.0000000000
7595,working_age_15_64,0.0000000000
7595,young_0_14,0.0000000000
7596,old_age_65_plus,0.0000000000
7596,working_age_15_64,0.0000000000
7596,young_0_14,0.0000000000
7597,old_age_65_plus,0.0000000000
7597,working_age_15_64,0.0000000000
7597,young_0_14,0.0000000000
7598,old_age_65_plus,0.0000000000
7598,working_age_15_64,0.0000000000
7598,young_0_14,0.0000000000
7599,old_age_65_plus,0.0000000000
7599,working_age_15_64,0.0000000000
7599,young_0_14,0.0000000000
7600,old_age_65_plus,0.0000000000
7600,working_age_15_64,0.0000000000
7600,young_0_14,0.0000000000
7601,old_age_65_plus,0.0000000000
7601,working_age_15_64,0.0000000000
7601,young_0_14,0.0000000000
7602,old_age_65_plus,0.0000000000
7602,working_age_15_64,0.0000000000
7602,young_0_14,0.0000000000
7603,old_age_65_plus,0.0000000000
7603,working_age_15_64,0.0000000000
7603,young_0_14,0.0000000000
7604,old_age_65_plus,0.0000000000
7604,working_age_15_64,0.0000000000
7604,young_0_14,0.0000000000
7605,old_age_65_plus,0.0000000000
7605,working_age_15_64,0.0000000000
7605,young_0_14,0.0000000000
7606,old_age_65_plus,0.0000000000
7606,working_age_15_64,0.0000000000
7606,young_0_14,0.0000000000
7607,old_age_65_plus,0.0000000000
7607,working_age_15_64,0.0000000000
7607,young_0_14,0.0000000000
7608,old_age_65_plus,0.0000000000
7608,working_age_15_64,0.0000000000
7608,young_0_14,0.0000000000
7609,old_age_65_plus,0.0000000000
7609,working_age_15_64,0.0000000000
7609,young_0_14,0.0000000000
7610,old_age_65_plus,0.0000000000
7610,working_age_15_64,0.0000000000
7610,young_0_14,0.0000000000
7611,old_age_65_plus,0.0000000000
7611,working_age_15_64,0.0000000000
7611,young_0_14,0.0000000000
7612,old_age_65_plus,0.0000000000
7612,working_age_15_64,0.0000000000
7612,young_0_14,0.0000000000
7613,old_age_65_plus,0.0000000000
7613,working_age_15_64,0.0000000000
7613,young_0_14,0.0000000000
7614,old_age_65_plus,0.0000000000
7614,working_age_15_64,0.0000000000
7614,young_0_14,0.0000000000
7615,old_age_65_plus,0.0000000000
7615,working_age_15_64,0.0000000000
7615,young_0_14,0.0000000000
7616,old_age_65_plus,0.0000000000
7616,working_age_15_64,0.0000000000
7616,young_0_14,0.0000000000
7617,old_age_65_plus,0.0000000000
7617,working_age_15_64,0.0000000000
7617,young_0_14,0.0000000000
7618,old_age_65_plus,0.0000000000
7618,working_age_15_64,0.0000000000
7618,young_0_14,0.0000000000
7619,old_age_65_plus,0.0000000000
7619,working_age_15_64,0.0000000000
7619,young_0_14,0.0000000000
7620,old_age_65_plus,0.0000000000
7620,working_age_15_64,0.0000000000
7620,young_0_14,0.0000000000
7621,old_age_65_plus,0.0000000000
7621,working_age_15_64,0.0000000000
7621,young_0_14,0.0000000000
7622,old_age_65_plus,0.0000000000
7622,working_age_15_64,0.0000000000
7622,young_0_14,0.0000000000
7623,old_age_65_plus,0.0000000000
7623,working_age_15_64,0.0000000000
7623,young_0_14,0.0000000000
7624,old_age_65_plus,0.0000000000
7624,working_age_15_64,0.0000000000
7624,young_0_14,0.0000000000
7625,old_age_65_plus,0.0000000000
7625,working_age_15_64,0.0000000000
7625,young_0_14,0.0000000000
7626,old_age_65_plus,0.0000000000
7626,working_age_15_64,0.0000000000
7626,young_0_14,0.0000000000
7627,old_age_65_plus,0.0000000000
7627,working_age_15_64,0.0000000000
7627,young_0_14,0.0000000000
7628,old_age_65_plus,0.0000000000
7628,working_age_15_64,0.0000000000
7628,young_0_14,0.0000000000
7629,old_age_65_plus,0.0000000000
7629,working_age_15_64,0.0000000000
7629,young_0_14,0.0000000000
7630,old_age_65_plus,0.0000000000
7630,working_age_15_64,0.0000000000
7630,young_0_14,0.0000000000
7631,old_age_65_plus,0.0000000000
7631,working_age_15_64,0.0000000000
7631,young_0_14,0.0000000000
7632,old_age_65_plus,0.0000000000
7632,working_age_15_64,0.0000000000
7632,young_0_14,0.0000000000
7633,old_age_65_plus,0.0000000000
7633,working_age_15_64,0.0000000000
7633,young_0_14,0.0000000000
7634,old_age_65_plus,0.0000000000
7634,working_age_15_64,0.0000000000
7634,young_0_14,0.0000000000
7635,old_age_65_plus,0.0000000000
7635,working_age_15_64,0.0000000000
7635,young_0_14,0.0000000000
7636,old_age_65_plus,0.0000000000
7636,working_age_15_64,0.0000000000
7636,young_0_14,0.0000000000
7637,old_age_65_plus,0.0000000000
7637,working_age_15_64,0.0000000000
7637,young_0_14,0.0000000000
7638,old_age_65_plus,0.0000000000
7638,working_age_15_64,0.0000000000
7638,young_0_14,0.0000000000
7639,old_age_65_plus,0.0000000000
7639,working_age_15_64,0.0000000000
7639,young_0_14,0.0000000000
7640,old_age_65_plus,0.0000000000
7640,working_age_15_64,0.0000000000
7640,young_0_14,0.0000000000
7641,old_age_65_plus,0.0000000000
7641,working_age_15_64,0.0000000000
7641,young_0_14,0.0000000000
7642,old_age_65_plus,0.0000000000
7642,working_age_15_64,0.0000000000
7642,young_0_14,0.0000000000
7643,old_age_65_plus,0.0000000000
7643,working_age_15_64,0.0000000000
7643,young_0_14,0.0000000000
7644,old_age_65_plus,0.0000000000
7644,working_age_15_64,0.0000000000
7644,young_0_14,0.0000000000
7645,old_age_65_plus,0.0000000000
7645,working_age_15_64,0.0000000000
7645,young_0_14,0.0000000000
7646,old_age_65_plus,0.0000000000
7646,working_age_15_64,0.0000000000
7646,young_0_14,0.0000000000
7647,old_age_65_plus,0.0000000000
7647,working_age_15_64,0.0000000000
7647,young_0_14,0.0000000000
7648,old_age_65_plus,0.0000000000
7648,working_age_15_64,0.0000000000
7648,young_0_14,0.0000000000
7649,old_age_65_plus,0.0000000000
7649,working_age_15_64,0.0000000000
7649,young_0_14,0.0000000000
7650,old_age_65_plus,0.0000000000
7650,working_age_15_64,0.0000000000
7650,young_0_14,0.0000000000
7651,old_age_65_plus,0.0000000000
7651,working_age_15_64,0.0000000000
7651,young_0_14,0.0000000000
7652,old_age_65_plus,0.0000000000
7652,working_age_15_64,0.0000000000
7652,young_0_14,0.0000000000
7653,old_age_65_plus,0.0000000000
7653,working_age_15_64,0.0000000000
7653,young_0_14,0.0000000000
7654,old_age_65_plus,0.0000000000
7654,working_age_15_64,0.0000000000
7654,young_0_14,0.0000000000
7655,old_age_65_plus,0.0000000000
7655,working_age_15_64,0.0000000000
7655,young_0_14,0.0000000000
7656,old_age_65_plus,0.0000000000
7656,working_age_15_64,0.0000000000
7656,young_0_14,0.0000000000
7657,old_age_65_plus,0.0000000000
7657,working_age_15_64,0.0000000000
7657,young_0_14,0.0000000000
7658,old_age_65_plus,0.0000000000
7658,working_age_15_64,0.0000000000
7658,young_0_14,0.0000000000
7659,old_age_65_plus,0.0000000000
7659,working_age_15_64,0.0000000000
7659,young_0_14,0.0000000000
7660,old_age_65_plus,0.0000000000
7660,working_age_15_64,0.0000000000
7660,young_0_14,0.0000000000
7661,old_age_65_plus,0.0000000000
7661,working_age_15_64,0.0000000000
7661,young_0_14,0.0000000000
7662,old_age_65_plus,0.0000000000
7662,working_age_15_64,0.0000000000
7662,young_0_14,0.0000000000
7663,old_age_65_plus,0.0000000000
7663,working_age_15_64,0.0000000000
7663,young_0_14,0.0000000000
7664,old_age_65_plus,0.0000000000
7664,working_age_15_64,0.0000000000
7664,young_0_14,0.0000000000
7665,old_age_65_plus,0.0000000000
7665,working_age_15_64,0.0000000000
7665,young_0_14,0.0000000000
7666,old_age_65_plus,0.0000000000
7666,working_age_15_64,0.0000000000
7666,young_0_14,0.0000000000
7667,old_age_65_plus,0.0000000000
7667,working_age_15_64,0.0000000000
7667,young_0_14,0.0000000000
7668,old_age_65_plus,0.0000000000
7668,working_age_15_64,0.0000000000
7668,young_0_14,0.0000000000
7669,old_age_65_plus,0.0000000000
7669,working_age_15_64,0.0000000000
7669,young_0_14,0.0000000000
7670,old_age_65_plus,0.0000000000
7670,working_age_15_64,0.0000000000
7670,young_0_14,0.0000000000
7671,old_age_65_plus,0.0000000000
7671,working_age_15_64,0.0000000000
7671,young_0_14,0.0000000000
7672,old_age_65_plus,0.0000000000
7672,working_age_15_64,0.0000000000
7672,young_0_14,0.0000000000
7673,old_age_65_plus,0.0000000000
7673,working_age_15_64,0.0000000000
7673,young_0_14,0.0000000000
7674,old_age_65_plus,0.0000000000
7674,working_age_15_64,0.0000000000
7674,young_0_14,0.0000000000
7675,old_age_65_plus,0.0000000000
7675,working_age_15_64,0.0000000000
7675,young_0_14,0.0000000000
7676,old_age_65_plus,0.0000000000
7676,working_age_15_64,0.0000000000
7676,young_0_14,0.0000000000
7677,old_age_65_plus,0.0000000000
7677,working_age_15_64,0.0000000000
7677,young_0_14,0.0000000000
7678,old_age_65_plus,0.0000000000
7678,working_age_15_64,0.0000000000
7678,young_0_14,0.0000000000
7679,old_age_65_plus,0.0000000000
7679,working_age_15_64,0.0000000000
7679,young_0_14,0.0000000000
7680,old_age_65_plus,0.0000000000
7680,working_age_15_64,0.0000000000
7680,young_0_14,0.0000000000
7681,old_age_65_plus,0.0000000000
7681,working_age_15_64,0.0000000000
7681,young_0_14,0.0000000000
7682,old_age_65_plus,0.0000000000
7682,working_age_15_64,0.0000000000
7682,young_0_14,0.0000000000
7683,old_age_65_plus,0.0000000000
7683,working_age_15_64,0.0000000000
7683,young_0_14,0.0000000000
7684,old_age_65_plus,0.0000000000
7684,working_age_15_64,0.0000000000
7684,young_0_14,0.0000000000
7685,old_age_65_plus,0.0000000000
7685,working_age_15_64,0.0000000000
7685,young_0_14,0.0000000000
7686,old_age_65_plus,0.0000000000
7686,working_age_15_64,0.0000000000
7686,young_0_14,0.0000000000
7687,old_age_65_plus,0.0000000000
7687,working_age_15_64,0.0000000000
7687,young_0_14,0.0000000000
7688,old_age_65_plus,0.0000000000
7688,working_age_15_64,0.0000000000
7688,young_0_14,0.0000000000
7689,old_age_65_plus,0.0000000000
7689,working_age_15_64,0.0000000000
7689,young_0_14,0.0000000000
7690,old_age_65_plus,0.0000000000
7690,working_age_15_64,0.0000000000
7690,young_0_14,0.0000000000
7691,old_age_65_plus,0.0000000000
7691,working_age_15_64,0.0000000000
7691,young_0_14,0.0000000000
7692,old_age_65_plus,0.0000000000
7692,working_age_15_64,0.0000000000
7692,young_0_14,0.0000000000
7693,old_age_65_plus,0.0000000000
7693,working_age_15_64,0.0000000000
7693,young_0_14,0.0000000000
7694,old_age_65_plus,0.0000000000
7694,working_age_15_64,0.0000000000
7694,young_0_14,0.0000000000
7695,old_age_65_plus,0.0000000000
7695,working_age_15_64,0.0000000000
7695,young_0_14,0.0000000000
7696,old_age_65_plus,0.0000000000
7696,working_age_15_64,0.0000000000
7696,young_0_14,0.0000000000
7697,old_age_65_plus,0.0000000000
7697,working_age_15_64,0.0000000000
7697,young_0_14,0.0000000000
7698,old_age_65_plus,0.0000000000
7698,working_age_15_64,0.0000000000
7698,young_0_14,0.0000000000
7699,old_age_65_plus,0.0000000000
7699,working_age_15_64,0.0000000000
7699,young_0_14,0.0000000000
7700,old_age_65_plus,0.0000000000
7700,working_age_15_64,0.0000000000
7700,young_0_14,0.0000000000
7701,old_age_65_plus,0.0000000000
7701,working_age_15_64,0.0000000000
7701,young_0_14,0.0000000000
7702,old_age_65_plus,0.0000000000
7702,working_age_15_64,0.0000000000
7702,young_0_14,0.0000000000
7703,old_age_65_plus,0.0000000000
7703,working_age_15_64,0.0000000000
7703,young_0_14,0.0000000000
7704,old_age_65_plus,0.0000000000
7704,working_age_15_64,0.0000000000
7704,young_0_14,0.0000000000
7705,old_age_65_plus,0.0000000000
7705,working_age_15_64,0.0000000000
7705,young_0_14,0.0000000000
7706,old_age_65_plus,0.0000000000
7706,working_age_15_64,0.0000000000
7706,young_0_14,0.0000000000
7707,old_age_65_plus,0.0000000000
7707,working_age_15_64,0.0000000000
7707,young_0_14,0.0000000000
7708,old_age_65_plus,0.0000000000
7708,working_age_15_64,0.0000000000
7708,young_0_14,0.0000000000
7709,old_age_65_plus,0.0000000000
7709,working_age_15_64,0.0000000000
7709,young_0_14,0.0000000000
7710,old_age_65_plus,0.0000000000
7710,working_age_15_64,0.0000000000
7710,young_0_14,0.0000000000
7711,old_age_65_plus,0.0000000000
7711,working_age_15_64,0.0000000000
7711,young_0_14,0.0000000000
7712,old_age_65_plus,0.0000000000
7712,working_age_15_64,0.0000000000
7712,young_0_14,0.0000000000
7713,old_age_65_plus,0.0000000000
7713,working_age_15_64,0.0000000000
7713,young_0_14,0.0000000000
7714,old_age_65_plus,0.0000000000
7714,working_age_15_64,0.0000000000
7714,young_0_14,0.0000000000
7715,old_age_65_plus,0.0000000000
7715,working_age_15_64,0.0000000000
7715,young_0_14,0.0000000000
7716,old_age_65_plus,0.0000000000
7716,working_age_15_64,0.0000000000
7716,young_0_14,0.0000000000
7717,old_age_65_plus,0.0000000000
7717,working_age_15_64,0.0000000000
7717,young_0_14,0.0000000000
7718,old_age_65_plus,0.0000000000
7718,working_age_15_64,0.0000000000
7718,young_0_14,0.0000000000
7719,old_age_65_plus,0.0000000000
7719,working_age_15_64,0.0000000000
7719,young_0_14,0.0000000000
7720,old_age_65_plus,0.0000000000
7720,working_age_15_64,0.0000000000
7720,young_0_14,0.0000000000
7721,old_age_65_plus,0.0000000000
7721,working_age_15_64,0.0000000000
7721,young_0_14,0.0000000000
7722,old_age_65_plus,0.0000000000
7722,working_age_15_64,0.0000000000
7722,young_0_14,0.0000000000
7723,old_age_65_plus,0.0000000000
7723,working_age_15_64,0.0000000000
7723,young_0_14,0.0000000000
7724,old_age_65_plus,0.0000000000
7724,working_age_15_64,0.0000000000
7724,young_0_14,0.0000000000
7725,old_age_65_plus,0.0000000000
7725,working_age_15_64,0.0000000000
7725,young_0_14,0.0000000000
7726,old_age_65_plus,0.0000000000
7726,working_age_15_64,0.0000000000
7726,young_0_14,0.0000000000
7727,old_age_65_plus,0.0000000000
7727,working_age_15_64,0.0000000000
7727,young_0_14,0.0000000000
7728,old_age_65_plus,0.0000000000
7728,working_age_15_64,0.0000000000
7728,young_0_14,0.0000000000
7729,old_age_65_plus,0.0000000000
7729,working_age_15_64,0.0000000000
7729,young_0_14,0.0000000000
7730,old_age_65_plus,0.0000000000
7730,working_age_15_64,0.0000000000
7730,young_0_14,0.0000000000
7731,old_age_65_plus,0.0000000000
7731,working_age_15_64,0.0000000000
7731,young_0_14,0.0000000000
7732,old_age_65_plus,0.0000000000
7732,working_age_15_64,0.0000000000
7732,young_0_14,0.0000000000
7733,old_age_65_plus,0.0000000000
7733,working_age_15_64,0.0000000000
7733,young_0_14,0.0000000000
7734,old_age_65_plus,0.0000000000
7734,working_age_15_64,0.0000000000
7734,young_0_14,0.0000000000
7735,old_age_65_plus,0.0000000000
7735,working_age_15_64,0.0000000000
7735,young_0_14,0.0000000000
7736,old_age_65_plus,0.0000000000
7736,working_age_15_64,0.0000000000
7736,young_0_14,0.0000000000
7737,old_age_65_plus,0.0000000000
7737,working_age_15_64,0.0000000000
7737,young_0_14,0.0000000000
7738,old_age_65_plus,0.0000000000
7738,working_age_15_64,0.0000000000
7738,young_0_14,0.0000000000
7739,old_age_65_plus,0.0000000000
7739,working_age_15_64,0.0000000000
7739,young_0_14,0.0000000000
7740,old_age_65_plus,0.0000000000
7740,working_age_15_64,0.0000000000
7740,young_0_14,0.0000000000
7741,old_age_65_plus,0.0000000000
7741,working_age_15_64,0.0000000000
7741,young_0_14,0.0000000000
7742,old_age_65_plus,0.0000000000
7742,working_age_15_64,0.0000000000
7742,young_0_14,0.0000000000
7743,old_age_65_plus,0.0000000000
7743,working_age_15_64,0.0000000000
7743,young_0_14,0.0000000000
7744,old_age_65_plus,0.0000000000
7744,working_age_15_64,0.0000000000
7744,young_0_14,0.0000000000
7745,old_age_65_plus,0.0000000000
7745,working_age_15_64,0.0000000000
7745,young_0_14,0.0000000000
7746,old_age_65_plus,0.0000000000
7746,working_age_15_64,0.0000000000
7746,young_0_14,0.0000000000
7747,old_age_65_plus,0.0000000000
7747,working_age_15_64,0.0000000000
7747,young_0_14,0.0000000000
7748,old_age_65_plus,0.0000000000
7748,working_age_15_64,0.0000000000
7748,young_0_14,0.0000000000
7749,old_age_65_plus,0.0000000000
7749,working_age_15_64,0.0000000000
7749,young_0_14,0.0000000000
7750,old_age_65_plus,0.0000000000
7750,working_age_15_64,0.0000000000
7750,young_0_14,0.0000000000
7751,old_age_65_plus,0.0000000000
7751,working_age_15_64,0.0000000000
7751,young_0_14,0.0000000000
7752,old_age_65_plus,0.0000000000
7752,working_age_15_64,0.0000000000
7752,young_0_14,0.0000000000
7753,old_age_65_plus,0.0000000000
7753,working_age_15_64,0.0000000000
7753,young_0_14,0.0000000000
7754,old_age_65_plus,0.0000000000
7754,working_age_15_64,0.0000000000
7754,young_0_14,0.0000000000
7755,old_age_65_plus,0.0000000000
7755,working_age_15_64,0.0000000000
7755,young_0_14,0.0000000000
7756,old_age_65_plus,0.0000000000
7756,working_age_15_64,0.0000000000
7756,young_0_14,0.0000000000
7757,old_age_65_plus,0.0000000000
7757,working_age_15_64,0.0000000000
7757,young_0_14,0.0000000000
7758,old_age_65_plus,0.0000000000
7758,working_age_15_64,0.0000000000
7758,young_0_14,0.0000000000
7759,old_age_65_plus,0.0000000000
7759,working_age_15_64,0.0000000000
7759,young_0_14,0.0000000000
7760,old_age_65_plus,0.0000000000
7760,working_age_15_64,0.0000000000
7760,young_0_14,0.0000000000
7761,old_age_65_plus,0.0000000000
7761,working_age_15_64,0.0000000000
7761,young_0_14,0.0000000000
7762,old_age_65_plus,0.0000000000
7762,working_age_15_64,0.0000000000
7762,young_0_14,0.0000000000
7763,old_age_65_plus,0.0000000000
7763,working_age_15_64,0.0000000000
7763,young_0_14,0.0000000000
7764,old_age_65_plus,0.0000000000
7764,working_age_15_64,0.0000000000
7764,young_0_14,0.0000000000
7765,old_age_65_plus,0.0000000000
7765,working_age_15_64,0.0000000000
7765,young_0_14,0.0000000000
7766,old_age_65_plus,0.0000000000
7766,working_age_15_64,0.0000000000
7766,young_0_14,0.0000000000
7767,old_age_65_plus,0.0000000000
7767,working_age_15_64,0.0000000000
7767,young_0_14,0.0000000000
7768,old_age_65_plus,0.0000000000
7768,working_age_15_64,0.0000000000
7768,young_0_14,0.0000000000
7769,old_age_65_plus,0.0000000000
7769,working_age_15_64,0.0000000000
7769,young_0_14,0.0000000000
7770,old_age_65_plus,0.0000000000
7770,working_age_15_64,0.0000000000
7770,young_0_14,0.0000000000
7771,old_age_65_plus,0.0000000000
7771,working_age_15_64,0.0000000000
7771,young_0_14,0.0000000000
7772,old_age_65_plus,0.0000000000
7772,working_age_15_64,0.0000000000
7772,young_0_14,0.0000000000
7773,old_age_65_plus,0.0000000000
7773,working_age_15_64,0.0000000000
7773,young_0_14,0.0000000000
7774,old_age_65_plus,0.0000000000
7774,working_age_15_64,0.0000000000
7774,young_0_14,0.0000000000
7775,old_age_65_plus,0.0000000000
7775,working_age_15_64,0.0000000000
7775,young_0_14,0.0000000000
7776,old_age_65_plus,0.0000000000
7776,working_age_15_64,0.0000000000
7776,young_0_14,0.0000000000
7777,old_age_65_plus,0.0000000000
7777,working_age_15_64,0.0000000000
7777,young_0_14,0.0000000000
7778,old_age_65_plus,0.0000000000
7778,working_age_15_64,0.0000000000
7778,young_0_14,0.0000000000
7779,old_age_65_plus,0.0000000000
7779,working_age_15_64,0.0000000000
7779,young_0_14,0.0000000000
7780,old_age_65_plus,0.0000000000
7780,working_age_15_64,0.0000000000
7780,young_0_14,0.0000000000
7781,old_age_65_plus,0.0000000000
7781,working_age_15_64,0.0000000000
7781,young_0_14,0.0000000000
7782,old_age_65_plus,0.0000000000
7782,working_age_15_64,0.0000000000
7782,young_0_14,0.0000000000
7783,old_age_65_plus,0.0000000000
7783,working_age_15_64,0.0000000000
7783,young_0_14,0.0000000000
7784,old_age_65_plus,0.0000000000
7784,working_age_15_64,0.0000000000
7784,young_0_14,0.0000000000
7785,old_age_65_plus,0.0000000000
7785,working_age_15_64,0.0000000000
7785,young_0_14,0.0000000000
7786,old_age_65_plus,0.0000000000
7786,working_age_15_64,0.0000000000
7786,young_0_14,0.0000000000
7787,old_age_65_plus,0.0000000000
7787,working_age_15_64,0.0000000000
7787,young_0_14,0.0000000000
7788,old_age_65_plus,0.0000000000
7788,working_age_15_64,0.0000000000
7788,young_0_14,0.0000000000
7789,old_age_65_plus,0.0000000000
7789,working_age_15_64,0.0000000000
7789,young_0_14,0.0000000000
7790,old_age_65_plus,0.0000000000
7790,working_age_15_64,0.0000000000
7790,young_0_14,0.0000000000
7791,old_age_65_plus,0.0000000000
7791,working_age_15_64,0.0000000000
7791,young_0_14,0.0000000000
7792,old_age_65_plus,0.0000000000
7792,working_age_15_64,0.0000000000
7792,young_0_14,0.0000000000
7793,old_age_65_plus,0.0000000000
7793,working_age_15_64,0.0000000000
7793,young_0_14,0.0000000000
7794,old_age_65_plus,0.0000000000
7794,working_age_15_64,0.0000000000
7794,young_0_14,0.0000000000
7795,old_age_65_plus,0.0000000000
7795,working_age_15_64,0.0000000000
7795,young_0_14,0.0000000000
7796,old_age_65_plus,0.0000000000
7796,working_age_15_64,0.0000000000
7796,young_0_14,0.0000000000
7797,old_age_65_plus,0.0000000000
7797,working_age_15_64,0.0000000000
7797,young_0_14,0.0000000000
7798,old_age_65_plus,0.0000000000
7798,working_age_15_64,0.0000000000
7798,young_0_14,0.0000000000
7799,old_age_65_plus,0.0000000000
7799,working_age_15_64,0.0000000000
7799,young_0_14,0.0000000000
7800,old_age_65_plus,0.0000000000
7800,working_age_15_64,0.0000000000
7800,young_0_14,0.0000000000
7801,old_age_65_plus,0.0000000000
7801,working_age_15_64,0.0000000000
7801,young_0_14,0.0000000000
7802,old_age_65_plus,0.0000000000
7802,working_age_15_64,0.0000000000
7802,young_0_14,0.0000000000
7803,old_age_65_plus,0.0000000000
7803,working_age_15_64,0.0000000000
7803,young_0_14,0.0000000000
7804,old_age_65_plus,0.0000000000
7804,working_age_15_64,0.0000000000
7804,young_0_14,0.0000000000
7805,old_age_65_plus,0.0000000000
7805,working_age_15_64,0.0000000000
7805,young_0_14,0.0000000000
7806,old_age_65_plus,0.0000000000
7806,working_age_15_64,0.0000000000
7806,young_0_14,0.0000000000
7807,old_age_65_plus,0.0000000000
7807,working_age_15_64,0.0000000000
7807,young_0_14,0.0000000000
7808,old_age_65_plus,0.0000000000
7808,working_age_15_64,0.0000000000
7808,young_0_14,0.0000000000
7809,old_age_65_plus,0.0000000000
7809,working_age_15_64,0.0000000000
7809,young_0_14,0.0000000000
7810,old_age_65_plus,0.0000000000
7810,working_age_15_64,0.0000000000
7810,young_0_14,0.0000000000
7811,old_age_65_plus,0.0000000000
7811,working_age_15_64,0.0000000000
7811,young_0_14,0.0000000000
7812,old_age_65_plus,0.0000000000
7812,working_age_15_64,0.0000000000
7812,young_0_14,0.0000000000
7813,old_age_65_plus,0.0000000000
7813,working_age_15_64,0.0000000000
7813,young_0_14,0.0000000000
7814,old_age_65_plus,0.0000000000
7814,working_age_15_64,0.0000000000
7814,young_0_14,0.0000000000
7815,old_age_65_plus,0.0000000000
7815,working_age_15_64,0.0000000000
7815,young_0_14,0.0000000000
7816,old_age_65_plus,0.0000000000
7816,working_age_15_64,0.0000000000
7816,young_0_14,0.0000000000
7817,old_age_65_plus,0.0000000000
7817,working_age_15_64,0.0000000000
7817,young_0_14,0.0000000000
7818,old_age_65_plus,0.0000000000
7818,working_age_15_64,0.0000000000
7818,young_0_14,0.0000000000
7819,old_age_65_plus,0.0000000000
7819,working_age_15_64,0.0000000000
7819,young_0_14,0.0000000000
7820,old_age_65_plus,0.0000000000
7820,working_age_15_64,0.0000000000
7820,young_0_14,0.0000000000
7821,old_age_65_plus,0.0000000000
7821,working_age_15_64,0.0000000000
7821,young_0_14,0.0000000000
7822,old_age_65_plus,0.0000000000
7822,working_age_15_64,0.0000000000
7822,young_0_14,0.0000000000
7823,old_age_65_plus,0.0000000000
7823,working_age_15_64,0.0000000000
7823,young_0_14,0.0000000000
7824,old_age_65_plus,0.0000000000
7824,working_age_15_64,0.0000000000
7824,young_0_14,0.0000000000
7825,old_age_65_plus,0.0000000000
7825,working_age_15_64,0.0000000000
7825,young_0_14,0.0000000000
7826,old_age_65_plus,0.0000000000
7826,working_age_15_64,0.0000000000
7826,young_0_14,0.0000000000
7827,old_age_65_plus,0.0000000000
7827,working_age_15_64,0.0000000000
7827,young_0_14,0.0000000000
7828,old_age_65_plus,0.0000000000
7828,working_age_15_64,0.0000000000
7828,young_0_14,0.0000000000
7829,old_age_65_plus,0.0000000000
7829,working_age_15_64,0.0000000000
7829,young_0_14,0.0000000000
7830,old_age_65_plus,0.0000000000
7830,working_age_15_64,0.0000000000
7830,young_0_14,0.0000000000
7831,old_age_65_plus,0.0000000000
7831,working_age_15_64,0.0000000000
7831,young_0_14,0.0000000000
7832,old_age_65_plus,0.0000000000
7832,working_age_15_64,0.0000000000
7832,young_0_14,0.0000000000
7833,old_age_65_plus,0.0000000000
7833,working_age_15_64,0.0000000000
7833,young_0_14,0.0000000000
7834,old_age_65_plus,0.0000000000
7834,working_age_15_64,0.0000000000
7834,young_0_14,0.0000000000
7835,old_age_65_plus,0.0000000000
7835,working_age_15_64,0.0000000000
7835,young_0_14,0.0000000000
7836,old_age_65_plus,0.0000000000
7836,working_age_15_64,0.0000000000
7836,young_0_14,0.0000000000
7837,old_age_65_plus,0.0000000000
7837,working_age_15_64,0.0000000000
7837,young_0_14,0.0000000000
7838,old_age_65_plus,0.0000000000
7838,working_age_15_64,0.0000000000
7838,young_0_14,0.0000000000
7839,old_age_65_plus,0.0000000000
7839,working_age_15_64,0.0000000000
7839,young_0_14,0.0000000000
7840,old_age_65_plus,0.0000000000
7840,working_age_15_64,0.0000000000
7840,young_0_14,0.0000000000
7841,old_age_65_plus,0.0000000000
7841,working_age_15_64,0.0000000000
7841,young_0_14,0.0000000000
7842,old_age_65_plus,0.0000000000
7842,working_age_15_64,0.0000000000
7842,young_0_14,0.0000000000
7843,old_age_65_plus,0.0000000000
7843,working_age_15_64,0.0000000000
7843,young_0_14,0.0000000000
7844,old_age_65_plus,0.0000000000
7844,working_age_15_64,0.0000000000
7844,young_0_14,0.0000000000
7845,old_age_65_plus,0.0000000000
7845,working_age_15_64,0.0000000000
7845,young_0_14,0.0000000000
7846,old_age_65_plus,0.0000000000
7846,working_age_15_64,0.0000000000
7846,young_0_14,0.0000000000
7847,old_age_65_plus,0.0000000000
7847,working_age_15_64,0.0000000000
7847,young_0_14,0.0000000000
7848,old_age_65_plus,0.0000000000
7848,working_age_15_64,0.0000000000
7848,young_0_14,0.0000000000
7849,old_age_65_plus,0.0000000000
7849,working_age_15_64,0.0000000000
7849,young_0_14,0.0000000000
7850,old_age_65_plus,0.0000000000
7850,working_age_15_64,0.0000000000
7850,young_0_14,0.0000000000
7851,old_age_65_plus,0.0000000000
7851,working_age_15_64,0.0000000000
7851,young_0_14,0.0000000000
7852,old_age_65_plus,0.0000000000
7852,working_age_15_64,0.0000000000
7852,young_0_14,0.0000000000
7853,old_age_65_plus,0.0000000000
7853,working_age_15_64,0.0000000000
7853,young_0_14,0.0000000000
7854,old_age_65_plus,0.0000000000
7854,working_age_15_64,0.0000000000
7854,young_0_14,0.0000000000
7855,old_age_65_plus,0.0000000000
7855,working_age_15_64,0.0000000000
7855,young_0_14,0.0000000000
7856,old_age_65_plus,0.0000000000
7856,working_age_15_64,0.0000000000
7856,young_0_14,0.0000000000
7857,old_age_65_plus,0.0000000000
7857,working_age_15_64,0.0000000000
7857,young_0_14,0.0000000000
7858,old_age_65_plus,0.0000000000
7858,working_age_15_64,0.0000000000
7858,young_0_14,0.0000000000
7859,old_age_65_plus,0.0000000000
7859,working_age_15_64,0.0000000000
7859,young_0_14,0.0000000000
7860,old_age_65_plus,0.0000000000
7860,working_age_15_64,0.0000000000
7860,young_0_14,0.0000000000
7861,old_age_65_plus,0.0000000000
7861,working_age_15_64,0.0000000000
7861,young_0_14,0.0000000000
7862,old_age_65_plus,0.0000000000
7862,working_age_15_64,0.0000000000
7862,young_0_14,0.0000000000
7863,old_age_65_plus,0.0000000000
7863,working_age_15_64,0.0000000000
7863,young_0_14,0.0000000000
7864,old_age_65_plus,0.0000000000
7864,working_age_15_64,0.0000000000
7864,young_0_14,0.0000000000
7865,old_age_65_plus,0.0000000000
7865,working_age_15_64,0.0000000000
7865,young_0_14,0.0000000000
7866,old_age_65_plus,0.0000000000
7866,working_age_15_64,0.0000000000
7866,young_0_14,0.0000000000
7867,old_age_65_plus,0.0000000000
7867,working_age_15_64,0.0000000000
7867,young_0_14,0.0000000000
7868,old_age_65_plus,0.0000000000
7868,working_age_15_64,0.0000000000
7868,young_0_14,0.0000000000
7869,old_age_65_plus,0.0000000000
7869,working_age_15_64,0.0000000000
7869,young_0_14,0.0000000000
7870,old_age_65_plus,0.0000000000
7870,working_age_15_64,0.0000000000
7870,young_0_14,0.0000000000
7871,old_age_65_plus,0.0000000000
7871,working_age_15_64,0.0000000000
7871,young_0_14,0.0000000000
7872,old_age_65_plus,0.0000000000
7872,working_age_15_64,0.0000000000
7872,young_0_14,0.0000000000
7873,old_age_65_plus,0.0000000000
7873,working_age_15_64,0.0000000000
7873,young_0_14,0.0000000000
7874,old_age_65_plus,0.0000000000
7874,working_age_15_64,0.0000000000
7874,young_0_14,0.0000000000
7875,old_age_65_plus,0.0000000000
7875,working_age_15_64,0.0000000000
7875,young_0_14,0.0000000000
7876,old_age_65_plus,0.0000000000
7876,working_age_15_64,0.0000000000
7876,young_0_14,0.0000000000
7877,old_age_65_plus,0.0000000000
7877,working_age_15_64,0.0000000000
7877,young_0_14,0.0000000000
7878,old_age_65_plus,0.0000000000
7878,working_age_15_64,0.0000000000
7878,young_0_14,0.0000000000
7879,old_age_65_plus,0.0000000000
7879,working_age_15_64,0.0000000000
7879,young_0_14,0.0000000000
7880,old_age_65_plus,0.0000000000
7880,working_age_15_64,0.0000000000
7880,young_0_14,0.0000000000
7881,old_age_65_plus,0.0000000000
7881,working_age_15_64,0.0000000000
7881,young_0_14,0.0000000000
7882,old_age_65_plus,0.0000000000
7882,working_age_15_64,0.0000000000
7882,young_0_14,0.0000000000
7883,old_age_65_plus,0.0000000000
7883,working_age_15_64,0.0000000000
7883,young_0_14,0.0000000000
7884,old_age_65_plus,0.0000000000
7884,working_age_15_64,0.0000000000
7884,young_0_14,0.0000000000
7885,old_age_65_plus,0.0000000000
7885,working_age_15_64,0.0000000000
7885,young_0_14,0.0000000000
7886,old_age_65_plus,0.0000000000
7886,working_age_15_64,0.0000000000
7886,young_0_14,0.0000000000
7887,old_age_65_plus,0.0000000000
7887,working_age_15_64,0.0000000000
7887,young_0_14,0.0000000000
7888,old_age_65_plus,0.0000000000
7888,working_age_15_64,0.0000000000
7888,young_0_14,0.0000000000
7889,old_age_65_plus,0.0000000000
7889,working_age_15_64,0.0000000000
7889,young_0_14,0.0000000000
7890,old_age_65_plus,0.0000000000
7890,working_age_15_64,0.0000000000
7890,young_0_14,0.0000000000
7891,old_age_65_plus,0.0000000000
7891,working_age_15_64,0.0000000000
7891,young_0_14,0.0000000000
7892,old_age_65_plus,0.0000000000
7892,working_age_15_64,0.0000000000
7892,young_0_14,0.0000000000
7893,old_age_65_plus,0.0000000000
7893,working_age_15_64,0.0000000000
7893,young_0_14,0.0000000000
7894,old_age_65_plus,0.0000000000
7894,working_age_15_64,0.0000000000
7894,young_0_14,0.0000000000
7895,old_age_65_plus,0.0000000000
7895,working_age_15_64,0.0000000000
7895,young_0_14,0.0000000000
7896,old_age_65_plus,0.0000000000
7896,working_age_15_64,0.0000000000
7896,young_0_14,0.0000000000
7897,old_age_65_plus,0.0000000000
7897,working_age_15_64,0.0000000000
7897,young_0_14,0.0000000000
7898,old_age_65_plus,0.0000000000
7898,working_age_15_64,0.0000000000
7898,young_0_14,0.0000000000
7899,old_age_65_plus,0.0000000000
7899,working_age_15_64,0.0000000000
7899,young_0_14,0.0000000000
7900,old_age_65_plus,0.0000000000
7900,working_age_15_64,0.0000000000
7900,young_0_14,0.0000000000
7901,old_age_65_plus,0.0000000000
7901,working_age_15_64,0.0000000000
7901,young_0_14,0.0000000000
7902,old_age_65_plus,0.0000000000
7902,working_age_15_64,0.0000000000
7902,young_0_14,0.0000000000
7903,old_age_65_plus,0.0000000000
7903,working_age_15_64,0.0000000000
7903,young_0_14,0.0000000000
7904,old_age_65_plus,0.0000000000
7904,working_age_15_64,0.0000000000
7904,young_0_14,0.0000000000
7905,old_age_65_plus,0.0000000000
7905,working_age_15_64,0.0000000000
7905,young_0_14,0.0000000000
7906,old_age_65_plus,0.0000000000
7906,working_age_15_64,0.0000000000
7906,young_0_14,0.0000000000
7907,old_age_65_plus,0.0000000000
7907,working_age_15_64,0.0000000000
7907,young_0_14,0.0000000000
7908,old_age_65_plus,0.0000000000
7908,working_age_15_64,0.0000000000
7908,young_0_14,0.0000000000
7909,old_age_65_plus,0.0000000000
7909,working_age_15_64,0.0000000000
7909,young_0_14,0.0000000000
7910,old_age_65_plus,0.0000000000
7910,working_age_15_64,0.0000000000
7910,young_0_14,0.0000000000
7911,old_age_65_plus,0.0000000000
7911,working_age_15_64,0.0000000000
7911,young_0_14,0.0000000000
7912,old_age_65_plus,0.0000000000
7912,working_age_15_64,0.0000000000
7912,young_0_14,0.0000000000
7913,old_age_65_plus,0.0000000000
7913,working_age_15_64,0.0000000000
7913,young_0_14,0.0000000000
7914,old_age_65_plus,0.0000000000
7914,working_age_15_64,0.0000000000
7914,young_0_14,0.0000000000
7915,old_age_65_plus,0.0000000000
7915,working_age_15_64,0.0000000000
7915,young_0_14,0.0000000000
7916,old_age_65_plus,0.0000000000
7916,working_age_15_64,0.0000000000
7916,young_0_14,0.0000000000
7917,old_age_65_plus,0.0000000000
7917,working_age_15_64,0.0000000000
7917,young_0_14,0.0000000000
7918,old_age_65_plus,0.0000000000
7918,working_age_15_64,0.0000000000
7918,young_0_14,0.0000000000
7919,old_age_65_plus,0.0000000000
7919,working_age_15_64,0.0000000000
7919,young_0_14,0.0000000000
7920,old_age_65_plus,0.0000000000
7920,working_age_15_64,0.0000000000
7920,young_0_14,0.0000000000
7921,old_age_65_plus,0.0000000000
7921,working_age_15_64,0.0000000000
7921,young_0_14,0.0000000000
7922,old_age_65_plus,0.0000000000
7922,working_age_15_64,0.0000000000
7922,young_0_14,0.0000000000
7923,old_age_65_plus,0.0000000000
7923,working_age_15_64,0.0000000000
7923,young_0_14,0.0000000000
7924,old_age_65_plus,0.0000000000
7924,working_age_15_64,0.0000000000
7924,young_0_14,0.0000000000
7925,old_age_65_plus,0.0000000000
7925,working_age_15_64,0.0000000000
7925,young_0_14,0.0000000000
7926,old_age_65_plus,0.0000000000
7926,working_age_15_64,0.0000000000
7926,young_0_14,0.0000000000
7927,old_age_65_plus,0.0000000000
7927,working_age_15_64,0.0000000000
7927,young_0_14,0.0000000000
7928,old_age_65_plus,0.0000000000
7928,working_age_15_64,0.0000000000
7928,young_0_14,0.0000000000
7929,old_age_65_plus,0.0000000000
7929,working_age_15_64,0.0000000000
7929,young_0_14,0.0000000000
7930,old_age_65_plus,0.0000000000
7930,working_age_15_64,0.0000000000
7930,young_0_14,0.0000000000
7931,old_age_65_plus,0.0000000000
7931,working_age_15_64,0.0000000000
7931,young_0_14,0.0000000000
7932,old_age_65_plus,0.0000000000
7932,working_age_15_64,0.0000000000
7932,young_0_14,0.0000000000
7933,old_age_65_plus,0.0068984332
7933,working_age_15_64,0.0798803782
7933,young_0_14,0.0230189659
